date,Baseline_CVaR,SPY
2020-01-02,0.0,0.009294901071624036
2020-01-03,0.0,-0.007577063776321102
2020-01-06,0.0,0.003795708357927039
2020-01-07,0.0,-0.0028202133851003867
2020-01-08,0.0,0.0053315576037482855
2020-01-09,0.0,0.006732685499400127
2020-01-10,0.0,-0.002860851557013202
2020-01-13,0.0,0.006839109025030706
2020-01-14,0.0,-0.0015231286676941974
2020-01-15,0.0,0.002250762237089151
2020-01-16,0.0,0.008297163364271753
2020-01-17,0.0,0.0031101169264387933
2020-01-21,0.0,-0.00196315869744338
2020-01-22,0.0,0.00013099721649649856
2020-01-23,0.0,0.0011454942423253266
2020-01-24,0.0,-0.008936844865314294
2020-01-27,0.0,-0.016169630667084947
2020-01-28,0.0,0.010443697800353096
2020-01-29,0.0,-0.000830164918420664
2020-01-30,0.0,0.0032171965196380807
2020-01-31,0.0,-0.018312959561994444
2020-02-03,0.0,0.0073922583862424535
2020-02-04,0.0,0.015150294765973314
2020-02-05,0.0,0.011474783305540099
2020-02-06,0.0,0.0033519402651628126
2020-02-07,0.0,-0.005342380287331951
2020-02-10,0.0,0.007451914538200753
2020-02-11,0.0,0.0017167942282560224
2020-02-12,0.0,0.006419894619965799
2020-02-13,0.0,-0.0010617590804578249
2020-02-14,0.0,0.0016082862355634873
2020-02-18,0.0,-0.002606724246265204
2020-02-19,0.0,0.0047898508356952925
2020-02-20,0.0,-0.0041133806953817026
2020-02-21,0.0,-0.010358090925837511
2020-02-24,0.0,-0.03371756481451661
2020-02-25,0.0,-0.030790588679342677
2020-02-26,0.0,-0.003685550571455799
2020-02-27,0.0,-0.045939625828817866
2020-02-28,0.0,-0.004202992134601509
2020-03-02,0.0,0.0423795269079885
2020-03-03,0.0,-0.02906394471355994
2020-03-04,0.0,0.04120645259087738
2020-03-05,0.0,-0.033825016609429055
2020-03-06,0.0,-0.016676397971093406
2020-03-09,0.0,-0.08131719960824288
2020-03-10,0.0,0.050460042648838
2020-03-11,0.0,-0.04998534031783829
2020-03-12,0.0,-0.10056024341216814
2020-03-13,0.0,0.08203897793369747
2020-03-16,0.0,-0.11588624177526893
2020-03-17,0.0,0.05256369269937857
2020-03-18,0.0,-0.05193055230196202
2020-03-19,0.0,0.0021226156778380014
2020-03-20,0.0,-0.0440868147768702
2020-03-23,0.0,-0.02588615815165279
2020-03-24,0.0,0.08674926277488505
2020-03-25,0.0,0.014839876903658431
2020-03-26,0.0,0.0567552281820669
2020-03-27,0.0,-0.03022847384863813
2020-03-30,0.0,0.031961505023050826
2020-03-31,-0.012976010584391122,-0.01503662806492915
2020-04-01,-0.04345839476181187,-0.04603385913074514
2020-04-02,0.029277167162506796,0.02278930615861338
2020-04-03,-0.01955580470141703,-0.014540846884264087
2020-04-06,0.0645552805605272,0.06499206482879928
2020-04-07,-0.007749943523090689,0.0010176874949699062
2020-04-08,0.03347304380523386,0.03301554342384118
2020-04-09,0.011736284904746777,0.015119542607006806
2020-04-13,-0.011224079216830555,-0.009153827673010427
2020-04-14,0.02993317998981097,0.02904008321886163
2020-04-15,-0.020274312774426685,-0.021477284034911923
2020-04-16,0.003635719187380555,0.004804162507962022
2020-04-17,0.023244815571667014,0.026658075890840145
2020-04-20,-0.0144880673437082,-0.017769470511975295
2020-04-21,-0.02944573137064585,-0.030809967705776136
2020-04-22,0.018778377875644212,0.021921362326911376
2020-04-23,0.003111626687164044,-3.865107740351249e-05
2020-04-24,0.0138950611429613,0.013818736707596063
2020-04-27,0.015035408215498347,0.014307045447250874
2020-04-28,-0.010240523009306118,-0.004595284744652713
2020-04-29,0.018611931723795366,0.02582639955989846
2020-04-30,-0.010544874352259828,-0.009351562356393442
2020-05-01,-0.025999166990383484,-0.02683487142395402
2020-05-04,0.0004828934341744352,0.002780795270416193
2020-05-05,0.008064872647622415,0.009201299321900872
2020-05-06,-0.005530954237269395,-0.006807635685413543
2020-05-07,0.002955722839250632,0.011995617246470577
2020-05-08,0.016490739917437967,0.016400821332704006
2020-05-11,-0.0013673482976619576,0.00022129605814506141
2020-05-12,-0.018407965447352036,-0.020153035340707632
2020-05-13,-0.016998519891302667,-0.017844057365495943
2020-05-14,0.014044093775039072,0.011918729139155964
2020-05-15,0.0030072855685542377,0.004569753217387383
2020-05-18,0.03226570039014966,0.02999148441873546
2020-05-19,-0.0123800157764461,-0.010328505983480627
2020-05-20,0.014608798174912762,0.016852684903026882
2020-05-21,-0.005799909738978385,-0.006926497744349969
2020-05-22,0.0008301232264750906,0.0019004464458256347
2020-05-26,0.013922425463976835,0.012265639857367809
2020-05-27,0.017401064509798874,0.014750374838837217
2020-05-28,0.00021333553849645336,-0.0018497444090329101
2020-05-29,0.0041058485313300655,0.004440741262181057
2020-06-01,0.002242399952754594,0.004032834105900379
2020-06-02,0.009046658282766806,0.008262330557313638
2020-06-03,0.015313871721034877,0.0132175837319539
2020-06-04,-0.003313483990462938,-0.002629577323124623
2020-06-05,0.025501163692301862,0.025314343455007018
2020-06-08,0.011854567936343912,0.012020424759970054
2020-06-09,-0.007878340646561796,-0.007504222820158715
2020-06-10,-0.005599321280065854,-0.005597721580177756
2020-06-11,-0.061082752938967824,-0.05938477462136016
2020-06-12,0.013327524666916788,0.011914245234756022
2020-06-15,0.006578569211458817,0.009282692615229796
2020-06-16,0.02227695293203451,0.019069406577686777
2020-06-17,-0.003071296508401363,-0.004144797312565583
2020-06-18,0.0009041826153176919,0.00038065577066587246
2020-06-19,-0.005700404964647425,-0.005725107152251572
2020-06-22,0.005270540775315569,0.006382262385585683
2020-06-23,0.004201899275913976,0.0045880343344684715
2020-06-24,-0.024116226072906522,-0.025834203554763527
2020-06-25,0.014926545093620408,0.010679508512237873
2020-06-26,-0.027541322563528092,-0.02404812117918416
2020-06-29,0.01521227204561057,0.014603986877675388
2020-06-30,0.015271035368525776,0.012723397662271553
2020-07-01,0.004915535915460794,0.006976167120869132
2020-07-02,0.006939789241546672,0.005484190687640096
2020-07-06,0.018635659415978,0.015326362843453206
2020-07-07,-0.010454752022299747,-0.010385370084710719
2020-07-08,0.007983046491591818,0.00763778944811732
2020-07-09,-0.006832484285718305,-0.0057228661437695874
2020-07-10,0.01504959172542772,0.010162723634505714
2020-07-13,-0.006698326827844121,-0.008694820935233192
2020-07-14,0.01666669889639534,0.012879351051645081
2020-07-15,0.008834047548002091,0.009151464233909124
2020-07-16,0.0005750263457679678,-0.0033089924405564886
2020-07-17,0.004172476680139344,0.0029084851259445375
2020-07-20,0.007187386343160104,0.00804605863515737
2020-07-21,0.0010740823884801958,0.0021171030071010133
2020-07-22,0.004208676072635105,0.0056676044685437365
2020-07-23,-0.010121459997840268,-0.01199915231383025
2020-07-24,-0.005011512459027151,-0.00647229856648029
2020-07-27,0.010352210574521898,0.007270091382121956
2020-07-28,-0.006598894625739262,-0.006366794286527055
2020-07-29,0.010072594391084507,0.012230942156260844
2020-07-30,-0.009246109146477822,-0.003574032529067323
2020-07-31,0.004529231701877465,0.007892127413335398
2020-08-03,0.005106338569410763,0.006916132915779501
2020-08-04,0.004228694778589673,0.0038470363358730393
2020-08-05,0.008664317300367843,0.006195786586812855
2020-08-06,0.0061621166709049,0.006671740861315579
2020-08-07,0.0014763236622825223,0.0007064641763270316
2020-08-10,0.0029164685750132147,0.0029809147512011233
2020-08-11,-0.0045783992585775824,-0.008291601688438826
2020-08-12,0.013499696787957599,0.013845043766512332
2020-08-13,-0.0011132846576320137,-0.001783951287043477
2020-08-14,-0.0009264585994523835,3.1884196600604945e-05
2020-08-17,0.0030798729300302117,0.00315151390132634
2020-08-18,0.004068515677715918,0.002158936610228724
2020-08-19,-0.0026636612724370225,-0.004163295966022916
2020-08-20,0.003895530548214901,0.0031161588381812136
2020-08-21,0.0036891532552078593,0.003517838416354938
2020-08-24,0.011046985257965516,0.010104116557946786
2020-08-25,0.003718888580799023,0.0034703259726822345
2020-08-26,0.015398154277377911,0.009999462239620826
2020-08-27,0.001875114392087456,0.0021606280397501974
2020-08-28,0.005448257036007912,0.00645401465824078
2020-08-31,-0.0029702943565182685,-0.0036214132384157333
2020-09-01,0.00604636675248197,0.009364166596209667
2020-09-02,0.015453464453158547,0.01436436994130057
2020-09-03,-0.032256811072728694,-0.035014116625313604
2020-09-04,-0.00824779384132132,-0.00821148282951766
2020-09-08,-0.026364770923623597,-0.027686398839108565
2020-09-09,0.021618935183469013,0.019533367134248282
2020-09-10,-0.014894863092955546,-0.017504870906197664
2020-09-11,0.004791232674697471,0.0005145190967930134
2020-09-14,0.012232753467732753,0.01306331357287058
2020-09-15,0.005704625711984416,0.005064263529680363
2020-09-16,-0.00420416750289389,-0.003985959533789663
2020-09-17,-0.0060971705285544475,-0.008851024065994645
2020-09-18,-0.008274819233298598,-0.011579415325724887
2020-09-21,-0.013424164094119602,-0.011191476038380332
2020-09-22,0.006546438762441336,0.010155676114090179
2020-09-23,-0.024722163328615866,-0.023461102281241587
2020-09-24,-0.00010405459225209386,0.002648832751984291
2020-09-25,0.012586548203752176,0.016040230412853382
2020-09-28,0.01577820041331977,0.01645941759911549
2020-09-29,-0.004485205958391536,-0.0054564264275948115
2020-09-30,0.008909103201807596,0.007566806439597342
2020-10-01,0.00130404955735763,0.006399767126629196
2020-10-02,-0.009384232637852125,-0.009534967084210047
2020-10-05,0.01782421825948267,0.017564091931587013
2020-10-06,-0.013441056506021799,-0.014301133182430434
2020-10-07,0.018522349545838077,0.017256273815815997
2020-10-08,0.00955227343800789,0.008813383297720929
2020-10-09,0.007558198384430446,0.008890599582946038
2020-10-12,0.013562215434556395,0.01594012732228291
2020-10-13,-0.007121624215732159,-0.006547216468963602
2020-10-14,-0.005483559166310045,-0.006282871549570793
2020-10-15,-0.003503917665273683,-0.0012305422090520342
2020-10-16,0.00339057006486905,-0.0006158394085507786
2020-10-19,-0.016082449545110077,-0.015332868124880583
2020-10-20,0.0037187368357298775,0.003995510372197474
2020-10-21,-0.007068032376339781,-0.0018709079358117313
2020-10-22,0.006912813865358843,0.005447060390447264
2020-10-23,0.0016066454031470109,0.0034087420673154347
2020-10-26,-0.018017700667065276,-0.018672871279349013
2020-10-27,-0.004379154430729114,-0.0034414747045761703
2020-10-28,-0.037280969246973446,-0.03478751553568348
2020-10-29,0.013393328207943552,0.010132855289822624
2020-10-30,-0.010610118958138206,-0.010493138935204984
2020-11-02,0.015678180879355404,0.011141269102426389
2020-11-03,0.018629115186526407,0.017501771378078117
2020-11-04,0.011139158474944705,0.022101390736321027
2020-11-05,0.02293542044966971,0.019335446722394165
2020-11-06,0.0011530195715800803,-0.0002443643484578035
2020-11-09,0.010363092920887275,0.012507752617660146
2020-11-10,0.0004271720165364549,-0.0014794018669716507
2020-11-11,0.007608406430159961,0.007405211443729042
2020-11-12,-0.00927521659054958,-0.009764701920671696
2020-11-13,0.00980412752830838,0.013775482514235916
2020-11-16,0.010709930871533267,0.012379371699506191
2020-11-17,-0.002720622526961963,-0.005384150509346862
2020-11-18,-0.013446235572929814,-0.012116296125754019
2020-11-19,0.005775947027823852,0.004224535517465047
2020-11-20,-0.006428421958036275,-0.006870198776737086
2020-11-23,0.008833375864816572,0.0059728548543554316
2020-11-24,0.017443304024615417,0.015971366034592226
2020-11-25,-0.0020115458974414996,-0.001532612519631482
2020-11-27,0.0021399524843746425,0.0027687793829578454
2020-11-30,-0.005099097030983722,-0.004421916290805834
2020-12-01,0.007357786183616131,0.010872227452314198
2020-12-02,0.0011583463222513603,0.0021020064377013487
2020-12-03,-0.0014643361986743128,-0.0002625092987116716
2020-12-04,0.00909296100978674,0.008568783821242895
2020-12-07,-0.0013994005900860567,-0.002055618205279782
2020-12-08,0.0015081684246062083,0.0029229209482846256
2020-12-09,-0.0034629226367706503,-0.008998609342542036
2020-12-10,-0.0012747754928372661,-0.0003499664651193366
2020-12-11,0.0009478000172684377,-0.0011674402283236647
2020-12-14,-0.003671973348224538,-0.004478078108030044
2020-12-15,0.013497899736253318,0.01343240720506845
2020-12-16,-0.0007648872432098699,0.001561686938946659
2020-12-17,0.008419793878050438,0.005561733570697836
2020-12-18,-0.0006138222822300496,-0.004002481695533384
2020-12-21,-0.0036015664864712175,-0.0035551739158146893
2020-12-22,-0.004098557667909264,-0.001709823203566156
2020-12-23,9.137531412274928e-05,0.0008987461647220051
2020-12-24,0.0030847247883761656,0.0039045038107301125
2020-12-28,0.008270777277203266,0.008536619680848043
2020-12-29,-0.002615869170018675,-0.0018907388106084709
2020-12-30,0.0015364135622747573,0.0014040720389116293
2020-12-31,0.007294043007374901,0.0050839821602632965
2021-01-04,-0.014228167720233073,-0.013711418988099461
2021-01-05,0.005902776484866707,0.00685052474732149
2021-01-06,0.008270180038828382,0.005977338298387685
2021-01-07,0.013077745874766736,0.014746732755554848
2021-01-08,0.004899594471073073,0.005687484687575124
2021-01-11,-0.006144413635064235,-0.006783868137997184
2021-01-12,-0.0019720976269208836,0.000224997188484541
2021-01-13,0.003322817264605622,0.0026960249985508757
2021-01-14,-0.005125001243401366,-0.0035118807780049294
2021-01-15,-0.008144705653132602,-0.00731610681061326
2021-01-19,0.006702819745502091,0.007822578402756535
2021-01-20,0.014728329159001088,0.013717406281744011
2021-01-21,0.002613211560608409,0.0009152303275008824
2021-01-22,-0.00801072626587513,-0.0035268507377951247
2021-01-25,0.0035110242210392925,0.003914877350202519
2021-01-26,0.0005557833899134026,-0.001553010656292851
2021-01-27,-0.0309924407288774,-0.024755060767078542
2021-01-28,0.013068701859326065,0.008583257374997402
2021-01-29,-0.019870307735120853,-0.020229762761320897
2021-02-01,0.012555910074269027,0.016499575035397042
2021-02-02,0.015809220412553355,0.014056625701736608
2021-02-03,-0.0005588812728734074,0.0007813590463110733
2021-02-04,0.011484088195978653,0.01128921219180071
2021-02-05,0.0041681412313629785,0.003936416892249773
2021-02-08,0.006832748562716194,0.007199494559327374
2021-02-09,-0.0012143360332295024,-0.0006548431339055584
2021-02-10,-0.0024992271088907,-0.00043680044374526806
2021-02-11,0.0016452525702754283,0.0016097571106405383
2021-02-12,0.0025051370988730167,0.004922300299268313
2021-02-16,-0.000635640794298569,-0.0008684796724570459
2021-02-17,0.0014123204025691533,0.00021719063993717232
2021-02-18,-0.004517596878926786,-0.004243749568070292
2021-02-19,-0.003378341248211622,-0.001773558085053438
2021-02-22,-0.0076112985251065544,-0.00773114937518807
2021-02-23,0.001431262215048927,0.0012102210130189915
2021-02-24,0.008840075929371543,0.0109625340945569
2021-02-25,-0.021253825870623282,-0.024384068569090398
2021-02-26,-0.003101214470637369,-0.0051673927532323435
2021-03-01,0.021609443471765372,0.023962189052335655
2021-03-02,-0.006436688970397853,-0.007850281861373144
2021-03-03,-0.013212711815739958,-0.013315406584957794
2021-03-04,-0.013118356403751754,-0.012476627971903792
2021-03-05,0.017237653120012818,0.01824065367642324
2021-03-08,-0.0027982478300368216,-0.004982404918278533
2021-03-09,0.015527506096240868,0.014158302587002626
2021-03-10,0.00940108491075527,0.006225765073087396
2021-03-11,0.009959601575403227,0.010065373334422867
2021-03-12,0.0015091390208124352,0.0013524481369033435
2021-03-15,0.006351930249878923,0.005956007958739654
2021-03-16,0.0016686925492285104,-0.0012636958057305149
2021-03-17,9.26383004282451e-05,0.003411001762877848
2021-03-18,-0.01135152141771848,-0.01466622731325808
2021-03-19,-0.0010499881602450334,-0.0018519028141855106
2021-03-22,0.009002295084461915,0.007955189042203471
2021-03-23,-0.005979561504637378,-0.007900672332818461
2021-03-24,-0.005458142730818125,-0.0051102082868966945
2021-03-25,0.005754266538007071,0.005627968847834456
2021-03-26,0.016577958576261542,0.015972665024484155
2021-03-29,-0.0008665552798427364,-0.000509554151152786
2021-03-30,-0.004417573676929946,-0.002632358016313779
2021-03-31,0.002535328047741009,0.004026310633194486
2021-04-01,0.009656618995072438,0.010737750213199617
2021-04-05,0.016286960382584075,0.014261898404055517
2021-04-06,-0.00023454549834864632,-0.0006010950564512833
2021-04-07,0.002537827846123714,0.0011757176497060803
2021-04-08,0.004487860352296058,0.004715085257778544
2021-04-09,0.009792275012910273,0.007250536709276798
2021-04-12,-0.001479519012263958,0.00036115052630388954
2021-04-13,0.001521447809989279,0.0029616679086769513
2021-04-14,-0.003801941711300387,-0.0034260282606478508
2021-04-15,0.011111405116033563,0.01070270081562047
2021-04-16,0.0051606576465298105,0.0033387310715641237
2021-04-19,-0.006234443044005008,-0.004922788633250383
2021-04-20,-0.008794332560046065,-0.007365523283425243
2021-04-21,0.008840960206449628,0.009434515962640427
2021-04-22,-0.009998150858505686,-0.009176963227294476
2021-04-23,0.010463688473340784,0.01078322544432871
2021-04-26,0.0007496986728874634,0.0020868333526315283
2021-04-27,0.0002718500498538915,-0.00022883004384072786
2021-04-28,-0.0015393100081104384,-0.0002797522938859631
2021-04-29,0.009230872616583015,0.006338763617677304
2021-04-30,-0.007413806363564869,-0.00659315181543673
2021-05-03,0.001315636738719333,0.002160239737094567
2021-05-04,-0.005730276617580853,-0.006188185834594948
2021-05-05,-0.0003108114261989569,0.0003064899265427812
2021-05-06,0.012742909255574246,0.007961278712238553
2021-05-07,0.004680998704173143,0.007244670779650398
2021-05-10,-0.009920101643398299,-0.009933730975855804
2021-05-11,-0.008332445147449378,-0.008981943518054687
2021-05-12,-0.02354881378693761,-0.021477787732393314
2021-05-13,0.012795276274183637,0.011948755314915706
2021-05-14,0.013941824713771284,0.015254141343373892
2021-05-17,-0.003960119600763395,-0.0025518029566231623
2021-05-18,-0.008619511449147348,-0.008647842549032976
2021-05-19,-0.0024192440567973724,-0.0026322595843796615
2021-05-20,0.009421849717411298,0.010692265228442657
2021-05-21,-0.0010907990787410338,-0.0008184352997833072
2021-05-24,0.010113686113347712,0.010157282006215474
2021-05-25,4.266153329382958e-05,-0.002231351399973179
2021-05-26,0.0014183916584475107,0.0019780393434981262
2021-05-27,0.0025594236080030658,0.0005318812257345675
2021-05-28,0.0019458873251224748,0.001770897042445264
2021-06-01,-0.003172718405006934,-0.0008597583091679233
2021-06-02,-1.6831288184854054e-05,0.0015672399567890941
2021-06-03,-0.004652401613712854,-0.0037198752327194653
2021-06-04,0.009099367099011848,0.009110588070458876
2021-06-07,-0.0014585974174259422,-0.0009802567046520265
2021-06-08,-0.0008112554166072823,0.00020115665141995942
2021-06-09,-0.0020942439775385926,-0.001484482402214165
2021-06-10,0.0035105893098438,0.004647373810722513
2021-06-11,0.0017441493683462116,0.0016527687632796498
2021-06-14,0.0012899024037341313,0.002224417007982621
2021-06-15,-0.0041589367980190564,-0.0018241568335291634
2021-06-16,-0.0052131372821467604,-0.0056182741212214785
2021-06-17,-6.515666517971078e-05,-0.0003270316872536387
2021-06-18,-0.012977931797959337,-0.013577734744096728
2021-06-21,0.012827154885857815,0.014206546938620024
2021-06-22,0.005204557049102567,0.00534150455624039
2021-06-23,-0.0009480856168083404,-0.001201231406487265
2021-06-24,0.007299028326509322,0.005892209891634525
2021-06-25,0.005815389524710672,0.0035534609050810882
2021-06-28,0.002865312576617418,0.0020072117656041158
2021-06-29,0.0017761442962445496,0.0005444736064815379
2021-06-30,0.003275053050979769,0.0008408765396294088
2021-07-01,0.004514666520974034,0.005522288027318672
2021-07-02,0.005153394471192377,0.007616891872665694
2021-07-06,-0.002017453621894401,-0.0018315694339607255
2021-07-07,0.0027568060886685878,0.003538012889419421
2021-07-08,-0.006997909683446382,-0.00819305853572237
2021-07-09,0.011277047072658843,0.010625794616060176
2021-07-12,0.004400018166567309,0.003565412040504108
2021-07-13,-0.003265591057465987,-0.0034196359037993703
2021-07-14,7.875614722103253e-05,0.0015051103756547378
2021-07-15,-0.0016095489877685485,-0.0034262003944124267
2021-07-16,-0.00842940937093603,-0.007868668721214469
2021-07-19,-0.015403834587953838,-0.01487916723524898
2021-07-20,0.014453960702927763,0.014216549872517645
2021-07-21,0.009014762459443352,0.008068700710437096
2021-07-22,0.0034303522980078326,0.00209210186507677
2021-07-23,0.009167967184628542,0.010226990965957576
2021-07-26,0.00318260954387686,0.0024505105478212805
2021-07-27,-0.0056112330332490435,-0.004569512520609057
2021-07-28,-0.0012726207792535882,-0.0004098706553829565
2021-07-29,0.0052340348855105185,0.004139198285902441
2021-07-30,-0.005088692044184213,-0.004862909508477275
2021-08-02,-0.0007746240307966301,-0.0021017292641576633
2021-08-03,0.009191409679490633,0.008116712632780292
2021-08-04,-0.00382710414310662,-0.004929612849270343
2021-08-05,0.006156943237625964,0.0062959788883205185
2021-08-06,0.0028313533043421075,0.0016515280384729392
2021-08-09,-0.0004828696411901418,-0.0008134555560170269
2021-08-10,0.00262697552457664,0.0012438407574098078
2021-08-11,0.003729342049576436,0.0024830496952210385
2021-08-12,0.0045043832649215906,0.0030000736804359123
2021-08-13,0.0008974117377536602,0.0018052261434520344
2021-08-16,0.002410027316361204,0.002370343387244188
2021-08-17,-0.008454546281674791,-0.00657967432690599
2021-08-18,-0.010708673209452431,-0.01099899661877401
2021-08-19,0.0004990186838944125,0.0015409065503789055
2021-08-20,0.00725719019825805,0.007931699922530597
2021-08-23,0.009035194699013956,0.008745095061478808
2021-08-24,0.0019646715103965426,0.0015839808505870216
2021-08-25,0.002327963605368838,0.0021002214131510873
2021-08-26,-0.003153478584105593,-0.005910741626890516
2021-08-27,0.007240676903877608,0.008900069371680103
2021-08-30,0.00443306386477553,0.004385406228562988
2021-08-31,-0.0012419364929301133,-0.0014987240235954475
2021-09-01,-0.000530880631946942,0.0005388625445216796
2021-09-02,0.00325572865184897,0.003063649071275952
2021-09-03,0.0006885117119295575,-0.00023353573202834543
2021-09-07,-0.004315291439598021,-0.0035799142085293292
2021-09-08,-0.0027042436614181497,-0.0012196267578052694
2021-09-09,-0.0046772245579081,-0.004280445868596988
2021-09-10,-0.0061577332438859924,-0.007927065563255158
2021-09-13,0.0037384438553549064,0.00256246136370015
2021-09-14,-0.006956485185335692,-0.00541736302441004
2021-09-15,0.006651813405466062,0.008327746622656684
2021-09-16,-0.0025829092683635423,-0.0015842804888534427
2021-09-17,-0.005956578776584731,-0.009797705068224397
2021-09-20,-0.01799566449525945,-0.016821295029105492
2021-09-21,-0.0013907051564866467,-0.0009482706929052594
2021-09-22,0.009391577996477498,0.009707521431354945
2021-09-23,0.013941181595329697,0.0120926248793069
2021-09-24,0.001088500920521253,0.001640962590421925
2021-09-27,-0.001074085165745321,-0.0028555810280897543
2021-09-28,-0.01994951239774042,-0.020366616348860556
2021-09-29,0.0016236872549045779,0.0016767314961961522
2021-09-30,-0.012002824845949733,-0.012288078009238491
2021-10-01,0.01158128291282335,0.011802358162890984
2021-10-04,-0.012890909134897233,-0.012982908731640644
2021-10-05,0.011316311500767885,0.010355936993247489
2021-10-06,0.004381263726298624,0.004156191042408817
2021-10-07,0.009064336212585322,0.008597633079826401
2021-10-08,-0.0007251552533574713,-0.0018292541264692142
2021-10-11,-0.008168176795910127,-0.00725359209274406
2021-10-12,-0.003811989986607471,-0.002478255799720194
2021-10-13,0.004025366553130248,0.0035938942545892623
2021-10-14,0.015942207188323086,0.016682277170516815
2021-10-15,0.01066419420836696,0.0075993621317687185
2021-10-18,0.0038300369929179933,0.0029528859319533
2021-10-19,0.007475934498110413,0.00768375982712587
2021-10-20,0.0021806382997373733,0.00392478018115971
2021-10-21,0.0004341822043360945,0.002607988438272882
2021-10-22,-0.0021237960299617708,-0.0010470352411335812
2021-10-25,0.006064492085612579,0.005340032656669726
2021-10-26,0.004380349573326212,0.0009026629167143871
2021-10-27,-0.0016425612978579838,-0.004428530638094927
2021-10-28,0.008575090855459483,0.009597335555569629
2021-10-29,0.0002086384951957294,0.002023314786775269
2021-11-01,0.002683313874049841,0.00172119057053105
2021-11-02,0.005319249101632008,0.004027465398175455
2021-11-03,0.005373431210677589,0.0061017447178695105
2021-11-04,0.004150060991181424,0.004687561658038425
2021-11-05,0.004027498519188444,0.003473165421896776
2021-11-08,0.0012751880758809261,0.0008551625329866958
2021-11-09,-0.003380906663280587,-0.0033121939184159637
2021-11-10,-0.00816066325734161,-0.008089870653793659
2021-11-11,-0.0018198879641888775,0.0003412309370326922
2021-11-12,0.006494635297243243,0.007500346729762375
2021-11-15,-0.0001517822271404502,0.0003611330588847796
2021-11-16,0.003319530934807278,0.003941402158690457
2021-11-17,-0.0028496527907864305,-0.0024305723808149293
2021-11-18,0.0018729953325800485,0.0033966583477299923
2021-11-19,-0.004235998289578926,-0.0017981169574707051
2021-11-22,-0.0007096156303933788,-0.002816046557225171
2021-11-23,0.0028880012419476952,0.0013301621828007881
2021-11-24,0.002328158790145637,0.0026550281099105076
2021-11-26,-0.021837098412406837,-0.022542822939466963
2021-11-29,0.012889644521126014,0.012175354560618428
2021-11-30,-0.01832883670755753,-0.019649610214498032
2021-12-01,-0.010611296267263657,-0.011153267720790725
2021-12-02,0.013521166427795162,0.015197225212843158
2021-12-03,-0.007099967153659456,-0.008755528102378694
2021-12-06,0.011971855645962523,0.011795044120275402
2021-12-07,0.01825347076551615,0.020458801804450855
2021-12-08,0.0009850395558367105,0.002654550285519756
2021-12-09,-0.004172913405122631,-0.006785341798614391
2021-12-10,0.011339757554808061,0.009365640974159607
2021-12-13,-0.009576890345193748,-0.00889074809880396
2021-12-14,-0.005651578660563275,-0.006896735519817909
2021-12-15,0.015400843624469461,0.015496131180966667
2021-12-16,-0.005190462982113481,-0.00884812094535601
2021-12-17,-0.011899712317737829,-0.010708420029762416
2021-12-20,-0.011665533103936428,-0.010685703690135594
2021-12-21,0.0167854344312393,0.01761040278057285
2021-12-22,0.009284176557522877,0.009938418937960266
2021-12-23,0.007146155730399009,0.00620639882493902
2021-12-27,0.012869989628844468,0.014061934640218944
2021-12-28,-0.0005418313460387583,-0.0008152383922007423
2021-12-29,0.0002242685570128237,0.0012776457813425614
2021-12-30,-0.0030922410005840206,-0.002777657092091794
2021-12-31,-0.00232148357556278,-0.002519783836223884
2022-01-03,0.007546175830893152,0.005781638490377177
2022-01-04,0.0009839539125924208,-0.0003521204288237261
2022-01-05,-0.018872950090401772,-0.019380537699967306
2022-01-06,-0.004367663708094791,-0.0009430150234062558
2022-01-07,-0.003345028751005193,-0.003961381758699793
2022-01-10,-0.0015052740241425122,-0.001241156917429006
2022-01-11,0.007247476709806018,0.009058786308482442
2022-01-12,0.002826926965850797,0.002703942473598979
2022-01-13,-0.01606654529584074,-0.013864923297140695
2022-01-14,-0.0009332033313369631,0.00040722139832467563
2022-01-18,-0.019779117803479095,-0.017869232529629926
2022-01-19,-0.0076635830639639295,-0.010439305498301644
2022-01-20,-0.01026276731291976,-0.01113748380598048
2022-01-21,-0.01876308188917718,-0.019818156463131963
2022-01-24,0.003092922557411096,0.004238968879322698
2022-01-25,-0.01179895215839986,-0.012287205093234705
2022-01-26,-0.0018694947960871179,-0.0025193201474551746
2022-01-27,-0.005709855294446522,-0.004935880180879414
2022-01-28,0.021998926544386323,0.024534461224916086
2022-01-31,0.021418771736190816,0.01784435718308807
2022-02-01,0.010194703520896648,0.006729328131172705
2022-02-02,0.011106054504274142,0.009676638133466899
2022-02-03,-0.030151950939516906,-0.023792649946707784
2022-02-04,0.009629751284267029,0.004696277445783135
2022-02-07,-0.0038038723374319546,-0.0032145692122809233
2022-02-08,0.007441075963324079,0.008191970914588158
2022-02-09,0.012670557260323028,0.014532583249652786
2022-02-10,-0.017580492425551295,-0.01812878543000526
2022-02-11,-0.02281774253627411,-0.019918200343270114
2022-02-14,-0.002364950626245715,-0.0032748119957642496
2022-02-15,0.014680306042109856,0.01598513937687355
2022-02-16,-0.00047027587332513327,0.001130395994423006
2022-02-17,-0.021171094465736846,-0.02160291466927062
2022-02-18,-0.0060025158517761695,-0.006490630707937168
2022-02-22,-0.011336458772605617,-0.010781710001085193
2022-02-23,-0.020265791451557682,-0.017899723670286666
2022-02-24,0.016406410761534783,0.01493450762240794
2022-02-25,0.022296304093798194,0.021823638027594402
2022-02-28,0.0011342201747104234,-0.0025485684115760456
2022-03-01,-0.01611577836815832,-0.01535599341975325
2022-03-02,0.01689324152132064,0.018216675443216663
2022-03-03,-0.006308191959462462,-0.004981420256549154
2022-03-04,-0.006444442281571361,-0.008163310639160981
2022-03-07,-0.027500706609514276,-0.029922248150611747
2022-03-08,-0.007094059460690385,-0.007597329692434589
2022-03-09,0.02716443545633426,0.026440283833103366
2022-03-10,-0.00511132239685541,-0.0045107854495242735
2022-03-11,-0.012513872224430187,-0.01280459060657843
2022-03-14,-0.007546875876144865,-0.007333583863194969
2022-03-15,0.023450611069238438,0.02174269709835538
2022-03-16,0.02243169556395783,0.021931720062294914
2022-03-17,0.010115824376926897,0.012445756130385798
2022-03-18,0.010560398353714705,0.010902907179352371
2022-03-21,5.653911777876692e-06,-0.00030649895912413525
2022-03-22,0.012760294911910419,0.011628037995119214
2022-03-23,-0.01378725572120909,-0.01294941619587872
2022-03-24,0.013314907565988738,0.014951885023444796
2022-03-25,0.005203171255364587,0.004872964741874408
2022-03-28,0.007542408092486098,0.007081349438643221
2022-03-29,0.00936992095507792,0.01231269766799128
2022-03-30,-0.005050092080020818,-0.00619450853480581
2022-03-31,-0.015592783583719462,-0.015517036712191347
2022-04-01,0.002472175224517185,0.0028266277711331217
2022-04-04,0.0061811461204625846,0.008524022399962116
2022-04-05,-0.013609877424048991,-0.012697264105403928
2022-04-06,-0.011085757719550931,-0.01006394726963104
2022-04-07,0.0059290783421992645,0.005032958878262733
2022-04-08,-0.003953258846705236,-0.0026654835861398426
2022-04-11,-0.016390062647921675,-0.017238956206070452
2022-04-12,-0.0038931680379317595,-0.0037227992594980578
2022-04-13,0.010271046372522548,0.011387126644147651
2022-04-14,-0.010214190245546704,-0.012535397187999566
2022-04-18,0.000507687894079448,0.0004068299626548469
2022-04-19,0.015474659051872654,0.016021229174060427
2022-04-20,-0.002305470960997502,-0.0007301935337216764
2022-04-21,-0.017136559862993304,-0.015075722059200703
2022-04-22,-0.02880433086449558,-0.027821005841435112
2022-04-25,0.004342035118204626,0.005787876365993477
2022-04-26,-0.030130284827901133,-0.02940622052934028
2022-04-27,0.00036509291737979455,0.002816619908574752
2022-04-28,0.026319895033390123,0.024949834715342033
2022-04-29,-0.037981286333945784,-0.03766213803304179
2022-05-02,0.007725303741912452,0.006009831581482709
2022-05-03,0.0032715962619497972,0.004565584492309447
2022-05-04,0.031563655344698384,0.02999729133000878
2022-05-05,-0.03880405993680521,-0.036182227423593546
2022-05-06,-0.006228815467191128,-0.00599412543467071
2022-05-09,-0.03188365555599489,-0.03254614062243009
2022-05-10,0.0048391196578938984,0.002313294583294243
2022-05-11,-0.01610068409320931,-0.016013046454530017
2022-05-12,-0.0026987094849635182,-0.0010410967158103685
2022-05-13,0.02631523142342447,0.023623041838573177
2022-05-16,-0.0035819758120238443,-0.004051392814964414
2022-05-17,0.02165972929495462,0.020351461345675854
2022-05-18,-0.04347929021130566,-0.041152465380064646
2022-05-19,-0.011993845582272861,-0.006142640792171873
2022-05-20,-0.0024279160861549838,0.0004304083565663476
2022-05-23,0.01864908086916956,0.018545695405518182
2022-05-24,-0.009073446284207056,-0.007659014211217067
2022-05-25,0.00841513647123332,0.008793593944794634
2022-05-26,0.023020071308911493,0.019791768749689135
2022-05-27,0.026781054663660354,0.024239122013973508
2022-05-31,-0.006038440857804859,-0.005617850137007675
2022-06-01,-0.004472751585266933,-0.008128158084871781
2022-06-02,0.023027833325491916,0.018855572692970467
2022-06-03,-0.015572392005582383,-0.016530138820666073
2022-06-06,0.002736167469606698,0.0030328153224129972
2022-06-07,0.008978597676206622,0.009547881222295178
2022-06-08,-0.00970943914441788,-0.010922976931717137
2022-06-09,-0.022577009433429576,-0.02408822884753752
2022-06-10,-0.03174880135271183,-0.029402976329311374
2022-06-13,-0.03878126323588531,-0.03872512372768077
2022-06-14,-0.00341389310135678,-0.003022503140594358
2022-06-15,0.016712620721900603,0.014165685982949554
2022-06-16,-0.033212825738007656,-0.03366621193500287
2022-06-17,0.0006812294892181018,0.002169755611851226
2022-06-21,0.02460386779388179,0.024842149461052176
2022-06-22,-0.0025990128593273783,-0.0018098544527333144
2022-06-23,0.007126945979238573,0.009762127556626365
2022-06-24,0.032067774478452125,0.03129839823632088
2022-06-27,-0.005202645218559687,-0.0038322950867333994
2022-06-28,-0.022673829873944645,-0.020645019438683822
2022-06-29,-0.0012641383468371232,-0.0007952286701384688
2022-06-30,-0.008347408910969594,-0.008180849658419809
2022-07-01,0.008295038070440467,0.010537273370458941
2022-07-05,0.0011548931799691773,0.0018866124507091904
2022-07-06,0.0037927966673311653,0.003354289404692507
2022-07-07,0.015276057842748606,0.014889551285028805
2022-07-08,0.00046548707086818057,-0.0008318463442390614
2022-07-11,-0.012604566259440059,-0.011501827754120777
2022-07-12,-0.008900508534326532,-0.008864701760248101
2022-07-13,-0.004070322393949761,-0.005274157924065027
2022-07-14,-0.0016572050310135497,-0.002426650209113465
2022-07-15,0.020129839265899174,0.018925248976130585
2022-07-18,-0.007152476846667973,-0.008297222480732214
2022-07-19,0.028973245993697626,0.026658182807389255
2022-07-20,0.006962975718333759,0.0063633685928692835
2022-07-21,0.009779973733752967,0.01012407243080174
2022-07-22,-0.013277073509600022,-0.009331490951568398
2022-07-25,0.0007309661194173498,0.0012140728351295465
2022-07-26,-0.015519220455796883,-0.011887212784046593
2022-07-27,0.02634785141890452,0.02564006547080838
2022-07-28,0.01163666551123391,0.012462025904936207
2022-07-29,0.012560434734769699,0.014463615445051987
2022-08-01,-0.0018942607602091847,-0.0029674741197777714
2022-08-02,-0.008902256041560627,-0.006626085049934285
2022-08-03,0.01633107859808954,0.01555257084427483
2022-08-04,-0.0011499407054646877,-0.0006799551995232099
2022-08-05,-0.0017531996596371372,-0.001689296066292987
2022-08-08,-0.003026500180981333,-0.0011614696419949106
2022-08-09,-0.006431099204268888,-0.00397433661968673
2022-08-10,0.021595624720604813,0.020784402399428265
2022-08-11,-0.00013279928202234172,0.0
2022-08-12,0.017277192777658525,0.01677647830872712
2022-08-15,0.005734038859210176,0.004120097981823634
2022-08-16,0.0011754270501422542,0.0019444383055588009
2022-08-17,-0.007687975444933694,-0.00711555990995075
2022-08-18,0.003203901827951347,0.002905949469278787
2022-08-19,-0.014524290178700154,-0.013526823738468648
2022-08-22,-0.021630231292318194,-0.02105603860336837
2022-08-23,-0.0017923038914859526,-0.002426204182463937
2022-08-24,0.002359446063249655,0.0032084102957980996
2022-08-25,0.014344292263427214,0.01402582664398784
2022-08-26,-0.03568304491403977,-0.03443599840951202
2022-08-29,-0.007543512258200199,-0.00663784964525297
2022-08-30,-0.011859866935381587,-0.011048396514254469
2022-08-31,-0.009470652161932309,-0.007627601420900405
2022-09-01,0.00024648357486163483,0.003136988693324118
2022-09-02,-0.010620190335260727,-0.010610389671599657
2022-09-06,-0.005312212831619143,-0.0037844509748355595
2022-09-07,0.015122065649857025,0.017810593198957284
2022-09-08,0.006184597389194126,0.006510082209986411
2022-09-09,0.01649452055871424,0.015412370971318177
2022-09-12,0.010429162366756582,0.010694743128871606
2022-09-13,-0.047426683762363336,-0.044437914424984966
2022-09-14,0.005161648533948424,0.0037883348836816595
2022-09-15,-0.015117753983728716,-0.011408332855230173
2022-09-16,-0.0061593080578790605,-0.007651557566925426
2022-09-19,0.0066782806421934356,0.007705046374405182
2022-09-20,-0.011229996083137298,-0.011539365485861302
2022-09-21,-0.01783804883711972,-0.017603926173035748
2022-09-22,-0.007309299637641833,-0.008433501755309195
2022-09-23,-0.017814950811004215,-0.01688571825848361
2022-09-26,-0.010313506215977911,-0.009933386630723932
2022-09-27,-0.0012636976197871782,-0.002570328417804011
2022-09-28,0.019444158548209522,0.019482974537294147
2022-09-29,-0.020417526901144144,-0.021114272925754417
2022-09-30,-0.016868319199984327,-0.015558788032328293
2022-10-03,0.023697264056869907,0.026044110753594057
2022-10-04,0.030565983252905084,0.030509658296736356
2022-10-05,-3.2343014073526536e-05,-0.002312012479847275
2022-10-06,-0.009891189781027038,-0.01038718569821405
2022-10-07,-0.02921662594082035,-0.02829578283994077
2022-10-10,-0.009902502528773735,-0.007648110885763897
2022-10-11,-0.00854396998634052,-0.006370001560925905
2022-10-12,-0.0019433638994243204,-0.0032877060789001378
2022-10-13,0.027003292046953387,0.02603227554519211
2022-10-14,-0.022605182292485208,-0.023035081350270985
2022-10-17,0.02619457448293449,0.02536066379374646
2022-10-18,0.009578176232897164,0.011687475505068627
2022-10-19,-0.005417642143424002,-0.007108868218620464
2022-10-20,-0.007478433975213049,-0.008410192714002371
2022-10-21,0.02310829556191727,0.023994633025462845
2022-10-24,0.010445860214227248,0.012168856444193375
2022-10-25,0.015372200466984539,0.015836203826695632
2022-10-26,-0.008908001003329821,-0.007560294522835865
2022-10-27,-0.008289682867818428,-0.0053455644664198035
2022-10-28,0.026294546526824357,0.02351269034969414
2022-10-31,-0.008422619870110096,-0.007264960577425852
2022-11-01,-0.004934100435674145,-0.004368232152281782
2022-11-02,-0.024994516350275022,-0.025425214345968037
2022-11-03,-0.013342519175230166,-0.010365096976492863
2022-11-04,0.014855122770201156,0.014293505492181861
2022-11-07,0.011120048817780203,0.009535265903763794
2022-11-08,0.0049900785765182665,0.0053732042486580875
2022-11-09,-0.0229114642739527,-0.020806885270742318
2022-11-10,0.055779030155346375,0.053480873505395723
2022-11-11,0.011712333000041653,0.009641911886372295
2022-11-14,-0.0070253352172800695,-0.00853676494724156
2022-11-15,0.00782348888695027,0.008484613708637758
2022-11-16,-0.007141926301590789,-0.007669692724014071
2022-11-17,-0.003919644340731606,-0.0030527946231122963
2022-11-18,0.003383070582027948,0.004523228666021581
2022-11-21,-0.004932160694971346,-0.0036274781516663105
2022-11-22,0.014488022843434601,0.013366839965057501
2022-11-23,0.007984341445275215,0.006268476206401129
2022-11-25,0.00032753947847581806,-0.00020659556409503567
2022-11-28,-0.014597125797145994,-0.016089907121210664
2022-11-29,-0.004055078892974788,-0.001733740058111706
2022-11-30,0.03394321661952997,0.03101144093604346
2022-12-01,-0.004438558792011129,-0.0007139397024227817
2022-12-02,-0.0028720784459780255,-0.0011740086081229268
2022-12-05,-0.019667153669359824,-0.01814155456574522
2022-12-06,-0.015975334934556204,-0.014511229544446065
2022-12-07,-0.003060335650941495,-0.0017164666136469898
2022-12-08,0.008913974677182916,0.00781901862971738
2022-12-09,-0.0045954122739179475,-0.007501910651794545
2022-12-12,0.013677109118940356,0.014297012981022077
2022-12-13,0.006717564491747079,0.007550926544847469
2022-12-14,-0.0064534410823334915,-0.006405540502667874
2022-12-15,-0.025798772288606508,-0.024786276731643974
2022-12-16,-0.012179934504224225,-0.01185795249258399
2022-12-19,-0.010022522346772379,-0.008510228340841487
2022-12-20,-0.0006038972402574954,0.0013599893297033855
2022-12-21,0.014759452236586038,0.0148390689968936
2022-12-22,-0.015983006029798973,-0.014377093636421045
2022-12-23,0.00604077828223845,0.005743249877637909
2022-12-27,-0.007317649369238816,-0.00395171845384
2022-12-28,-0.010240956800111684,-0.012498798231075003
2022-12-29,0.01841771682040096,0.01782723949276244
2022-12-30,-0.002044118117792051,-0.002620100630484649
2023-01-03,-0.0032114912357051177,-0.0042282215045960515
2023-01-04,0.005955488182128297,0.007684228400469529
2023-01-05,-0.01235140879395016,-0.011466803153386409
2023-01-06,0.020269550798347552,0.022670351056172114
2023-01-09,0.0013990080537052976,-0.0005865415546208791
2023-01-10,0.006758064540068718,0.006989411501105539
2023-01-11,0.013372419184628129,0.012579444282911986
2023-01-12,0.004912347662947395,0.003628536252935346
2023-01-13,0.0038309049683437355,0.0038750162268189024
2023-01-17,-0.00040196283739522126,-0.0018186074483066664
2023-01-18,-0.016402534458693434,-0.015936592262812528
2023-01-19,-0.00682866408973417,-0.007292430985983579
2023-01-20,0.01882378236562132,0.018458979406494738
2023-01-23,0.012521805686909982,0.01192144499992639
2023-01-24,-0.0003402136307872127,-0.0010591168989207026
2023-01-25,-0.002692535864509116,0.0003617758063127327
2023-01-26,0.011160332520081261,0.010920645565644453
2023-01-27,-0.00013727576135880628,0.0022973845458790277
2023-01-30,-0.01150503423947492,-0.012623968130806998
2023-01-31,0.012734784357391678,0.014610774357610863
2023-02-01,0.011090265315396986,0.010555323090091146
2023-02-02,0.012906176690931548,0.01444880650995258
2023-02-03,-0.010497916915642608,-0.01067901064058916
2023-02-06,-0.0031329200760643705,-0.006114226402323749
2023-02-07,0.01263613106610639,0.012988823816056972
2023-02-08,-0.011856122214300218,-0.010996967075406192
2023-02-09,-0.008022088717707314,-0.008702526525782971
2023-02-10,0.0014194255285347283,0.0023094991548220445
2023-02-13,0.012280879682679434,0.01169368163691116
2023-02-14,-0.0004066414106166563,-0.00047616065056039364
2023-02-15,0.001863871211678866,0.0032534189566029237
2023-02-16,-0.014993376855222366,-0.013862729077777856
2023-02-17,-0.0014800466404738157,-0.0025112575820385704
2023-02-21,-0.021322448811624935,-0.020268537252902938
2023-02-22,-0.0011054520462331755,-0.0013746063139931685
2023-02-23,0.003403571204800712,0.0053064254457996516
2023-02-24,-0.009880739840322854,-0.010745535288298741
2023-02-27,0.003111128172301842,0.0034126614080025757
2023-02-28,-0.002556507303090779,-0.003699751491012049
2023-03-01,-0.005060762435153512,-0.003844498870374078
2023-03-02,0.010458535947361479,0.007726278940375468
2023-03-03,0.017033114388208596,0.01591572900813699
2023-03-06,0.0032153465538438037,0.0006907226000196908
2023-03-07,-0.014846584936925906,-0.015437058389907462
2023-03-08,0.0009941521107555693,0.001634856535712894
2023-03-09,-0.01685244641256301,-0.018633916981251244
2023-03-10,-0.011209732152227784,-0.014528487147222978
2023-03-13,-0.0004952087789339384,-0.0014215787279709135
2023-03-14,0.017737724732823625,0.016399047091552023
2023-03-15,-0.005772100795511769,-0.00627758428513286
2023-03-16,0.01717448868269094,0.017384870875061416
2023-03-17,-0.010190408261963282,-0.011767622857138284
2023-03-20,0.008243037633110578,0.009571715771313669
2023-03-21,0.012133297727006892,0.013052028665076777
2023-03-22,-0.014182039619085792,-0.017195536114302763
2023-03-23,0.0042690411554026616,0.0027030944564554195
2023-03-24,0.0030341982942437974,0.006530678104959593
2023-03-27,0.002463444670309586,0.0018729520068594043
2023-03-28,-0.0024585262496827406,-0.0022375448388363903
2023-03-29,0.011416868231878815,0.014429667760812904
2023-03-30,0.005998372319055483,0.005836592444451377
2023-03-31,0.013696680101694008,0.013991205065298943
2023-04-03,0.005288721648992332,0.0037934501784287395
2023-04-04,-0.0037739606285356305,-0.005556896913286416
2023-04-05,-0.00270504364774471,-0.0026257336839055605
2023-04-06,0.0024017191700106597,0.0039108379919991585
2023-04-10,0.00031401928399692864,0.001006770616863964
2023-04-11,-0.0003842997608605066,0.00027668431753742953
2023-04-12,-0.003498612804708745,-0.004082564073709953
2023-04-13,0.015429531836186684,0.013195384997574361
2023-04-14,-0.002680033270917281,-0.002445294029799602
2023-04-17,0.003688448394538401,0.0035910263028830665
2023-04-18,0.0016724003116235177,0.0006470076124675351
2023-04-19,-0.0022022816129808973,-0.00017415318060163082
2023-04-20,-0.006988300623394277,-0.005463880963415526
2023-04-21,0.0026886788774431133,0.0007752423020337985
2023-04-24,0.00138647823294179,0.0010243982556604522
2023-04-25,-0.015124872357243543,-0.015984632942746987
2023-04-26,-0.005708127288927688,-0.004246614816580444
2023-04-27,0.0170311720127693,0.019706687066868914
2023-04-28,0.00842412263690739,0.008508783982200037
2023-05-01,-0.002172098120342986,-0.0010162476552836996
2023-05-02,-0.011802064908778862,-0.011297582598043969
2023-05-03,-0.008110920563362675,-0.006895884778723872
2023-05-04,-0.007634240945851464,-0.007096362496576758
2023-05-05,0.016400937500472737,0.018321854238886843
2023-05-08,0.0003029225807388327,0.0002746601098429134
2023-05-09,-0.002756490228766578,-0.0044036401135082405
2023-05-10,0.003961293478185085,0.004678224805889029
2023-05-11,-0.0009273971539398956,-0.0017486452458579443
2023-05-12,-0.0014133716456715603,-0.0013009759152947066
2023-05-15,0.0022557746198074856,0.003423933366853134
2023-05-16,-0.005892629959805183,-0.0066837973334195845
2023-05-17,0.013083749147831503,0.012058415262630778
2023-05-18,0.010081188413597921,0.009582449654248053
2023-05-19,-0.0010720975750948519,-0.0014512184170572932
2023-05-22,-0.002541192212356832,0.00039375892618815977
2023-05-23,-0.008507686844359078,-0.011283338395390143
2023-05-24,-0.005363445536069056,-0.007267673502117059
2023-05-25,0.00620304985491784,0.008635373617093422
2023-05-26,0.015959072383726798,0.012863898486850087
2023-05-30,-0.000424157280622881,0.00036792210277786084
2023-05-31,-0.004325735365634128,-0.005557755797165313
2023-06-01,0.007552960708354735,0.009449430332990411
2023-06-02,0.013762387515884586,0.01435802702213718
2023-06-05,-0.003986335705255089,-0.001904142686999443
2023-06-06,0.0019036859370604765,0.002168989137799483
2023-06-07,-0.0026864677404848207,-0.003472644384958639
2023-06-08,0.0073507459653443345,0.0060452249947323625
2023-06-09,0.0022236997567176833,0.0017753045470701642
2023-06-12,0.009040051653730122,0.009043357304536728
2023-06-13,0.0059403695199594765,0.006581774789850274
2023-06-14,-0.0011509506982761183,0.0011791897975026175
2023-06-15,0.012368856793231874,0.012321542627732811
2023-06-16,-0.0039055276971342446,-0.0034048540356463376
2023-06-20,-0.004470730431096914,-0.00519956202350361
2023-06-21,-0.005091434978044244,-0.005155924830779354
2023-06-22,0.0033147667335900253,0.0036048810906132026
2023-06-23,-0.007347305203734155,-0.007578208298941748
2023-06-26,-0.0044263932604621265,-0.004108147259256905
2023-06-27,0.008580634563809891,0.010909930603012631
2023-06-28,-0.0007414731127863437,0.0005176836127567911
2023-06-29,0.005722064324183724,0.0039209751700555965
2023-06-30,0.011031139152188268,0.011740997268139009
2023-07-03,0.001950837370573296,0.0011341674922757366
2023-07-05,-0.0016028071410502276,-0.0014816189394319806
2023-07-06,-0.009857512319654649,-0.007861419717462124
2023-07-07,-0.004082648420702493,-0.0025250177074119095
2023-07-10,0.0036585790265030505,0.002525017707411835
2023-07-11,0.0069572650639499,0.006354400200361369
2023-07-12,0.007273797159360616,0.00801899265035231
2023-07-13,0.006648193314345097,0.007909529181812112
2023-07-14,-0.0004633404167298938,-0.0006396052939798417
2023-07-17,0.0019365452692487488,0.0034672358465097607
2023-07-18,0.00745098394057135,0.007418616779750185
2023-07-19,0.0048329900398431875,0.0022126400393345713
2023-07-20,-0.004760785922439171,-0.006652661831466149
2023-07-21,0.0019677566553732615,0.0
2023-07-24,0.005680906235735323,0.004440021792131633
2023-07-25,-0.00037777260663711154,0.002731224540770725
2023-07-26,0.0009364430395442593,0.00015777670121651068
2023-07-27,-0.005872980476615817,-0.006648148765287595
2023-07-28,0.009138025561073404,0.009731063546572466
2023-07-31,0.00195715607217886,0.0019079905674893678
2023-08-01,-0.001466251212547995,-0.0028521078879891063
2023-08-02,-0.013104732397133544,-0.014018868262629833
2023-08-03,-0.0013060431061873697,-0.002877831280635651
2023-08-04,-0.004004466925607145,-0.00451612931294801
2023-08-07,0.00983845365896674,0.008693120880700999
2023-08-08,-0.005588080332114363,-0.0043599909277659875
2023-08-09,-0.007364342203178404,-0.006725530624747721
2023-08-10,0.002330383754003359,0.00036843438830673215
2023-08-11,-0.0005360075124842667,-0.0005757384003816229
2023-08-14,0.006103323299848051,0.005490543204236719
2023-08-15,-0.011309084962436707,-0.011706551480319429
2023-08-16,-0.007917916473105803,-0.007375127944339233
2023-08-17,-0.004892692555269273,-0.007641677091539614
2023-08-18,8.120711135332978e-05,0.0004704996793297115
2023-08-21,0.006108730467217042,0.006493757654702734
2023-08-22,-0.00289218497169934,-0.0027142773525806007
2023-08-23,0.010163849608855205,0.01106811713620097
2023-08-24,-0.01364859734833934,-0.013954257463073843
2023-08-25,0.008033736547669054,0.007024802924539632
2023-08-28,0.006220833681237347,0.00632677957070822
2023-08-29,0.013202333755380113,0.014364887895104086
2023-08-30,0.00377180845622325,0.004105657881627986
2023-08-31,-0.00010209346699120746,-0.0014806549476683376
2023-09-01,0.0010744664200211123,0.0018675417653434302
2023-09-05,-0.005356588120664612,-0.004332564810719127
2023-09-06,-0.006232120060799303,-0.006741289402027768
2023-09-07,-0.0014701402228229508,-0.003064624447706618
2023-09-08,0.0005706270279606225,0.0014989222098719566
2023-09-11,0.004945849566475136,0.006545803641026549
2023-09-12,-0.004750665992967902,-0.005486383919644165
2023-09-13,0.00132599789068105,0.001150271590894846
2023-09-14,0.007561073659869197,0.008585119292492411
2023-09-15,-0.011934628197426108,-0.012109128789749563
2023-09-18,3.486833107380896e-05,0.0005766680282061372
2023-09-19,-0.0018055173993878379,-0.0020775630741460987
2023-09-20,-0.00947351826487347,-0.009216227178533369
2023-09-21,-0.01589197589984524,-0.016673519946873116
2023-09-22,-0.0024471589529805695,-0.0022553812250289385
2023-09-25,0.0037913268914309905,0.004198049450300755
2023-09-26,-0.014433080393272716,-0.014806960955254174
2023-09-27,-0.0011025154946249676,0.00040827600024373803
2023-09-28,0.004116973805807718,0.0057700525203616985
2023-09-29,-0.0022904996465818272,-0.0024141033534853975
2023-10-02,0.0022326964848410763,-0.00040690786492009634
2023-10-03,-0.011692407922557777,-0.013473167497906103
2023-10-04,0.005002578098942278,0.00725324134417917
2023-10-05,-0.0057757556287698,-0.00038551430494573907
2023-10-06,0.009430097195592084,0.01181092512313996
2023-10-09,0.005414304804452468,0.006386157379510537
2023-10-10,0.005257750413593999,0.00519273241788173
2023-10-11,0.0013314549325740186,0.0040879673507270686
2023-10-12,-0.005198718378629303,-0.00611464476592517
2023-10-13,-0.0043054361159044555,-0.0049899005051168175
2023-10-16,0.010484412079580115,0.010447838631121729
2023-10-17,-0.00043748082779354076,-4.692412370067044e-05
2023-10-18,-0.013274074937374874,-0.01339258281180694
2023-10-19,-0.0031973821663215203,-0.008837144616061818
2023-10-20,-0.010689792042945952,-0.012358948465867952
2023-10-23,-0.0029318954614628275,-0.0017502921621241057
2023-10-24,0.007316304090593792,0.007514276055286944
2023-10-25,-0.014632796461075659,-0.014448236158020319
2023-10-26,-0.013920108272293601,-0.012052941593896305
2023-10-27,-0.003804633215032787,-0.004548230181492835
2023-10-30,0.01650313821992051,0.011886035338256173
2023-10-31,0.00464081746299014,0.006281920933126356
2023-11-01,0.01071320239927203,0.010584684257698608
2023-11-02,0.01597135244960153,0.01898836749758137
2023-11-03,0.007000859789309707,0.009078291148448674
2023-11-06,8.175046161821602e-05,0.0023037151702241187
2023-11-07,0.0035501427771255727,0.0028370808839734366
2023-11-08,-0.0008075679693643955,0.0007489585146243331
2023-11-09,-0.0081288525209327,-0.007845019682494493
2023-11-10,0.015457904894704144,0.015489675380514309
2023-11-13,-0.0011333912315644149,-0.0009523920858334229
2023-11-14,0.01632287360222428,0.019219631121561626
2023-11-15,0.004600216436480445,0.0021179452469025284
2023-11-16,-0.002272145310087457,0.00120499747435022
2023-11-17,0.0017173788723724448,0.001248935728623607
2023-11-20,0.007388778969705057,0.007663738918776921
2023-11-21,-0.0002502167392581157,-0.0021643078157143666
2023-11-22,0.003906608002190765,0.0038519200205277527
2023-11-24,0.001911744304277572,0.0006068438687100802
2023-11-27,-0.0033499776853155453,-0.0017991279084936202
2023-11-28,0.0018746244609117561,0.0009899208871744368
2023-11-29,-0.001745790929112092,-0.0006973422545803184
2023-11-30,0.005454691000459394,0.003930248846565264
2023-12-01,0.0028290900565725507,0.0058999858270208745
2023-12-04,-0.005350136093258286,-0.005272577004790376
2023-12-05,-0.0008711296910218738,-0.00020162419558648575
2023-12-06,-0.004140618277180913,-0.004041044495219113
2023-12-07,0.007658099809492983,0.007619425966621662
2023-12-08,0.0029073624213348144,0.0042772236564455725
2023-12-11,0.0059469674867296905,0.0038826384123791776
2023-12-12,0.006154327794449271,0.004551186522726635
2023-12-13,0.008110563133874756,0.013704542516801923
2023-12-14,0.0023339789352611923,0.0032127844246176867
2023-12-15,0.0026264380833419896,-0.0016485188757875292
2023-12-18,0.00676280135648367,0.0056068641370167725
2023-12-19,0.005647879296183674,0.006047776350857747
2023-12-20,-0.01417734743514172,-0.013936679664328364
2023-12-21,0.00844092545640248,0.009420445832712175
2023-12-22,0.001955356151422184,0.002024074246725992
2023-12-26,0.0038834840409740883,0.004207278777302763
2023-12-27,0.0016711943846987533,0.0017977148187830244
2023-12-28,-0.0006134730019607559,0.00038480450268540565
2023-12-29,-0.0023480114638531413,-0.0029110855782226086
2024-01-02,-0.004518992462088923,-0.005610565131949694
2024-01-03,-0.007071827206865949,-0.008181863824650542
2024-01-04,-0.0017146747425555362,-0.0032436108679562157
2024-01-05,0.00162851257405701,0.0013727436323930267
2024-01-08,0.01290683870639038,0.014183101565953132
2024-01-09,-0.0023010106405742733,-0.0015253894311366791
2024-01-10,0.006053012369193542,0.005638770126518502
2024-01-11,-0.0008725612073039042,-0.0004276885637120976
2024-01-12,-0.00035207767102064596,0.0006842139290641997
2024-01-16,-0.0028298772294343207,-0.003683166544077738
2024-01-17,-0.005487332890174111,-0.005571884003430725
2024-01-18,0.007690511193601938,0.008848854990833762
2024-01-19,0.01247583049435718,0.012389256913687986
2024-01-22,0.002395981489579042,0.0021097499333748706
2024-01-23,0.0033636391985141035,0.002925178596015096
2024-01-24,0.0014744040586126671,0.0010921158728198356
2024-01-25,0.005583956715463893,0.005421882885124012
2024-01-26,0.001001902604056585,-0.0012743246238098292
2024-01-29,0.008377877486137364,0.007891353220577161
2024-01-30,0.00239305279246757,-0.0007676587822651352
2024-01-31,-0.014704311363100086,-0.016469458716254187
2024-02-01,0.012046961280542877,0.013018096577633012
2024-02-02,0.007562821392145298,0.010462838757646982
2024-02-05,-0.0023953497650015124,-0.0036340400506200887
2024-02-06,0.0022039236844945075,0.002891787279485133
2024-02-07,0.005409948790232823,0.008298291431431444
2024-02-08,-0.0008413271902492529,0.00044991615957938293
2024-02-09,0.004623267940706339,0.005769580025541782
2024-02-12,-0.0006787363609018862,-0.0004473272273206576
2024-02-13,-0.012466411182389423,-0.013864223793879513
2024-02-14,0.010034719162729145,0.009032557870034538
2024-02-15,0.005392689028583769,0.006883657176266021
2024-02-16,-0.005372717503645924,-0.0049849030456435356
2024-02-20,-0.006836966779171152,-0.005522502837035368
2024-02-21,0.0024403394565619004,0.0009020460655113823
2024-02-22,0.0187130794488091,0.020485454226090598
2024-02-23,0.001966502050490059,0.0006823609954290869
2024-02-26,-0.003074154969068687,-0.003658074949307382
2024-02-27,0.001144630551968919,0.00185080925127004
2024-02-28,-0.0004309466509379779,-0.0013274071255818972
2024-02-29,0.004411668682629862,0.003596006084902859
2024-03-01,0.00732049388662393,0.00934119883948202
2024-03-04,-0.0023153803042389376,-0.0010733880334087996
2024-03-05,-0.010086734848370969,-0.010054152793462728
2024-03-06,0.0036914391471403038,0.005069693953036637
2024-03-07,0.007382227877933558,0.009865033562868667
2024-03-08,-0.006402231410470197,-0.006014846770822801
2024-03-11,-9.473252486739568e-05,-0.0008565311016163581
2024-03-12,0.009978966034660733,0.010703557024957707
2024-03-13,-0.0019613461246709616,-0.001578501146605273
2024-03-14,-0.0038214708319162486,-0.0019766368041569922
2024-03-15,-0.01039543105920069,-0.006889390430156818
2024-03-18,0.007511208306299895,0.005919410248595366
2024-03-19,0.00481029952323516,0.005549809336729228
2024-03-20,0.0071944833033514176,0.009214306096688614
2024-03-21,-9.698102218440901e-05,0.0032925849238521483
2024-03-22,-0.0031065611308721095,-0.0019079888193857147
2024-03-25,-0.0037120059754444396,-0.0027515702276554635
2024-03-26,-0.0018752930997804715,-0.0018581730708692645
2024-03-27,0.008687822107167592,0.008363844633209662
2024-03-28,0.001434272814092665,-0.00017474879904680283
2024-04-01,-0.0052383353687220505,-0.001749169590635264
2024-04-02,-0.007296836767709995,-0.006381194266886181
2024-04-03,-0.0009263918404356474,0.0010956975406011267
2024-04-04,-0.012629112374283453,-0.0122775767516505
2024-04-05,0.008426086351705123,0.010398502425526335
2024-04-08,-0.0010701386689363525,0.0005484281794497426
2024-04-09,0.0025941311492368845,0.0011546328474375158
2024-04-10,-0.010246671289883172,-0.010064560503397412
2024-04-11,0.0050003144882634215,0.007518684424513058
2024-04-12,-0.01362605910009782,-0.013900630572574423
2024-04-15,-0.010159694299946516,-0.012605461135768133
2024-04-16,-0.0009560546193128762,-0.001813821815728211
2024-04-17,-0.0032346385596370244,-0.005948183519760984
2024-04-18,-0.0007444443237202193,-0.002051616112835364
2024-04-19,-0.005938044560411513,-0.008761505668572832
2024-04-22,0.005306423503728016,0.009168100644594585
2024-04-23,0.012854273436657838,0.011780174821752589
2024-04-24,-0.0006648420518391368,-0.00046212114423840916
2024-04-25,-0.007665867045856003,-0.003805539733482284
2024-04-26,0.004947121442263372,0.009416889353755065
2024-04-29,0.004635897227696838,0.003550913402355105
2024-04-30,-0.014155373314000257,-0.015978179710063604
2024-05-01,-0.003718848355074803,-0.0032427421455785504
2024-05-02,0.007741511477884315,0.009294686138035843
2024-05-03,0.011164348158695173,0.012332880009825098
2024-05-06,0.00832930051980107,0.01027717650646421
2024-05-07,0.0012694081025692097,0.0011004992660416269
2024-05-08,0.0017072034212104242,9.819999418685953e-05
2024-05-09,0.0040485607811561845,0.005737744736428647
2024-05-10,0.0033651427909167993,0.0012879307078388978
2024-05-13,0.0007487271544757557,0.00013650146760282118
2024-05-14,0.0036080240884244948,0.004571770036723961
2024-05-15,0.009726247216799808,0.012307491528884164
2024-05-16,-0.002360457737957586,-0.0020535661526888843
2024-05-17,0.0018953698256706643,0.0014398574149271262
2024-05-20,-0.00013526744218142147,0.0011503950958096402
2024-05-21,0.0009562581473988568,0.0024497619907026405
2024-05-22,-0.0025882887082457158,-0.0028905903718557053
2024-05-23,-0.010559542507012213,-0.007330832772690975
2024-05-24,0.0030661774340305582,0.006602081589779234
2024-05-28,-0.0014667332721418269,0.0006904090947968058
2024-05-29,-0.0077729699126722965,-0.0070221630071687505
2024-05-30,-0.0054129713320387445,-0.006663591990124685
2024-05-31,0.010387336496132913,0.009073998394502894
2024-06-03,-0.0005403240094580069,0.0008085942452810174
2024-06-04,0.00379946047022615,0.0011155563551109309
2024-06-05,0.007910417808230158,0.011828803805698195
2024-06-06,0.0026246161119119226,-1.8997140930889596e-05
2024-06-07,-0.0005775425656877089,-0.0012165682873673507
2024-06-10,0.0011323558482549108,0.003076574897100269
2024-06-11,2.2289160751346306e-05,0.002405281412649101
2024-06-12,0.0024006210817626495,0.00817622911710612
2024-06-13,-0.0005593841482310683,0.002024292189230439
2024-06-14,0.004363238891432697,0.000599004173501897
2024-06-17,0.005067761786428989,0.007921682416782882
2024-06-18,0.0015729941070790393,0.0025402607691401916
2024-06-20,0.0019091325124106985,-0.002725934207231685
2024-06-21,0.0011904857305394575,-0.0013378674162316153
2024-06-24,-0.00013919385570658298,-0.003259242830395078
2024-06-25,-0.0006175357962451816,0.0038540715558544104
2024-06-26,0.0030471975658320815,0.0012442778758928953
2024-06-27,0.0014217353595870647,0.0015763367351465166
2024-06-28,-0.0017514633496331464,-0.003936208873589891
2024-07-01,0.002691869219520073,0.002044306391414354
2024-07-02,0.008304970680849939,0.006716712425950829
2024-07-03,0.005127113944332963,0.004452875041243726
2024-07-05,0.007162288884852412,0.005748299581205374
2024-07-08,-0.00023503012366892512,0.0011493520197634916
2024-07-09,0.0011431016534728079,0.0009658931161080983
2024-07-10,0.009135268061956942,0.009860511287628587
2024-07-11,-0.009096521172838557,-0.008659003797506388
2024-07-12,0.005851627425010458,0.006275298537058825
2024-07-15,0.0048040531111111714,0.002744377557511894
2024-07-16,0.009483757532300467,0.005914464491903022
2024-07-17,-0.007512491676805771,-0.014115757846863728
2024-07-18,-0.008454094243543406,-0.007719368593419001
2024-07-19,-0.008609636293165942,-0.006653824751023403
2024-07-22,0.010299119623985607,0.010256311983311193
2024-07-23,-0.0011413674796574437,-0.001571063531038711
2024-07-24,-0.02099211031882558,-0.022931270903580648
2024-07-25,-0.001184952536612492,-0.005214010836989665
2024-07-26,0.008449709605772673,0.0111264974026285
2024-07-29,0.0007288551437493133,0.000594906133923847
2024-07-30,-0.002872587648857514,-0.005086698937846438
2024-07-31,0.015424318073409824,0.016139394395403236
2024-08-01,-0.012562244835277582,-0.014273130299990184
2024-08-02,-0.016405476421649738,-0.01878325256722854
2024-08-05,-0.031051188538824468,-0.029557662316289424
2024-08-06,0.010399788431757645,0.009174644340467417
2024-08-07,-0.0058329962322017665,-0.006712022163640923
2024-08-08,0.02396051590815029,0.022849315178513647
2024-08-09,0.004075892612758376,0.004397703532263274
2024-08-12,-0.0007331466328146984,0.0005317431805791802
2024-08-13,0.0164642672604981,0.01630798419450652
2024-08-14,0.004254146298386158,0.0031517234671690326
2024-08-15,0.015416772581044236,0.01700353890095921
2024-08-16,0.002959558837831377,0.0022308376718074485
2024-08-19,0.00900308232281666,0.009525439676526285
2024-08-20,-0.0008369468265012444,-0.0016296085304044385
2024-08-21,0.0026650827845644885,0.003419115989743427
2024-08-22,-0.00883821650962614,-0.00786877417008694
2024-08-23,0.0122012326392858,0.010574061949087717
2024-08-26,-0.0009025441622303067,-0.0023983205227738166
2024-08-27,0.002675589699803524,0.001371173108907229
2024-08-28,-0.006137544727573756,-0.005822380110886086
2024-08-29,0.0009849100301646285,9.066922964577615e-05
2024-08-30,0.010709716898313322,0.0095107328340487
2024-09-03,-0.01960945269535266,-0.020798542902864064
2024-09-04,0.0005422330755511086,-0.0020560651966253147
2024-09-05,-0.00453112969530765,-0.002428659360126516
2024-09-06,-0.019137881136783944,-0.016980418395268336
2024-09-09,0.012590385765688857,0.011142280358040652
2024-09-10,0.002931471359422777,0.004344898813879489
2024-09-11,0.008810086076023885,0.010205293959780924
2024-09-12,0.007401742408081233,0.008383315298446537
2024-09-13,0.004572065750667502,0.0052198689833751095
2024-09-16,0.0014951615941562466,0.001476121309956244
2024-09-17,0.0004270050380819572,0.0003956621097244048
2024-09-18,-0.004805590099624873,-0.0029712887530974957
2024-09-19,0.01701342217730205,0.01693455463446172
2024-09-20,-0.0023680573615076014,-0.001739223467147038
2024-09-23,0.003825874653796299,0.0025013983611355322
2024-09-24,0.0054261209944763125,0.002848576312034093
2024-09-25,-4.834843308912087e-05,-0.0021932160618586393
2024-09-26,0.0010071892999813843,0.0039408047465963126
2024-09-27,-0.0007933991587192787,-0.0014472804248870064
2024-09-30,0.004325793283735182,0.004001380260627247
2024-10-01,-0.007159193324274104,-0.008994662113485806
2024-10-02,-0.0002227389054977276,0.00042593217674112083
2024-10-03,-0.0033472617946377985,-0.0018292417301588048
2024-10-04,0.009174715999478325,0.009042468911185843
2024-10-07,-0.008939678825465425,-0.00907802130653227
2024-10-08,0.009517434171501542,0.009412666805591193
2024-10-09,0.00696353960806547,0.006896881635892279
2024-10-10,-0.0034802925342178994,-0.0017504249248757812
2024-10-11,0.004826918823387739,0.005973816891953228
2024-10-14,0.006450157080766263,0.008134568014986977
2024-10-15,-0.005843949056432362,-0.00780373335094453
2024-10-16,0.00455833380880061,0.004342923528829412
2024-10-17,-0.0031328732778923983,8.666637783305919e-05
2024-10-18,0.006348902452642699,0.0038404365092819213
2024-10-21,-0.0037743512141102443,-0.0016416250587075439
2024-10-22,0.004000789244128409,-0.0005362718853925213
2024-10-23,-0.007449663401644218,-0.009178363319108204
2024-10-24,0.0026032451831031886,0.0021631059459214265
2024-10-25,-0.0016059592835631548,-0.00034857173087668187
2024-10-28,0.0027521938692322357,0.003098025312704917
2024-10-29,0.0018855920498806447,0.001614821982571682
2024-10-30,-0.0035197553715355127,-0.0030408099815837893
2024-10-31,-0.015398226083902575,-0.019789749527263447
2024-11-01,0.0032247147132255707,0.004215678625422129
2024-11-04,-0.004940426248984973,-0.002158757960488767
2024-11-05,0.010891797086479964,0.0120084550395648
2024-11-06,0.02443973712838742,0.024566672710488083
2024-11-07,0.00600861140621967,0.007706413336030842
2024-11-08,0.007100297693724429,0.004312064378517983
2024-11-11,0.0007150011709501895,0.0009613358247636082
2024-11-12,-0.00440433629370505,-0.003106588799073945
2024-11-13,8.705705744772085e-05,0.00047336478711838413
2024-11-14,-0.006794244173952323,-0.0064434305168176
2024-11-15,-0.012623522888053644,-0.012892137779157918
2024-11-18,0.006163072913679766,0.0040927986144361885
2024-11-19,0.0005577685194872923,0.0036487325603646744
2024-11-20,0.0005570967983280119,0.00034192125886580197
2024-11-21,0.005776150844783886,0.005352893790751558
2024-11-22,0.003353301539134207,0.0030895658445736656
2024-11-25,0.0040945440414885785,0.00338415524585984
2024-11-26,0.006044543806636295,0.005206107439598647
2024-11-27,-0.0035185696475965463,-0.0030293873516072604
2024-11-29,0.006187158652197977,0.006183646535412156
2024-12-02,0.0013832483970997141,0.0017908104435310462
2024-12-03,-0.00010424498826469192,0.00046809436299480745
2024-12-04,0.005403456190608228,0.00619826367482368
2024-12-05,-0.0003822258385986396,-0.0016457898932921247
2024-12-06,0.004502937446787944,0.0018949158775902375
2024-12-09,-0.0068520395044323395,-0.005177951215085303
2024-12-10,-0.0011721220746538467,-0.003109642389458164
2024-12-11,0.007674843023293881,0.007706203068154762
2024-12-12,-0.004232442769514411,-0.005164268157627377
2024-12-13,0.0016718446934475308,-0.00020044431890983933
2024-12-16,0.0023928139419758464,0.0042508211403242645
2024-12-17,-0.0032881725408865138,-0.004117187130269742
2024-12-18,-0.02795601409894608,-0.030268603273087072
2024-12-19,-0.00232443878671671,-0.0002927224065465555
2024-12-20,0.010404865010143295,0.011931906246236147
2024-12-23,0.007172343409599542,0.005972192844145619
2024-12-24,0.011111207583599986,0.011052438628456335
2024-12-26,-0.0011000300143105635,6.691760772049996e-05
2024-12-27,-0.009428609530163804,-0.01057819407726176
2024-12-30,-0.010949576471665369,-0.011477668276627774
2024-12-31,-0.004091071039443156,-0.0036493577033247155
