,date,universe,weights,cvar,tracking_error,turnover,n_positions,status
0,2011-03-31,"['AAPL', 'MSFT', 'AMZN', 'NVDA', 'GOOGL', 'GOOG', 'META', 'TSLA', 'BRK-B', 'JPM', 'JNJ', 'V', 'UNH', 'PG', 'MA', 'HD', 'BAC', 'CVX', 'LLY', 'XOM', 'AVGO', 'COST', 'ABBV', 'PFE', 'MRK', 'PEP', 'KO', 'ADBE', 'CSCO', 'WMT', 'MCD', 'ACN', 'CRM', 'TMO', 'DIS', 'LIN', 'NFLX', 'ABT', 'DHR', 'WFC', 'CMCSA', 'VZ', 'NEE', 'NKE', 'PM', 'TXN', 'HON', 'UPS', 'LOW', 'RTX', 'MS', 'INTC', 'GS', 'AMD', 'IBM', 'SBUX', 'CAT', 'DE', 'UNP', 'BA']","0.01666721,0.02201807,0.00421509,0.01028019,0.00544641,0.01473188,-4.4e-07,0.00462529,0.01666678,0.01666653,0.00914514,-1.09e-06,0.0307001,0.01666638,0.00911975,-4.2e-07,0.02697087,0.03095121,0.0166665,0.04999833,1.22e-06,0.01666798,-4.4e-07,0.00981226,0.02768773,0.0166654,0.00715047,0.01666782,0.01358651,0.01607025,0.016667,0.02781093,0.01502261,0.01666716,0.01666688,0.00989561,0.01529103,0.00512551,0.01881407,0.05000157,0.01666832,0.02591921,0.01666789,0.0166657,0.01666521,0.00671571,0.0500002,0.03833733,0.01666978,0.01666696,0.01666776,0.02593662,0.01666735,0.00239304,0.01666684,1.708e-05,0.02781507,0.01666778,0.03251747,0.00586932",0.0018940840616969228,0.0014056930554936138,0.47098458369647483,54,optimal
1,2011-06-30,"['AAPL', 'MSFT', 'AMZN', 'NVDA', 'GOOGL', 'GOOG', 'META', 'TSLA', 'BRK-B', 'JPM', 'JNJ', 'V', 'UNH', 'PG', 'MA', 'HD', 'BAC', 'CVX', 'LLY', 'XOM', 'AVGO', 'COST', 'ABBV', 'PFE', 'MRK', 'PEP', 'KO', 'ADBE', 'CSCO', 'WMT', 'MCD', 'ACN', 'CRM', 'TMO', 'DIS', 'LIN', 'NFLX', 'ABT', 'DHR', 'WFC', 'CMCSA', 'VZ', 'NEE', 'NKE', 'PM', 'TXN', 'HON', 'UPS', 'LOW', 'RTX', 'MS', 'INTC', 'GS', 'AMD', 'IBM', 'SBUX', 'CAT', 'DE', 'UNP', 'BA']","0.02272818,0.02202767,0.00638247,0.01055565,0.00197133,0.00918652,2.07e-06,0.00463676,0.01667052,0.01730157,0.00915562,0.00156533,0.03070242,0.03404542,0.00912663,-7.6e-07,0.02696877,0.04144509,0.01668283,0.04999955,0.00463949,0.0088817,2.07e-06,0.00981556,0.0276942,0.03308687,0.00715722,0.01564948,0.01358462,2.46e-06,0.01667385,0.02130942,0.00759229,0.01667835,0.01667574,0.00989694,0.01208287,0.00513233,0.01881917,0.04362783,0.01757712,0.02592976,0.01686085,0.01666887,0.01667239,0.00663691,0.05000083,0.03834321,0.01666843,0.01667308,0.01667574,0.03189455,0.01082428,0.00239974,0.01639439,2.25e-06,0.02776293,0.01651609,0.0325207,0.0028217",0.0017380279357083858,0.0012547914671511846,0.13374562408090626,55,optimal
2,2011-09-30,"['AAPL', 'MSFT', 'AMZN', 'NVDA', 'GOOGL', 'GOOG', 'META', 'TSLA', 'BRK-B', 'JPM', 'JNJ', 'V', 'UNH', 'PG', 'MA', 'HD', 'BAC', 'CVX', 'LLY', 'XOM', 'AVGO', 'COST', 'ABBV', 'PFE', 'MRK', 'PEP', 'KO', 'ADBE', 'CSCO', 'WMT', 'MCD', 'ACN', 'CRM', 'TMO', 'DIS', 'LIN', 'NFLX', 'ABT', 'DHR', 'WFC', 'CMCSA', 'VZ', 'NEE', 'NKE', 'PM', 'TXN', 'HON', 'UPS', 'LOW', 'RTX', 'MS', 'INTC', 'GS', 'AMD', 'IBM', 'SBUX', 'CAT', 'DE', 'UNP', 'BA']","0.02271869,0.02202118,1.62e-06,0.01121635,0.00306798,0.01669743,-1.83e-06,0.00549817,0.03239101,0.01730646,0.00914421,0.00156077,0.030696,0.03403441,0.0203958,0.00207486,0.02208344,0.04998054,0.03536038,0.04999431,0.00901409,0.00886745,-1.83e-06,0.00980855,0.01968732,0.03308049,-2.24e-06,0.01564446,0.01362536,0.00536444,0.01666266,0.02340844,0.01443633,0.02003144,0.01666997,0.02499613,3.07e-05,0.00511568,0.01952223,0.04365839,0.0430073,0.02591063,0.01685194,0.00377248,0.01143437,0.00073592,0.00083087,0.03833597,0.00241947,0.01666922,0.00030387,0.03775315,3.56e-06,0.00584857,0.00883941,0.01396227,0.02795806,0.01868336,0.0325144,0.00830335",0.0016219168297830508,0.0012735210179862888,0.32172152179211305,54,optimal
3,2011-12-30,"['AAPL', 'MSFT', 'AMZN', 'NVDA', 'GOOGL', 'GOOG', 'META', 'TSLA', 'BRK-B', 'JPM', 'JNJ', 'V', 'UNH', 'PG', 'MA', 'HD', 'BAC', 'CVX', 'LLY', 'XOM', 'AVGO', 'COST', 'ABBV', 'PFE', 'MRK', 'PEP', 'KO', 'ADBE', 'CSCO', 'WMT', 'MCD', 'ACN', 'CRM', 'TMO', 'DIS', 'LIN', 'NFLX', 'ABT', 'DHR', 'WFC', 'CMCSA', 'VZ', 'NEE', 'NKE', 'PM', 'TXN', 'HON', 'UPS', 'LOW', 'RTX', 'MS', 'INTC', 'GS', 'AMD', 'IBM', 'SBUX', 'CAT', 'DE', 'UNP', 'BA']","0.03661185,0.02079036,4.75e-06,0.00993271,0.00132813,0.01670498,7.66e-06,0.00784725,0.03238914,0.01730575,0.00915057,0.00156416,0.02072955,0.00986286,0.02574955,0.00934252,0.01501348,0.0499988,0.04521301,0.05000151,0.00528804,0.00887015,7.66e-06,0.0098107,0.01192103,0.03308727,2.21e-06,0.01041506,0.02146231,0.00537046,0.03908012,0.01846311,0.01738565,0.00963152,0.0166635,0.00097145,-1.67e-06,3.33e-06,0.03795853,0.02484639,0.02158143,0.02173472,0.0191037,0.00377229,0.01143875,0.00445636,0.01874762,0.03833859,0.00242162,0.01666341,0.02143458,0.03350122,-3.02e-06,0.00584631,0.00884151,0.01955827,0.02795178,0.02548415,0.03379728,0.01454388",0.0014376052921326974,0.0012777775229230223,0.31078892652075607,53,optimal
4,2012-03-30,"['AAPL', 'MSFT', 'AMZN', 'NVDA', 'GOOGL', 'GOOG', 'META', 'TSLA', 'BRK-B', 'JPM', 'JNJ', 'V', 'UNH', 'PG', 'MA', 'HD', 'BAC', 'CVX', 'LLY', 'XOM', 'AVGO', 'COST', 'ABBV', 'PFE', 'MRK', 'PEP', 'KO', 'ADBE', 'CSCO', 'WMT', 'MCD', 'ACN', 'CRM', 'TMO', 'DIS', 'LIN', 'NFLX', 'ABT', 'DHR', 'WFC', 'CMCSA', 'VZ', 'NEE', 'NKE', 'PM', 'TXN', 'HON', 'UPS', 'LOW', 'RTX', 'MS', 'INTC', 'GS', 'AMD', 'IBM', 'SBUX', 'CAT', 'DE', 'UNP', 'BA']","0.028876,0.02078499,0.0040488,0.00993915,0.00037838,0.01671476,-2.87e-06,0.00219658,0.03239127,0.01730494,0.00914846,0.00157509,0.02072947,0.00985897,0.0195805,0.00599226,0.01924837,0.04999828,0.04171755,0.0499988,0.00281048,0.00556693,-2.87e-06,0.02279055,-4.3e-07,0.02621929,-1.24e-06,0.00903846,0.02411358,1.14e-06,0.02668602,0.01846431,0.01738871,0.01120094,0.01666282,0.00713462,0.00184832,0.01509352,0.03796003,0.01506031,0.0301148,0.01547676,0.04999424,0.00376526,0.01592424,0.01780632,0.01875173,0.03833681,0.01751929,2.12e-06,0.02143344,0.02078017,-1.1e-07,0.01418798,0.00884128,0.02248973,0.04359806,0.00137004,0.02654801,0.01454462",0.0012824093043992785,0.001184278589038488,0.29580400017625874,53,optimal
5,2012-06-29,"['AAPL', 'MSFT', 'AMZN', 'NVDA', 'GOOGL', 'GOOG', 'META', 'TSLA', 'BRK-B', 'JPM', 'JNJ', 'V', 'UNH', 'PG', 'MA', 'HD', 'BAC', 'CVX', 'LLY', 'XOM', 'AVGO', 'COST', 'ABBV', 'PFE', 'MRK', 'PEP', 'KO', 'ADBE', 'CSCO', 'WMT', 'MCD', 'ACN', 'CRM', 'TMO', 'DIS', 'LIN', 'NFLX', 'ABT', 'DHR', 'WFC', 'CMCSA', 'VZ', 'NEE', 'NKE', 'PM', 'TXN', 'HON', 'UPS', 'LOW', 'RTX', 'MS', 'INTC', 'GS', 'AMD', 'IBM', 'SBUX', 'CAT', 'DE', 'UNP', 'BA']","0.03625059,0.02593579,0.00116383,0.00993384,0.00037507,0.01671153,5.5e-07,0.00410015,0.03238758,0.01765972,0.00914599,0.00138241,0.03176262,0.00917051,0.01957606,0.0131386,0.01158456,0.04999909,0.04171497,0.04151559,0.00227139,-1.93e-06,-6.7e-07,0.02278737,2.8e-07,0.02621839,-3.9e-07,0.00865951,0.02417443,-4.09e-06,0.02018609,0.02079987,0.01737839,0.01553954,0.01666038,0.00713099,-2.22e-06,0.0150902,0.03784182,0.02696695,0.03010934,0.01547417,0.04999478,-1.45e-06,0.01592276,0.0178011,0.01316456,0.03833232,0.00295171,-9.6e-07,0.02143182,0.01664452,-4.1e-07,0.01418312,0.01375367,0.02248255,0.03786348,0.00687253,0.02654428,0.02127075",0.0014311849735357933,0.0011914777702964289,0.13750890156712223,50,optimal
6,2012-09-28,"['AAPL', 'MSFT', 'AMZN', 'NVDA', 'GOOGL', 'GOOG', 'META', 'TSLA', 'BRK-B', 'JPM', 'JNJ', 'V', 'UNH', 'PG', 'MA', 'HD', 'BAC', 'CVX', 'LLY', 'XOM', 'AVGO', 'COST', 'ABBV', 'PFE', 'MRK', 'PEP', 'KO', 'ADBE', 'CSCO', 'WMT', 'MCD', 'ACN', 'CRM', 'TMO', 'DIS', 'LIN', 'NFLX', 'ABT', 'DHR', 'WFC', 'CMCSA', 'VZ', 'NEE', 'NKE', 'PM', 'TXN', 'HON', 'UPS', 'LOW', 'RTX', 'MS', 'INTC', 'GS', 'AMD', 'IBM', 'SBUX', 'CAT', 'DE', 'UNP', 'BA']","0.03625264,0.03558703,0.00116879,0.00580035,0.01163778,0.03693308,-2.99e-06,-1.13e-05,0.02660348,0.02903819,0.00914564,0.0013858,0.02387232,0.00916958,0.03026439,0.02033964,0.00584682,0.0499986,0.04171627,0.04151369,0.00537369,5.3e-07,-2.5e-07,0.02278777,1.34e-06,0.00264705,6.8e-07,0.00866141,0.0220721,-6e-08,0.01094641,0.02080051,0.0126832,0.01554006,0.03653992,0.00712994,-4.79e-06,0.0244448,0.01872638,0.0308828,0.03011374,0.0154771,0.04999534,-6.4e-07,0.0415253,0.02756347,0.00304984,1.5e-07,-3.28e-06,-6.9e-07,0.02434298,0.01664242,7.7e-07,0.01061686,0.01997517,0.01908842,0.03785997,0.01576418,0.02654155,0.00595402",0.00136794983091098,0.0011986051669239546,0.32015844638483143,47,optimal
7,2012-12-31,"['AAPL', 'MSFT', 'AMZN', 'NVDA', 'GOOGL', 'GOOG', 'META', 'TSLA', 'BRK-B', 'JPM', 'JNJ', 'V', 'UNH', 'PG', 'MA', 'HD', 'BAC', 'CVX', 'LLY', 'XOM', 'AVGO', 'COST', 'ABBV', 'PFE', 'MRK', 'PEP', 'KO', 'ADBE', 'CSCO', 'WMT', 'MCD', 'ACN', 'CRM', 'TMO', 'DIS', 'LIN', 'NFLX', 'ABT', 'DHR', 'WFC', 'CMCSA', 'VZ', 'NEE', 'NKE', 'PM', 'TXN', 'HON', 'UPS', 'LOW', 'RTX', 'MS', 'INTC', 'GS', 'AMD', 'IBM', 'SBUX', 'CAT', 'DE', 'UNP', 'BA']","0.05002672,0.05000015,0.00081238,-2.592e-05,6.45e-06,0.00662961,4e-08,0.00041579,0.02660157,0.02903499,0.03919727,0.00339514,0.02080243,0.00916598,0.03026081,0.01653413,0.00677797,0.0433722,0.02384921,0.04150949,0.00536465,-1.4e-06,-1.75e-06,0.02278587,-8.3e-07,0.00264363,1.43e-06,0.00865564,0.02201666,0.0117756,-1.2e-06,0.0407587,0.01267935,0.01645814,0.03653524,0.0134392,-5.9e-06,0.0244445,0.01365908,0.04628207,0.0301084,0.02740225,0.04999176,0.01016194,0.0135911,0.02755813,0.00304768,-1.31e-06,-2.21e-06,-2.42e-06,0.01341055,0.01197226,0.004695,0.00074494,0.02900411,-8.2e-07,0.0378526,0.01835061,0.02655709,0.0197033",0.001304449689639038,0.0010638670008261903,0.3362676204962175,47,optimal
8,2013-03-28,"['AAPL', 'MSFT', 'AMZN', 'NVDA', 'GOOGL', 'GOOG', 'META', 'TSLA', 'BRK-B', 'JPM', 'JNJ', 'V', 'UNH', 'PG', 'MA', 'HD', 'BAC', 'CVX', 'LLY', 'XOM', 'AVGO', 'COST', 'ABBV', 'PFE', 'MRK', 'PEP', 'KO', 'ADBE', 'CSCO', 'WMT', 'MCD', 'ACN', 'CRM', 'TMO', 'DIS', 'LIN', 'NFLX', 'ABT', 'DHR', 'WFC', 'CMCSA', 'VZ', 'NEE', 'NKE', 'PM', 'TXN', 'HON', 'UPS', 'LOW', 'RTX', 'MS', 'INTC', 'GS', 'AMD', 'IBM', 'SBUX', 'CAT', 'DE', 'UNP', 'BA']","0.04182121,0.02340446,0.00931594,-5.32e-06,0.00023541,0.00711321,7.2e-07,0.00445709,0.02660443,0.01758494,0.03919852,0.00778795,0.02080527,0.01551055,0.03026423,0.01653571,0.00678354,0.04447458,0.02385163,0.04151262,0.00988993,0.00807635,6.2e-07,0.02278947,1.36e-06,1.69e-06,6.41e-06,0.02476065,0.01961414,0.01177617,5.2e-07,0.04075703,-5.93e-06,0.02133465,0.03936282,0.01344156,0.00419593,0.02444782,0.00813767,0.04628461,0.03011195,0.03265215,0.04080244,0.00833174,0.01358398,0.03332902,0.00304919,1.6e-06,9.24e-06,0.00632954,0.01341944,3.7e-07,0.02562328,0.00837617,0.03567162,-1.68e-06,0.0117712,0.01835177,0.02675437,0.01970246",0.001340174681248452,0.0010287240164630696,0.23717137646228784,48,optimal
9,2013-06-28,"['AAPL', 'MSFT', 'AMZN', 'NVDA', 'GOOGL', 'GOOG', 'META', 'TSLA', 'BRK-B', 'JPM', 'JNJ', 'V', 'UNH', 'PG', 'MA', 'HD', 'BAC', 'CVX', 'LLY', 'XOM', 'AVGO', 'COST', 'ABBV', 'PFE', 'MRK', 'PEP', 'KO', 'ADBE', 'CSCO', 'WMT', 'MCD', 'ACN', 'CRM', 'TMO', 'DIS', 'LIN', 'NFLX', 'ABT', 'DHR', 'WFC', 'CMCSA', 'VZ', 'NEE', 'NKE', 'PM', 'TXN', 'HON', 'UPS', 'LOW', 'RTX', 'MS', 'INTC', 'GS', 'AMD', 'IBM', 'SBUX', 'CAT', 'DE', 'UNP', 'BA']","0.03861084,0.0233999,0.00931795,-2.69e-06,0.0002332,0.00711094,-2e-07,0.00446377,0.02660538,0.00690196,0.03919741,0.01334014,0.00903635,0.01551074,0.01892469,0.01653584,0.00678826,0.04447485,0.01825679,0.04151254,0.00981732,0.02501448,2.8e-07,0.02274304,-0.0,3.9e-07,1.107e-05,0.02476132,0.01193199,0.01177476,2.2e-07,0.04075967,-4.32e-06,0.02728995,0.0393641,0.01344511,0.0043019,0.02444874,0.0081384,0.04628397,0.02772794,0.04999518,0.0271291,0.00833179,0.01358609,0.03332954,0.01022679,9e-08,0.00751993,0.00970435,0.01931052,9e-08,0.02562147,0.00607693,0.03488578,1.8e-07,0.0117712,0.01743347,0.02734605,0.01970251",0.0012179072465431278,0.001086758784963783,0.14095732648641393,49,optimal
10,2013-09-30,"['AAPL', 'MSFT', 'AMZN', 'NVDA', 'GOOGL', 'GOOG', 'META', 'TSLA', 'BRK-B', 'JPM', 'JNJ', 'V', 'UNH', 'PG', 'MA', 'HD', 'BAC', 'CVX', 'LLY', 'XOM', 'AVGO', 'COST', 'ABBV', 'PFE', 'MRK', 'PEP', 'KO', 'ADBE', 'CSCO', 'WMT', 'MCD', 'ACN', 'CRM', 'TMO', 'DIS', 'LIN', 'NFLX', 'ABT', 'DHR', 'WFC', 'CMCSA', 'VZ', 'NEE', 'NKE', 'PM', 'TXN', 'HON', 'UPS', 'LOW', 'RTX', 'MS', 'INTC', 'GS', 'AMD', 'IBM', 'SBUX', 'CAT', 'DE', 'UNP', 'BA']","0.03546673,-3.51e-06,0.00931672,0.03339538,-1.91e-06,-1.91e-06,0.01725786,0.01042585,0.02660336,0.0092059,0.02505056,0.00563574,0.0090355,0.01550925,0.01892166,-2.66e-06,0.00678754,0.04447201,0.01825404,0.04151029,0.00701425,0.02345051,0.00303402,0.0328684,0.00110413,-8.1e-07,0.01661656,0.02476007,0.00644051,0.00802187,-9.9e-07,0.00479314,-2.29e-06,0.02760979,0.02027276,0.01344128,0.00426176,0.02444994,0.00813531,0.04628328,0.02771984,0.03270098,0.02788582,0.00832822,-1.85e-06,0.0333279,0.0117985,0.02547176,0.02630528,0.00970191,0.01886937,0.01086652,0.02876983,0.00603841,0.03464293,0.0016303,0.01176959,6.2e-07,0.04999356,0.03478865",0.0014157323821849,0.0012456286963655548,0.3801559478775131,51,optimal
11,2013-12-31,"['AAPL', 'MSFT', 'AMZN', 'NVDA', 'GOOGL', 'GOOG', 'META', 'TSLA', 'BRK-B', 'JPM', 'JNJ', 'V', 'UNH', 'PG', 'MA', 'HD', 'BAC', 'CVX', 'LLY', 'XOM', 'AVGO', 'COST', 'ABBV', 'PFE', 'MRK', 'PEP', 'KO', 'ADBE', 'CSCO', 'WMT', 'MCD', 'ACN', 'CRM', 'TMO', 'DIS', 'LIN', 'NFLX', 'ABT', 'DHR', 'WFC', 'CMCSA', 'VZ', 'NEE', 'NKE', 'PM', 'TXN', 'HON', 'UPS', 'LOW', 'RTX', 'MS', 'INTC', 'GS', 'AMD', 'IBM', 'SBUX', 'CAT', 'DE', 'UNP', 'BA']","0.03546864,0.014531,0.01863804,0.02813638,1.93e-06,1.98e-06,0.0100368,0.01041269,0.02660726,0.02162619,0.02505408,0.00563506,0.01206152,0.0378752,0.01892475,2.07e-06,0.00679092,0.03513811,0.0164032,0.03380918,0.00932009,0.01712114,0.00303587,0.03287372,0.00110994,1.2e-07,0.01661782,0.04271824,-1.6e-07,1.59e-06,4.7e-07,0.00967705,1.74e-06,0.03391316,0.01877925,1.85e-06,0.00426534,0.0181396,0.00813925,0.04626757,0.02772383,0.03270548,0.0441554,0.00314122,1.2e-07,0.03332967,0.01180335,0.02547529,0.00794359,0.00953514,0.02238807,0.01055232,0.028772,-6.11e-06,0.01619118,0.00163731,0.01177573,0.01523336,0.04999871,0.02850569",0.0016007365066999066,0.0012866647870676073,0.25647583456337364,49,optimal
12,2014-03-31,"['AAPL', 'MSFT', 'AMZN', 'NVDA', 'GOOGL', 'GOOG', 'META', 'TSLA', 'BRK-B', 'JPM', 'JNJ', 'V', 'UNH', 'PG', 'MA', 'HD', 'BAC', 'CVX', 'LLY', 'XOM', 'AVGO', 'COST', 'ABBV', 'PFE', 'MRK', 'PEP', 'KO', 'ADBE', 'CSCO', 'WMT', 'MCD', 'ACN', 'CRM', 'TMO', 'DIS', 'LIN', 'NFLX', 'ABT', 'DHR', 'WFC', 'CMCSA', 'VZ', 'NEE', 'NKE', 'PM', 'TXN', 'HON', 'UPS', 'LOW', 'RTX', 'MS', 'INTC', 'GS', 'AMD', 'IBM', 'SBUX', 'CAT', 'DE', 'UNP', 'BA']","0.03546352,0.01626717,0.01082114,0.0302812,0.01024872,0.00025272,0.00350268,0.01371266,0.02660519,0.02162357,0.0250508,-9.4e-07,0.01206199,0.03787184,0.01892511,8.7e-07,0.00678976,0.02865121,0.01640034,0.03380737,0.00932708,0.0171206,0.0030354,0.04801738,0.02091268,0.0008337,-5.4e-07,0.04271565,0.00190505,5e-08,0.00340671,0.00967576,0.01780811,0.02153337,0.01328911,5.8e-07,-2.29e-06,0.01813495,0.00813625,0.04952198,0.02772405,0.02470696,0.04999451,0.00165096,-4e-07,0.03660522,0.01948924,0.02547267,0.00794764,0.00953355,0.00956169,0.01054989,0.02877297,2.86e-06,0.01217602,9.4e-07,0.02043063,0.01523073,0.03623559,0.03020581",0.0016391539305291509,0.0014053335383808537,0.21401660296912495,51,optimal
13,2014-06-30,"['AAPL', 'MSFT', 'AMZN', 'NVDA', 'GOOGL', 'GOOG', 'META', 'TSLA', 'BRK-B', 'JPM', 'JNJ', 'V', 'UNH', 'PG', 'MA', 'HD', 'BAC', 'CVX', 'LLY', 'XOM', 'AVGO', 'COST', 'ABBV', 'PFE', 'MRK', 'PEP', 'KO', 'ADBE', 'CSCO', 'WMT', 'MCD', 'ACN', 'CRM', 'TMO', 'DIS', 'LIN', 'NFLX', 'ABT', 'DHR', 'WFC', 'CMCSA', 'VZ', 'NEE', 'NKE', 'PM', 'TXN', 'HON', 'UPS', 'LOW', 'RTX', 'MS', 'INTC', 'GS', 'AMD', 'IBM', 'SBUX', 'CAT', 'DE', 'UNP', 'BA']","0.04866425,0.01625777,0.01057599,0.02765242,0.01024396,0.00327912,0.00352657,0.01262085,0.02660023,0.01353003,0.02504621,-2.55e-06,0.0146562,0.0378666,-4.5e-06,-3.4e-07,0.00678929,0.02864595,0.01754611,0.04949068,0.00922949,0.01711436,0.01238142,0.03348973,0.01514396,0.00082608,-1.11e-06,0.03784806,-3.11e-06,-1.43e-06,0.02676962,0.0097266,0.01779753,0.02152569,0.01897881,-1.63e-06,-2.77e-06,0.01812686,0.00813034,0.04951693,0.0277172,0.00793971,0.04998602,0.00164492,-1.17e-06,0.03659576,0.01948086,0.0360312,-3.47e-06,0.00952676,0.0095556,0.01054101,0.02845322,-3.27e-06,-4.89e-06,0.00461632,0.02042269,0.01522749,0.03623022,0.03646359",0.001531866686599384,0.0012449385964515107,0.19111089235767464,48,optimal
14,2014-09-30,"['AAPL', 'MSFT', 'AMZN', 'NVDA', 'GOOGL', 'GOOG', 'META', 'TSLA', 'BRK-B', 'JPM', 'JNJ', 'V', 'UNH', 'PG', 'MA', 'HD', 'BAC', 'CVX', 'LLY', 'XOM', 'AVGO', 'COST', 'ABBV', 'PFE', 'MRK', 'PEP', 'KO', 'ADBE', 'CSCO', 'WMT', 'MCD', 'ACN', 'CRM', 'TMO', 'DIS', 'LIN', 'NFLX', 'ABT', 'DHR', 'WFC', 'CMCSA', 'VZ', 'NEE', 'NKE', 'PM', 'TXN', 'HON', 'UPS', 'LOW', 'RTX', 'MS', 'INTC', 'GS', 'AMD', 'IBM', 'SBUX', 'CAT', 'DE', 'UNP', 'BA']","0.04999252,0.02015067,0.01054328,0.02088,0.01340745,0.00328138,0.00513052,0.01058262,5.4e-07,0.01352782,0.025046,0.00273862,0.01465302,0.03786762,0.00016196,0.01086911,8.8e-07,0.02864621,0.01754716,0.04948825,0.00922799,0.01908475,0.02137539,0.01432125,0.01514415,0.03108779,0.0,0.02784807,-1.91e-06,-8.5e-07,0.02676954,0.01253756,0.01675855,0.02152718,0.02240116,0.02081203,0.00221724,0.00669888,0.00813304,0.04951843,0.02771527,0.00794118,0.04078254,1.1e-07,0.01968439,0.02005874,0.01750494,0.02928289,-3.83e-06,0.00952721,0.00955978,0.0200642,0.02845283,-1.78e-06,0.00504465,0.00461387,0.0204203,0.02148517,0.02907948,0.02881214",0.0013298589581144707,0.0010158903472435392,0.269591390010864,52,optimal
15,2014-12-31,"['AAPL', 'MSFT', 'AMZN', 'NVDA', 'GOOGL', 'GOOG', 'META', 'TSLA', 'BRK-B', 'JPM', 'JNJ', 'V', 'UNH', 'PG', 'MA', 'HD', 'BAC', 'CVX', 'LLY', 'XOM', 'AVGO', 'COST', 'ABBV', 'PFE', 'MRK', 'PEP', 'KO', 'ADBE', 'CSCO', 'WMT', 'MCD', 'ACN', 'CRM', 'TMO', 'DIS', 'LIN', 'NFLX', 'ABT', 'DHR', 'WFC', 'CMCSA', 'VZ', 'NEE', 'NKE', 'PM', 'TXN', 'HON', 'UPS', 'LOW', 'RTX', 'MS', 'INTC', 'GS', 'AMD', 'IBM', 'SBUX', 'CAT', 'DE', 'UNP', 'BA']","0.04998536,0.01992952,0.010549,0.01986329,0.00862036,0.00257115,0.0114006,0.01063109,-1.41e-06,0.01448483,0.02445383,0.01238593,0.01179115,0.03590016,0.00015885,0.01086418,0.00877345,0.02864122,0.02221476,0.0494825,0.00922513,0.01908056,0.02136762,0.01431384,0.02560799,0.03108067,-2.41e-06,0.01238344,0.00170164,-1.28e-06,0.023873,0.01253446,0.01676098,0.02152191,0.02240079,0.02252923,0.00221835,0.00669443,0.00813029,0.0493355,0.02770887,0.007925,0.04809283,-1.75e-06,0.01913437,0.01595764,0.01750176,0.02927693,0.0134991,0.01993328,0.00955442,0.0104696,0.02844736,-2.35e-06,0.00504315,0.0046106,0.02041747,0.02148154,0.01021535,0.01727893",0.0012463811643162199,0.0010075867236887047,0.15095225198160633,55,optimal
16,2015-03-31,"['AAPL', 'MSFT', 'AMZN', 'NVDA', 'GOOGL', 'GOOG', 'META', 'TSLA', 'BRK-B', 'JPM', 'JNJ', 'V', 'UNH', 'PG', 'MA', 'HD', 'BAC', 'CVX', 'LLY', 'XOM', 'AVGO', 'COST', 'ABBV', 'PFE', 'MRK', 'PEP', 'KO', 'ADBE', 'CSCO', 'WMT', 'MCD', 'ACN', 'CRM', 'TMO', 'DIS', 'LIN', 'NFLX', 'ABT', 'DHR', 'WFC', 'CMCSA', 'VZ', 'NEE', 'NKE', 'PM', 'TXN', 'HON', 'UPS', 'LOW', 'RTX', 'MS', 'INTC', 'GS', 'AMD', 'IBM', 'SBUX', 'CAT', 'DE', 'UNP', 'BA']","0.04998817,-6e-07,0.01054947,0.01948891,0.00862118,0.00257152,0.01636899,0.01062648,0.00474436,0.01448915,0.01322317,0.00715116,0.01551135,0.0359024,0.0053525,0.01086807,0.00877806,0.03861676,0.0260379,0.04948398,0.01235002,0.03975991,0.02136948,0.0143145,0.02561114,0.03108288,0.00679821,0.01238207,0.01954821,2.87e-06,0.02387432,0.01677371,0.00984484,0.02152221,0.00551806,0.03303195,0.00185723,0.00669772,0.00813265,0.04933708,0.02771027,0.0079244,0.04284424,1.22e-06,7.8e-07,0.01321572,0.01750463,0.01526702,0.02284368,0.02817085,0.00955596,0.0067141,0.02844552,9e-08,0.00611021,0.00461518,0.01122864,0.02148414,0.01090144,0.01727989",0.001256178222948733,0.0010283230755144025,0.23003331054439152,55,optimal
17,2015-06-30,"['AAPL', 'MSFT', 'AMZN', 'NVDA', 'GOOGL', 'GOOG', 'META', 'TSLA', 'BRK-B', 'JPM', 'JNJ', 'V', 'UNH', 'PG', 'MA', 'HD', 'BAC', 'CVX', 'LLY', 'XOM', 'AVGO', 'COST', 'ABBV', 'PFE', 'MRK', 'PEP', 'KO', 'ADBE', 'CSCO', 'WMT', 'MCD', 'ACN', 'CRM', 'TMO', 'DIS', 'LIN', 'NFLX', 'ABT', 'DHR', 'WFC', 'CMCSA', 'VZ', 'NEE', 'NKE', 'PM', 'TXN', 'HON', 'UPS', 'LOW', 'RTX', 'MS', 'INTC', 'GS', 'AMD', 'IBM', 'SBUX', 'CAT', 'DE', 'UNP', 'BA']","0.05000156,-1.1e-07,0.01122554,0.01072589,0.00862259,0.00257288,0.0074854,0.01176624,0.00474383,0.01448941,0.01322575,0.0071493,0.02700362,0.034898,0.00907167,0.02195724,0.0087755,0.02778274,0.02603926,0.0494847,0.0177962,0.03264334,0.01198525,0.02010163,0.00881896,0.02738696,2.95e-06,0.01238005,0.02258819,9.87e-06,0.02387572,0.01677351,0.00608389,0.02152417,0.0055193,0.03303014,0.0086251,0.00670013,0.00813047,0.04933755,0.02950249,0.01553963,0.04999828,0.0078146,-1.9e-07,-4.58e-06,0.01750312,0.01526385,0.02284352,0.02816917,0.00955443,0.00671049,0.02593879,3.26e-06,0.00610866,0.0169574,0.0112216,0.02148049,0.01778223,0.01727833",0.0013229474063877567,0.0010928230541326117,0.185589490490572,54,optimal
18,2015-09-30,"['AAPL', 'MSFT', 'AMZN', 'NVDA', 'GOOGL', 'GOOG', 'META', 'TSLA', 'BRK-B', 'JPM', 'JNJ', 'V', 'UNH', 'PG', 'MA', 'HD', 'BAC', 'CVX', 'LLY', 'XOM', 'AVGO', 'COST', 'ABBV', 'PFE', 'MRK', 'PEP', 'KO', 'ADBE', 'CSCO', 'WMT', 'MCD', 'ACN', 'CRM', 'TMO', 'DIS', 'LIN', 'NFLX', 'ABT', 'DHR', 'WFC', 'CMCSA', 'VZ', 'NEE', 'NKE', 'PM', 'TXN', 'HON', 'UPS', 'LOW', 'RTX', 'MS', 'INTC', 'GS', 'AMD', 'IBM', 'SBUX', 'CAT', 'DE', 'UNP', 'BA']","0.04746813,-3.19e-06,0.01434385,0.01068368,0.00731384,-8.35e-06,0.00748677,0.00702114,0.00473423,0.01914811,0.01321844,0.007144,0.02699204,0.02744205,0.00906144,0.03895902,0.00876377,0.01437847,0.02603292,0.04754412,0.01782988,0.03263321,0.0119754,0.04980891,0.01057013,0.0273774,0.00563702,0.01237328,0.02257686,2.24e-06,0.0238661,0.03698029,0.00607418,0.02151496,0.00550962,0.03301882,0.00880598,0.00669242,0.00812157,0.02945017,0.02949284,0.01552867,0.04999099,0.00733541,-2.87e-06,-3.02e-06,0.01900141,0.02764636,0.02283549,0.00354049,0.00953997,-5.09e-06,0.02306052,3.49e-06,0.00466767,0.01694787,0.02057725,0.00485542,0.01917342,0.01727082",0.0012672958158019769,0.0011911574784028817,0.2138467752904481,53,optimal
19,2015-12-31,"['AAPL', 'MSFT', 'AMZN', 'NVDA', 'GOOGL', 'GOOG', 'META', 'TSLA', 'BRK-B', 'JPM', 'JNJ', 'V', 'UNH', 'PG', 'MA', 'HD', 'BAC', 'CVX', 'LLY', 'XOM', 'AVGO', 'COST', 'ABBV', 'PFE', 'MRK', 'PEP', 'KO', 'ADBE', 'CSCO', 'WMT', 'MCD', 'ACN', 'CRM', 'TMO', 'DIS', 'LIN', 'NFLX', 'ABT', 'DHR', 'WFC', 'CMCSA', 'VZ', 'NEE', 'NKE', 'PM', 'TXN', 'HON', 'UPS', 'LOW', 'RTX', 'MS', 'INTC', 'GS', 'AMD', 'IBM', 'SBUX', 'CAT', 'DE', 'UNP', 'BA']","0.04337544,2.62e-06,0.02304735,2.71e-06,0.00916377,5.91e-06,0.00444586,0.00375336,0.0047343,0.01914665,0.02839966,-3.4e-07,0.02699412,0.02689064,0.01459649,0.05000124,0.0087616,0.0179099,0.02064087,0.04754438,0.01783328,0.00828512,0.01197904,0.04980925,0.01057406,0.02680161,0.02188144,0.01305854,0.01558601,3.28e-06,0.02386494,0.0369814,0.00234572,0.02151392,0.00570196,0.03301471,0.01143645,0.00669221,0.00812259,0.02944971,0.0225887,0.01552769,0.04999229,0.00329126,7e-08,1.34e-06,0.0190056,0.02046743,0.02283832,0.00354221,0.00957089,0.00578761,0.02306043,0.00147745,0.00967409,0.01695549,0.03309564,0.00133657,0.02016563,0.0172695",0.0010945761379428565,0.0011261778587509756,0.18294474902752297,53,optimal
20,2016-03-31,"['AAPL', 'MSFT', 'AMZN', 'NVDA', 'GOOGL', 'GOOG', 'META', 'TSLA', 'BRK-B', 'JPM', 'JNJ', 'V', 'UNH', 'PG', 'MA', 'HD', 'BAC', 'CVX', 'LLY', 'XOM', 'AVGO', 'COST', 'ABBV', 'PFE', 'MRK', 'PEP', 'KO', 'ADBE', 'CSCO', 'WMT', 'MCD', 'ACN', 'CRM', 'TMO', 'DIS', 'LIN', 'NFLX', 'ABT', 'DHR', 'WFC', 'CMCSA', 'VZ', 'NEE', 'NKE', 'PM', 'TXN', 'HON', 'UPS', 'LOW', 'RTX', 'MS', 'INTC', 'GS', 'AMD', 'IBM', 'SBUX', 'CAT', 'DE', 'UNP', 'BA']","0.02998679,7.49e-06,0.0224791,0.00378374,0.00916762,0.00064345,0.02380089,3.96e-06,0.00473389,0.02738438,0.02835064,0.01255215,0.0269921,0.02689115,0.01459563,0.05000086,0.00276899,0.01983519,0.00829481,0.04348679,0.01783581,0.00200692,0.00488509,0.04980536,0.01431045,0.01070191,0.02175952,0.0130629,0.01252609,4.83e-06,0.01830082,0.03698233,0.00452222,0.04993293,0.00570413,0.02345539,0.01127898,0.00829444,0.00812082,0.02944988,0.01635102,0.02885824,0.04444858,0.00324143,-7.2e-07,3.2e-07,0.01900677,0.01465697,0.02283636,0.01187085,0.00957245,0.00486609,0.02306256,0.00299157,0.00967164,0.01695617,0.04831417,0.00134253,0.00652254,0.01673005",0.0011687707355322197,0.0011747258476786978,0.24169503496871647,55,optimal
21,2016-06-30,"['AAPL', 'MSFT', 'AMZN', 'NVDA', 'GOOGL', 'GOOG', 'META', 'TSLA', 'BRK-B', 'JPM', 'JNJ', 'V', 'UNH', 'PG', 'MA', 'HD', 'BAC', 'CVX', 'LLY', 'XOM', 'AVGO', 'COST', 'ABBV', 'PFE', 'MRK', 'PEP', 'KO', 'ADBE', 'CSCO', 'WMT', 'MCD', 'ACN', 'CRM', 'TMO', 'DIS', 'LIN', 'NFLX', 'ABT', 'DHR', 'WFC', 'CMCSA', 'VZ', 'NEE', 'NKE', 'PM', 'TXN', 'HON', 'UPS', 'LOW', 'RTX', 'MS', 'INTC', 'GS', 'AMD', 'IBM', 'SBUX', 'CAT', 'DE', 'UNP', 'BA']","0.0316484,0.01232915,0.01373311,0.00379219,0.00917881,0.00173623,0.02380951,3.83e-06,0.00474382,0.03326391,0.02836123,0.01255841,0.02699838,0.02689516,0.01460235,0.05000269,0.00277713,0.01983935,0.00830183,0.0442997,0.01784154,0.00027484,0.00790087,0.04979362,0.01964413,0.01070688,0.0180886,0.01306669,0.01252991,0.00457264,0.01520892,0.03698877,0.00452286,0.04994047,0.00737423,0.02346922,0.01126456,0.00830267,0.00812839,0.02945458,0.01635701,0.02886465,0.04445331,0.00324638,9.5e-07,2.28e-06,0.01009542,0.01466436,0.01965627,0.01187494,0.00958013,0.00487322,0.01902278,0.00300013,0.00967838,0.01873783,0.04853266,3.11e-06,0.00652656,0.01288004",0.001265230334595338,0.0012064894886201305,0.07717558940116968,56,optimal
22,2016-09-30,"['AAPL', 'MSFT', 'AMZN', 'NVDA', 'GOOGL', 'GOOG', 'META', 'TSLA', 'BRK-B', 'JPM', 'JNJ', 'V', 'UNH', 'PG', 'MA', 'HD', 'BAC', 'CVX', 'LLY', 'XOM', 'AVGO', 'COST', 'ABBV', 'PFE', 'MRK', 'PEP', 'KO', 'ADBE', 'CSCO', 'WMT', 'MCD', 'ACN', 'CRM', 'TMO', 'DIS', 'LIN', 'NFLX', 'ABT', 'DHR', 'WFC', 'CMCSA', 'VZ', 'NEE', 'NKE', 'PM', 'TXN', 'HON', 'UPS', 'LOW', 'RTX', 'MS', 'INTC', 'GS', 'AMD', 'IBM', 'SBUX', 'CAT', 'DE', 'UNP', 'BA']","0.03164286,0.01734471,0.01372645,0.00829675,0.00917546,0.00930275,0.02380466,3.24e-06,0.00473681,0.03326139,0.02835515,0.01255275,0.02698987,0.02633583,-1.4e-06,0.02399036,0.0012846,0.02497865,0.00829298,0.04908003,0.02057461,0.00026751,0.01320012,0.03353547,0.02542639,0.01070042,0.01808096,0.01311667,0.00929437,0.01474925,0.01520512,0.03698976,0.0045161,0.04993516,0.00736552,0.02346226,0.01087853,0.0121278,0.00812223,0.02945002,0.01634546,0.01040799,0.0499934,0.00833028,0.00140109,-8.1e-07,0.01008963,0.02428931,0.01965775,0.01186951,0.0096021,0.00044259,0.0390583,0.00584863,0.00967458,0.01924334,0.03419813,2.8e-07,0.00652424,0.01287213",0.0012405032437278012,0.0011984804235760727,0.19987113620346458,56,optimal
23,2016-12-30,"['AAPL', 'MSFT', 'AMZN', 'NVDA', 'GOOGL', 'GOOG', 'META', 'TSLA', 'BRK-B', 'JPM', 'JNJ', 'V', 'UNH', 'PG', 'MA', 'HD', 'BAC', 'CVX', 'LLY', 'XOM', 'AVGO', 'COST', 'ABBV', 'PFE', 'MRK', 'PEP', 'KO', 'ADBE', 'CSCO', 'WMT', 'MCD', 'ACN', 'CRM', 'TMO', 'DIS', 'LIN', 'NFLX', 'ABT', 'DHR', 'WFC', 'CMCSA', 'VZ', 'NEE', 'NKE', 'PM', 'TXN', 'HON', 'UPS', 'LOW', 'RTX', 'MS', 'INTC', 'GS', 'AMD', 'IBM', 'SBUX', 'CAT', 'DE', 'UNP', 'BA']","0.0348041,0.01734569,0.01373126,0.00642515,0.00917972,0.02065578,0.02380789,1.01e-06,0.00473841,0.04586819,0.02306261,0.01255534,0.04999842,0.01579836,5.6e-07,0.01103971,0.00128676,0.02498271,0.0005348,0.0490859,0.02057803,0.0075262,0.01320526,0.02798428,0.02543035,0.01070199,0.01808257,0.01311744,0.00927322,0.01113388,0.0152071,0.02036042,0.00617364,0.03511167,0.00736578,0.02346314,0.00490754,0.01213263,6.8e-07,0.02944964,0.01634421,0.01907801,0.04999785,0.01452049,0.00140627,0.01430327,0.02462152,0.02429087,0.01965652,0.0028637,0.00960301,1.66e-06,0.03905979,0.00608018,0.00967598,0.02001876,0.03597547,4.8e-07,0.00652454,0.00986958",0.0012958651973479262,0.0011783819143870678,0.2111957287208726,55,optimal
24,2017-03-31,"['AAPL', 'MSFT', 'AMZN', 'NVDA', 'GOOGL', 'GOOG', 'META', 'TSLA', 'BRK-B', 'JPM', 'JNJ', 'V', 'UNH', 'PG', 'MA', 'HD', 'BAC', 'CVX', 'LLY', 'XOM', 'AVGO', 'COST', 'ABBV', 'PFE', 'MRK', 'PEP', 'KO', 'ADBE', 'CSCO', 'WMT', 'MCD', 'ACN', 'CRM', 'TMO', 'DIS', 'LIN', 'NFLX', 'ABT', 'DHR', 'WFC', 'CMCSA', 'VZ', 'NEE', 'NKE', 'PM', 'TXN', 'HON', 'UPS', 'LOW', 'RTX', 'MS', 'INTC', 'GS', 'AMD', 'IBM', 'SBUX', 'CAT', 'DE', 'UNP', 'BA']","0.03480551,0.00385408,0.01373531,0.0063395,0.00918341,0.01790159,0.0238132,0.00430929,0.00473828,0.01821432,0.02306466,0.01255945,0.04527869,0.02960003,1.89e-06,0.00650839,0.02370976,0.04605462,0.00878623,0.03536382,0.02057695,0.01971654,0.02359887,0.022538,0.00289477,0.01070381,0.01808373,0.01489817,0.00278188,0.01113484,0.02102831,0.01819828,0.00957961,0.03967141,0.00736663,0.02346397,0.0003937,0.01213716,1.77e-06,0.02944832,0.03519492,0.01908153,0.04999872,0.00088799,0.00140836,0.01430234,0.02462044,0.00902871,0.01965473,0.00286322,0.04085636,9.6e-07,0.00554671,-2.2e-07,0.02001453,0.02727708,0.03004018,0.00254822,0.00863979,0.01199669",0.001142281298696132,0.0010020962377729579,0.3650771658142493,56,optimal
25,2017-06-30,"['AAPL', 'MSFT', 'AMZN', 'NVDA', 'GOOGL', 'GOOG', 'META', 'TSLA', 'BRK-B', 'JPM', 'JNJ', 'V', 'UNH', 'PG', 'MA', 'HD', 'BAC', 'CVX', 'LLY', 'XOM', 'AVGO', 'COST', 'ABBV', 'PFE', 'MRK', 'PEP', 'KO', 'ADBE', 'CSCO', 'WMT', 'MCD', 'ACN', 'CRM', 'TMO', 'DIS', 'LIN', 'NFLX', 'ABT', 'DHR', 'WFC', 'CMCSA', 'VZ', 'NEE', 'NKE', 'PM', 'TXN', 'HON', 'UPS', 'LOW', 'RTX', 'MS', 'INTC', 'GS', 'AMD', 'IBM', 'SBUX', 'CAT', 'DE', 'UNP', 'BA']","0.03480497,0.00385262,0.01373253,0.00449484,0.00918201,0.01789994,0.02381154,0.00431179,0.00457289,0.01821238,0.02306579,0.01098928,0.04525648,0.02960041,-1.65e-06,0.00381161,0.02370674,0.04605708,0.0087885,0.03536391,0.02057222,0.01736465,0.02360041,0.02208329,0.00289546,0.01070458,0.01808427,0.02162162,0.00278233,0.01113601,0.02295259,0.01647781,0.00958062,0.03708602,0.01631309,0.02346464,-1.09e-06,0.01214238,0.0095644,0.02819986,0.03519665,0.01908171,0.05000015,0.00559676,0.00140847,0.01429947,0.00512611,0.01847964,0.01573914,0.00286446,0.03731578,-1.5e-07,0.00554447,0.00351358,0.02042182,0.02352835,0.02615807,0.0069525,0.00863832,0.01199586",0.0012002616792099589,0.00101614460263207,0.09933498294475261,57,optimal
26,2017-09-29,"['AAPL', 'MSFT', 'AMZN', 'NVDA', 'GOOGL', 'GOOG', 'META', 'TSLA', 'BRK-B', 'JPM', 'JNJ', 'V', 'UNH', 'PG', 'MA', 'HD', 'BAC', 'CVX', 'LLY', 'XOM', 'AVGO', 'COST', 'ABBV', 'PFE', 'MRK', 'PEP', 'KO', 'ADBE', 'CSCO', 'WMT', 'MCD', 'ACN', 'CRM', 'TMO', 'DIS', 'LIN', 'NFLX', 'ABT', 'DHR', 'WFC', 'CMCSA', 'VZ', 'NEE', 'NKE', 'PM', 'TXN', 'HON', 'UPS', 'LOW', 'RTX', 'MS', 'INTC', 'GS', 'AMD', 'IBM', 'SBUX', 'CAT', 'DE', 'UNP', 'BA']","0.02403192,0.00546035,0.01373075,0.00449084,0.00918078,0.01789844,0.02381123,0.00431144,0.00457199,0.0152533,0.02306406,1.04e-06,0.04525735,0.02960017,-2.6e-07,0.00381285,0.02370545,0.04605572,0.01145027,0.03536421,0.02056993,0.01736527,0.02359983,0.016146,0.00289527,0.0107039,0.01808309,0.02199916,0.00278182,0.01613501,0.02271683,0.01647819,0.00957941,0.03708714,0.01636129,0.02346427,1.16e-06,0.01737271,0.02287682,0.02764594,0.03519555,0.01884409,0.04999862,0.00371482,0.00140599,0.01429822,7e-08,0.0283705,0.01768517,0.00286345,0.03731104,-8.2e-07,0.00554365,0.00432638,0.02042196,0.02137105,0.02615493,0.00694865,0.00863747,0.01199427",0.0012749037621887587,0.0010414211215366272,0.08178997903011066,55,optimal
27,2017-12-29,"['AAPL', 'MSFT', 'AMZN', 'NVDA', 'GOOGL', 'GOOG', 'META', 'TSLA', 'BRK-B', 'JPM', 'JNJ', 'V', 'UNH', 'PG', 'MA', 'HD', 'BAC', 'CVX', 'LLY', 'XOM', 'AVGO', 'COST', 'ABBV', 'PFE', 'MRK', 'PEP', 'KO', 'ADBE', 'CSCO', 'WMT', 'MCD', 'ACN', 'CRM', 'TMO', 'DIS', 'LIN', 'NFLX', 'ABT', 'DHR', 'WFC', 'CMCSA', 'VZ', 'NEE', 'NKE', 'PM', 'TXN', 'HON', 'UPS', 'LOW', 'RTX', 'MS', 'INTC', 'GS', 'AMD', 'IBM', 'SBUX', 'CAT', 'DE', 'UNP', 'BA']","0.02403978,0.01047406,0.01381849,0.00450136,0.0091872,0.01790473,0.02128399,0.00339972,0.00457428,1.4e-06,0.02306324,1.22e-06,0.04525706,0.02960023,1.31e-06,0.0038167,0.02370868,0.04762051,0.01234422,0.03534677,0.00868459,0.0173706,0.02360525,0.01611313,-1.76e-06,0.01070439,0.00823727,0.03791664,0.01850794,0.01613852,0.01519715,0.01648121,0.00958123,0.03708523,0.03418206,0.0314514,0.0001632,0.03726016,0.02287961,0.02764831,0.01666307,0.00485546,0.0419668,0.01275271,0.00133473,0.01430389,3.8e-07,0.028372,0.01768816,2.65e-06,0.03543614,0.01580953,0.00554663,0.00143304,0.00399862,0.01745342,0.02697418,0.01322657,0.00864132,0.01438965",0.001105186740478144,0.001121871146709042,0.23897253076391375,54,optimal
28,2018-03-29,"['AAPL', 'MSFT', 'AMZN', 'NVDA', 'GOOGL', 'GOOG', 'META', 'TSLA', 'BRK-B', 'JPM', 'JNJ', 'V', 'UNH', 'PG', 'MA', 'HD', 'BAC', 'CVX', 'LLY', 'XOM', 'AVGO', 'COST', 'ABBV', 'PFE', 'MRK', 'PEP', 'KO', 'ADBE', 'CSCO', 'WMT', 'MCD', 'ACN', 'CRM', 'TMO', 'DIS', 'LIN', 'NFLX', 'ABT', 'DHR', 'WFC', 'CMCSA', 'VZ', 'NEE', 'NKE', 'PM', 'TXN', 'HON', 'UPS', 'LOW', 'RTX', 'MS', 'INTC', 'GS', 'AMD', 'IBM', 'SBUX', 'CAT', 'DE', 'UNP', 'BA']","0.02403864,0.01717425,0.02807838,0.01006088,0.00126284,0.01285165,0.02128977,0.0033962,0.04650181,2.83e-06,5e-08,0.00697075,0.04500522,0.02762255,9.7e-07,0.02661536,0.02370978,0.04762142,0.01234282,0.02554204,3.6e-07,0.0183812,0.00940908,0.00571493,0.01659,0.01070118,0.00823443,0.04010594,0.02237884,0.00945435,-1.97e-06,1.75e-06,0.00958268,0.03708411,0.03418251,0.03063833,0.00016806,0.03725491,1.3e-07,0.01347835,0.01959704,0.00620921,0.04345015,0.01274757,0.01107593,0.00327391,-2e-08,0.02657747,0.00435734,0.00940513,0.03543698,0.02731027,0.00567511,-6.02e-06,0.02099036,0.02695607,0.00985232,0.01306373,0.01553716,0.02504296",0.0012277226801813853,0.0011491066358882208,0.4049643959611902,51,optimal
29,2018-06-29,"['AAPL', 'MSFT', 'AMZN', 'NVDA', 'GOOGL', 'GOOG', 'META', 'TSLA', 'BRK-B', 'JPM', 'JNJ', 'V', 'UNH', 'PG', 'MA', 'HD', 'BAC', 'CVX', 'LLY', 'XOM', 'AVGO', 'COST', 'ABBV', 'PFE', 'MRK', 'PEP', 'KO', 'ADBE', 'CSCO', 'WMT', 'MCD', 'ACN', 'CRM', 'TMO', 'DIS', 'LIN', 'NFLX', 'ABT', 'DHR', 'WFC', 'CMCSA', 'VZ', 'NEE', 'NKE', 'PM', 'TXN', 'HON', 'UPS', 'LOW', 'RTX', 'MS', 'INTC', 'GS', 'AMD', 'IBM', 'SBUX', 'CAT', 'DE', 'UNP', 'BA']","0.03145581,0.02763408,0.02920119,0.00571864,0.00904808,0.01285118,0.02128978,-3.53e-06,0.04650201,0.00919822,3.3e-07,0.00696914,0.02047667,0.02793935,0.00398066,0.04059052,0.03051663,0.0499893,0.01234408,0.0255432,-4.4e-07,0.03233893,0.0110664,0.01096023,0.02030627,0.01070268,0.00985415,0.01986408,0.02069535,0.00945666,1e-08,0.01655667,0.0326346,0.02894455,0.03418011,0.03063736,0.00016655,0.02879641,4.2e-07,0.01571522,0.01471903,0.00621099,0.04977737,0.01274833,0.01392715,0.0032738,1.3e-07,0.01393687,0.00435332,0.00940591,0.01071363,0.02780639,0.00567614,0.00184072,0.02099415,0.00248855,-1e-08,0.00917216,0.02379266,0.02504121",0.0011097980383958585,0.001130060983496968,0.30252188389659374,53,optimal
30,2018-09-28,"['AAPL', 'MSFT', 'AMZN', 'NVDA', 'GOOGL', 'GOOG', 'META', 'TSLA', 'BRK-B', 'JPM', 'JNJ', 'V', 'UNH', 'PG', 'MA', 'HD', 'BAC', 'CVX', 'LLY', 'XOM', 'AVGO', 'COST', 'ABBV', 'PFE', 'MRK', 'PEP', 'KO', 'ADBE', 'CSCO', 'WMT', 'MCD', 'ACN', 'CRM', 'TMO', 'DIS', 'LIN', 'NFLX', 'ABT', 'DHR', 'WFC', 'CMCSA', 'VZ', 'NEE', 'NKE', 'PM', 'TXN', 'HON', 'UPS', 'LOW', 'RTX', 'MS', 'INTC', 'GS', 'AMD', 'IBM', 'SBUX', 'CAT', 'DE', 'UNP', 'BA']","0.0314548,0.02930725,0.03201237,0.00625554,0.00730359,0.00620997,0.02229605,-2.41e-06,0.03048583,0.00920147,0.00597526,0.00696811,0.00779585,0.01530209,0.00548864,0.04059125,0.03051935,0.04672922,0.01434801,0.02554707,-6e-07,0.03105411,0.01107133,0.03223623,0.02030299,0.01070217,0.00985563,0.01986011,0.01959886,0.00946517,0.00296216,0.0165566,0.03234798,0.03212361,0.02578649,0.03392547,0.00018868,0.02879768,3.4e-07,0.01571882,0.01900065,0.00621503,0.04977712,0.00764636,0.01938021,0.00327143,0.00621456,0.00909276,0.00447478,0.01703535,0.01071515,0.02780808,0.00567763,0.00479596,0.02100952,0.00636734,4.3e-07,0.01016706,0.02379524,0.02121222",0.0012324190332524986,0.0011391626355734372,0.15565871398667497,56,optimal
31,2018-12-31,"['AAPL', 'MSFT', 'AMZN', 'NVDA', 'GOOGL', 'GOOG', 'META', 'TSLA', 'BRK-B', 'JPM', 'JNJ', 'V', 'UNH', 'PG', 'MA', 'HD', 'BAC', 'CVX', 'LLY', 'XOM', 'AVGO', 'COST', 'ABBV', 'PFE', 'MRK', 'PEP', 'KO', 'ADBE', 'CSCO', 'WMT', 'MCD', 'ACN', 'CRM', 'TMO', 'DIS', 'LIN', 'NFLX', 'ABT', 'DHR', 'WFC', 'CMCSA', 'VZ', 'NEE', 'NKE', 'PM', 'TXN', 'HON', 'UPS', 'LOW', 'RTX', 'MS', 'INTC', 'GS', 'AMD', 'IBM', 'SBUX', 'CAT', 'DE', 'UNP', 'BA']","0.02094547,0.02930631,0.04129088,-6.2e-06,0.00730374,0.00059933,0.02229681,7.07e-06,0.03048279,0.00919886,0.0013799,0.01060822,0.01096444,0.01530401,0.00548667,0.02722358,0.03051738,0.04618648,0.00895621,0.02554854,0.00845784,0.02779199,0.02101426,0.02992816,0.02030281,0.00874374,0.03013136,0.01859708,0.01959358,0.00946633,0.00761498,0.01053659,0.03234594,0.0287791,0.02578872,0.03392317,0.00019901,0.02879575,7e-07,0.01569685,0.01900107,0.0068051,0.03537194,0.00764442,0.01937641,0.01313878,0.00621338,0.00911611,0.00995405,0.02616461,0.01071203,0.02780091,0.00567088,0.00730033,0.01235975,0.01061562,-1.98e-06,0.01674004,0.02379291,0.01091516",0.0013053263908609344,0.001281468385335688,0.19572075710719494,56,optimal
32,2019-03-29,"['AAPL', 'MSFT', 'AMZN', 'NVDA', 'GOOGL', 'GOOG', 'META', 'TSLA', 'BRK-B', 'JPM', 'JNJ', 'V', 'UNH', 'PG', 'MA', 'HD', 'BAC', 'CVX', 'LLY', 'XOM', 'AVGO', 'COST', 'ABBV', 'PFE', 'MRK', 'PEP', 'KO', 'ADBE', 'CSCO', 'WMT', 'MCD', 'ACN', 'CRM', 'TMO', 'DIS', 'LIN', 'NFLX', 'ABT', 'DHR', 'WFC', 'CMCSA', 'VZ', 'NEE', 'NKE', 'PM', 'TXN', 'HON', 'UPS', 'LOW', 'RTX', 'MS', 'INTC', 'GS', 'AMD', 'IBM', 'SBUX', 'CAT', 'DE', 'UNP', 'BA']","0.02094113,0.0177631,0.04032462,-6.45e-06,0.00730677,0.0006024,0.02229805,4.15e-06,-1.21e-06,0.00919937,0.00138408,0.01061076,0.0270348,0.01551049,0.00548973,0.02722099,0.03318719,0.0337979,0.00896146,0.02554907,0.00762275,0.02372348,0.00098376,0.01751722,0.04544217,0.01002754,0.03247771,0.016335,0.01959455,0.00946725,0.00062674,0.01054095,0.03235256,0.0287801,0.01021194,0.03300077,0.02237252,0.02255812,1.2e-06,0.02480639,0.01899493,0.00680321,0.03537212,0.00764346,0.01937538,0.01899565,0.04595417,0.00911605,0.03794688,0.01841984,0.01071332,0.01180249,0.00567085,0.00342187,0.01000208,0.0119414,0.0109043,0.01673905,0.01885417,0.00570761",0.0015121351140798818,0.001349453925971388,0.3297220635139275,56,optimal
33,2019-06-28,"['AAPL', 'MSFT', 'AMZN', 'NVDA', 'GOOGL', 'GOOG', 'META', 'TSLA', 'BRK-B', 'JPM', 'JNJ', 'V', 'UNH', 'PG', 'MA', 'HD', 'BAC', 'CVX', 'LLY', 'XOM', 'AVGO', 'COST', 'ABBV', 'PFE', 'MRK', 'PEP', 'KO', 'ADBE', 'CSCO', 'WMT', 'MCD', 'ACN', 'CRM', 'TMO', 'DIS', 'LIN', 'NFLX', 'ABT', 'DHR', 'WFC', 'CMCSA', 'VZ', 'NEE', 'NKE', 'PM', 'TXN', 'HON', 'UPS', 'LOW', 'RTX', 'MS', 'INTC', 'GS', 'AMD', 'IBM', 'SBUX', 'CAT', 'DE', 'UNP', 'BA']","0.02092895,0.01776667,0.04604008,0.0003169,0.00730979,0.00060509,0.02229229,8.81e-06,-1.64e-06,0.00919482,0.00566504,0.01061032,0.01635903,0.01551653,0.00548656,0.02721936,0.0405029,0.03344056,0.00623497,0.02554943,0.00762392,0.01064992,0.0098832,0.00493645,0.04462046,0.010032,0.00929483,0.02086803,0.04487048,0.03119133,1.049e-05,0.01053975,0.0132345,0.02879348,0.02239567,0.01896879,0.01669411,0.00673058,0.00397615,0.02480721,0.01899385,0.00681432,0.03890353,0.00764099,0.01937535,0.03356122,0.04854158,0.00911139,0.03795482,0.0141859,0.01070736,-3.143e-05,0.00688607,-6.2e-07,0.01563731,0.02959842,0.0109075,0.02084176,0.01652043,0.00268243",0.0014026047774106354,0.0012437719707199357,0.28716723510044706,55,optimal
34,2019-09-30,"['AAPL', 'MSFT', 'AMZN', 'NVDA', 'GOOGL', 'GOOG', 'META', 'TSLA', 'BRK-B', 'JPM', 'JNJ', 'V', 'UNH', 'PG', 'MA', 'HD', 'BAC', 'CVX', 'LLY', 'XOM', 'AVGO', 'COST', 'ABBV', 'PFE', 'MRK', 'PEP', 'KO', 'ADBE', 'CSCO', 'WMT', 'MCD', 'ACN', 'CRM', 'TMO', 'DIS', 'LIN', 'NFLX', 'ABT', 'DHR', 'WFC', 'CMCSA', 'VZ', 'NEE', 'NKE', 'PM', 'TXN', 'HON', 'UPS', 'LOW', 'RTX', 'MS', 'INTC', 'GS', 'AMD', 'IBM', 'SBUX', 'CAT', 'DE', 'UNP', 'BA']","0.03954879,0.0050931,0.04572027,2.9e-07,0.01010379,0.00078576,0.01747131,9.6e-07,-4.3e-07,0.00971856,0.00566396,0.01193735,0.00897252,0.01551439,0.0153056,0.02721725,0.04050012,0.03344152,0.00623545,0.02554818,0.00243087,0.01064912,1.802e-05,0.00061841,0.04461826,0.01003118,0.01642657,0.02086541,0.0367363,0.04021964,0.02475304,0.01053971,0.01307812,0.02879267,0.01167437,0.00696289,0.01410178,0.00058263,0.00505375,0.0208139,0.01899046,0.00681344,0.0481995,0.01320474,0.01417839,0.03356086,0.04853793,0.00910748,0.03506541,0.01418375,0.0115019,-2.6e-07,0.01542555,6.7e-07,0.02181006,0.03081062,0.01877884,0.01932946,7.265e-05,0.00268314",0.0014081723410840164,0.0012352353648578819,0.22946075820396547,53,optimal
35,2019-12-31,"['AAPL', 'MSFT', 'AMZN', 'NVDA', 'GOOGL', 'GOOG', 'META', 'TSLA', 'BRK-B', 'JPM', 'JNJ', 'V', 'UNH', 'PG', 'MA', 'HD', 'BAC', 'CVX', 'LLY', 'XOM', 'AVGO', 'COST', 'ABBV', 'PFE', 'MRK', 'PEP', 'KO', 'ADBE', 'CSCO', 'WMT', 'MCD', 'ACN', 'CRM', 'TMO', 'DIS', 'LIN', 'NFLX', 'ABT', 'DHR', 'WFC', 'CMCSA', 'VZ', 'NEE', 'NKE', 'PM', 'TXN', 'HON', 'UPS', 'LOW', 'RTX', 'MS', 'INTC', 'GS', 'AMD', 'IBM', 'SBUX', 'CAT', 'DE', 'UNP', 'BA']","0.03849111,0.00509673,0.04572165,0.00327798,0.01010535,0.00078727,0.01746656,-1.41e-06,-7e-07,0.02536632,0.00566531,0.01193976,0.02155603,0.01551855,0.02214366,0.02426588,0.04049575,0.03344345,0.00623843,0.02360045,0.00242829,0.01065212,0.00884044,0.00061983,0.03307222,0.01003395,0.01642969,0.02086722,0.0141653,0.03405013,0.02179288,0.01054092,0.0130782,0.02677296,0.00951911,0.00643104,0.01894661,-3.7e-07,0.00505467,0.01799742,0.00744418,0.00681714,0.04820621,0.00441838,0.00733567,0.03355882,0.048537,0.01731521,0.02840339,0.01413492,0.01345529,8.6e-07,0.03486208,-3.35e-06,0.04049685,0.03080993,0.01877101,0.00354729,7.081e-05,0.00934751",0.0014179813822691831,0.0010502052301886893,0.21401973483048262,54,optimal
36,2020-03-31,"['AAPL', 'MSFT', 'AMZN', 'NVDA', 'GOOGL', 'GOOG', 'META', 'TSLA', 'BRK-B', 'JPM', 'JNJ', 'V', 'UNH', 'PG', 'MA', 'HD', 'BAC', 'CVX', 'LLY', 'XOM', 'AVGO', 'COST', 'ABBV', 'PFE', 'MRK', 'PEP', 'KO', 'ADBE', 'CSCO', 'WMT', 'MCD', 'ACN', 'CRM', 'TMO', 'DIS', 'LIN', 'NFLX', 'ABT', 'DHR', 'WFC', 'CMCSA', 'VZ', 'NEE', 'NKE', 'PM', 'TXN', 'HON', 'UPS', 'LOW', 'RTX', 'MS', 'INTC', 'GS', 'AMD', 'IBM', 'SBUX', 'CAT', 'DE', 'UNP', 'BA']","0.04613871,0.00843419,0.04573314,0.01766053,0.01010944,0.00079142,0.01747661,0.00321601,7.29e-06,0.02175216,0.01710406,0.01158264,0.02157086,0.03404242,0.02215748,1.03e-06,0.02954069,8.79e-06,0.00625153,0.02361495,3.85e-06,0.01066421,0.00558839,0.02466845,0.03309311,2.71e-06,0.01644566,0.04957492,0.0105959,0.03380321,0.02181476,0.01055421,4.17e-06,0.01221343,0.01826648,0.0064446,0.01895442,4.92e-06,0.03608401,0.02462629,5.38e-06,0.03040216,0.03417725,0.03213036,0.00639649,3.56e-06,0.05017715,0.02799131,0.03814668,0.01414941,0.00315027,6.9e-07,0.01867302,0.00487772,0.04050713,5.65e-06,0.02367117,0.00061792,0.00120292,0.00311198",0.0014911243386168513,0.0014631272685893002,0.48441806225365547,49,optimal
37,2020-06-30,"['AAPL', 'MSFT', 'AMZN', 'NVDA', 'GOOGL', 'GOOG', 'META', 'TSLA', 'BRK-B', 'JPM', 'JNJ', 'V', 'UNH', 'PG', 'MA', 'HD', 'BAC', 'CVX', 'LLY', 'XOM', 'AVGO', 'COST', 'ABBV', 'PFE', 'MRK', 'PEP', 'KO', 'ADBE', 'CSCO', 'WMT', 'MCD', 'ACN', 'CRM', 'TMO', 'DIS', 'LIN', 'NFLX', 'ABT', 'DHR', 'WFC', 'CMCSA', 'VZ', 'NEE', 'NKE', 'PM', 'TXN', 'HON', 'UPS', 'LOW', 'RTX', 'MS', 'INTC', 'GS', 'AMD', 'IBM', 'SBUX', 'CAT', 'DE', 'UNP', 'BA']","0.03708777,0.00842822,0.04998551,0.0048033,0.01010771,0.00078991,0.01747578,0.01100224,0.02419125,4.8e-07,0.00637046,0.02301386,0.00522745,0.03337092,0.01690204,-4.31e-06,0.02560113,8.76e-06,0.00625391,0.05000751,-2.33e-06,0.01122284,0.01780863,0.016593,1.89e-06,-1.48e-06,0.00075674,0.0441035,0.00737576,0.00471163,0.03226189,0.0180087,0.01345702,0.00837508,0.01826589,0.04584449,0.01893759,0.03336068,0.02095155,0.01238067,0.00577421,0.0499959,0.03417819,0.0064019,0.00417726,-6.11e-06,0.05001409,0.01985982,0.04611018,0.00715086,0.02581336,-6.28e-06,0.01867438,0.00203823,0.04085939,-3.35e-06,0.03210727,0.00061732,0.00120577,-8e-08",0.002114946016227288,0.0016906452775934731,0.5114406569822614,50,optimal
38,2020-09-30,"['AAPL', 'MSFT', 'AMZN', 'NVDA', 'GOOGL', 'GOOG', 'META', 'TSLA', 'BRK-B', 'JPM', 'JNJ', 'V', 'UNH', 'PG', 'MA', 'HD', 'BAC', 'CVX', 'LLY', 'XOM', 'AVGO', 'COST', 'ABBV', 'PFE', 'MRK', 'PEP', 'KO', 'ADBE', 'CSCO', 'WMT', 'MCD', 'ACN', 'CRM', 'TMO', 'DIS', 'LIN', 'NFLX', 'ABT', 'DHR', 'WFC', 'CMCSA', 'VZ', 'NEE', 'NKE', 'PM', 'TXN', 'HON', 'UPS', 'LOW', 'RTX', 'MS', 'INTC', 'GS', 'AMD', 'IBM', 'SBUX', 'CAT', 'DE', 'UNP', 'BA']","0.04999737,0.0258005,0.05000029,0.00480166,0.00650715,-3.8e-07,0.01747368,0.01039981,0.02419254,0.0052891,3.37e-06,0.0230063,0.00151595,0.03337671,0.01673405,4.4e-07,0.00193817,-2.76e-06,0.00625649,0.04924393,0.00041707,0.00349492,0.01222324,0.02388296,3.09e-06,2.4e-07,0.00075868,0.0355091,8.9e-07,0.00091528,0.03226281,0.01800509,0.01345135,0.00838082,0.01826201,0.04999753,0.01582246,0.03017346,0.02095912,0.01878558,0.01479483,0.05000124,0.03418399,0.01203499,-8e-07,-4.26e-06,0.04999894,0.02182687,0.04934282,-1.81e-06,0.02581018,-3.13e-06,0.01867603,0.00204657,0.04085748,2.06e-06,0.04305128,0.00457485,0.00297048,-2.78e-06",0.0021054155449871065,0.0017886247483335272,0.18087468572991774,47,optimal
39,2020-12-31,"['AAPL', 'MSFT', 'AMZN', 'NVDA', 'GOOGL', 'GOOG', 'META', 'TSLA', 'BRK-B', 'JPM', 'JNJ', 'V', 'UNH', 'PG', 'MA', 'HD', 'BAC', 'CVX', 'LLY', 'XOM', 'AVGO', 'COST', 'ABBV', 'PFE', 'MRK', 'PEP', 'KO', 'ADBE', 'CSCO', 'WMT', 'MCD', 'ACN', 'CRM', 'TMO', 'DIS', 'LIN', 'NFLX', 'ABT', 'DHR', 'WFC', 'CMCSA', 'VZ', 'NEE', 'NKE', 'PM', 'TXN', 'HON', 'UPS', 'LOW', 'RTX', 'MS', 'INTC', 'GS', 'AMD', 'IBM', 'SBUX', 'CAT', 'DE', 'UNP', 'BA']","0.04999627,0.02580165,0.04998795,-3.96e-06,0.04487669,0.00526518,0.02015219,0.01231014,0.04998176,0.00528836,2.5e-06,0.02301385,0.01217328,0.03337791,0.01674477,-1.11e-06,0.00193581,5.33e-06,0.01957193,0.04067559,0.00041934,0.00908258,0.00671696,0.00977199,7.4e-07,0.0119828,0.02257149,0.02655778,2.28e-06,0.00552101,0.01896798,0.01801083,0.00562751,0.01527131,0.01824593,0.03198274,0.00429166,0.01617467,0.01470441,0.01680448,0.01480049,0.05000131,0.02930389,0.00977933,-1.4e-06,-3.61e-06,0.05000242,0.01050661,0.04458575,0.00701213,0.02581243,-3.55e-06,-1.9e-07,0.02325821,0.04028012,0.01634205,0.00773849,1.1e-06,0.00297337,0.00374641",0.0024921198234025823,0.0018963047576617336,0.39446604736846563,49,optimal
40,2021-03-31,"['AAPL', 'MSFT', 'AMZN', 'NVDA', 'GOOGL', 'GOOG', 'META', 'TSLA', 'BRK-B', 'JPM', 'JNJ', 'V', 'UNH', 'PG', 'MA', 'HD', 'BAC', 'CVX', 'LLY', 'XOM', 'AVGO', 'COST', 'ABBV', 'PFE', 'MRK', 'PEP', 'KO', 'ADBE', 'CSCO', 'WMT', 'MCD', 'ACN', 'CRM', 'TMO', 'DIS', 'LIN', 'NFLX', 'ABT', 'DHR', 'WFC', 'CMCSA', 'VZ', 'NEE', 'NKE', 'PM', 'TXN', 'HON', 'UPS', 'LOW', 'RTX', 'MS', 'INTC', 'GS', 'AMD', 'IBM', 'SBUX', 'CAT', 'DE', 'UNP', 'BA']","0.0499975,0.0500002,0.04999299,4.8e-07,0.03816361,7.7e-07,0.02015136,0.01265668,0.04997939,0.03986266,1.84e-06,0.02301445,0.0286465,0.03337793,0.00185376,1.31e-06,0.00532094,8.44e-06,0.0070722,0.00887173,0.0290555,0.00908019,0.00203136,0.01102552,4.7e-07,0.01198091,0.02256769,0.01783944,0.02056176,0.0134869,0.00856923,0.03461182,0.02010016,0.00271426,0.01824999,0.01443405,0.00124967,0.01513687,0.01470265,0.00227151,0.03459783,0.00639147,0.01216586,-2.95e-06,3.4e-07,0.01774329,0.05000012,0.00525153,0.05000673,0.00700979,0.02580804,-3.75e-06,0.01702839,0.00502401,0.02878467,0.02533188,0.00120918,0.02183651,1.48e-06,0.0031709",0.0020700800198529155,0.0016847763471155288,0.5186161577550549,50,optimal
41,2021-06-30,"['AAPL', 'MSFT', 'AMZN', 'NVDA', 'GOOGL', 'GOOG', 'META', 'TSLA', 'BRK-B', 'JPM', 'JNJ', 'V', 'UNH', 'PG', 'MA', 'HD', 'BAC', 'CVX', 'LLY', 'XOM', 'AVGO', 'COST', 'ABBV', 'PFE', 'MRK', 'PEP', 'KO', 'ADBE', 'CSCO', 'WMT', 'MCD', 'ACN', 'CRM', 'TMO', 'DIS', 'LIN', 'NFLX', 'ABT', 'DHR', 'WFC', 'CMCSA', 'VZ', 'NEE', 'NKE', 'PM', 'TXN', 'HON', 'UPS', 'LOW', 'RTX', 'MS', 'INTC', 'GS', 'AMD', 'IBM', 'SBUX', 'CAT', 'DE', 'UNP', 'BA']","0.04999971,0.05000135,0.05000532,2.15e-06,0.0387034,0.0102132,0.03527164,0.01274773,0.05001342,0.03986553,2.55e-06,0.02301825,0.02864733,0.0114651,9e-07,0.0003715,0.00533781,0.00676729,0.00706847,0.00887656,0.03249455,0.0099763,0.00203139,0.01102391,0.01146655,4.17e-06,0.02257003,0.00501457,0.02080833,0.01349007,0.00856893,0.03495513,0.02009784,0.00271575,0.01824585,-3.1e-07,0.00401733,0.01514499,0.01339087,0.01548337,0.02669337,0.00615436,0.01710579,0.00709027,7.8e-07,0.01774962,0.05000078,0.01412293,0.03031347,0.00360947,0.01228585,0.0005636,0.01702647,0.01199748,0.02472171,0.02201144,2.7e-06,0.04634825,8.6e-07,0.00232197",0.0017858397056036103,0.0015159762668292903,0.23704843142420245,52,optimal
42,2021-09-30,"['AAPL', 'MSFT', 'AMZN', 'NVDA', 'GOOGL', 'GOOG', 'META', 'TSLA', 'BRK-B', 'JPM', 'JNJ', 'V', 'UNH', 'PG', 'MA', 'HD', 'BAC', 'CVX', 'LLY', 'XOM', 'AVGO', 'COST', 'ABBV', 'PFE', 'MRK', 'PEP', 'KO', 'ADBE', 'CSCO', 'WMT', 'MCD', 'ACN', 'CRM', 'TMO', 'DIS', 'LIN', 'NFLX', 'ABT', 'DHR', 'WFC', 'CMCSA', 'VZ', 'NEE', 'NKE', 'PM', 'TXN', 'HON', 'UPS', 'LOW', 'RTX', 'MS', 'INTC', 'GS', 'AMD', 'IBM', 'SBUX', 'CAT', 'DE', 'UNP', 'BA']","0.05000045,0.05000669,0.05000903,0.00110533,0.03872319,0.01023334,0.0315312,0.01762308,0.04999751,0.03988306,1.88e-06,0.02303894,0.03801712,0.00776425,4.07e-06,0.00039313,0.01275538,0.00675503,0.00883423,0.00888742,0.03251513,0.01687677,4.1e-06,4.25e-06,0.01148693,7.53e-06,0.02258899,0.00503345,0.03372847,0.01350635,0.0085907,0.03497625,0.02011327,0.00690502,0.00953257,2.96e-06,0.00403392,0.02304756,0.00786681,0.02188913,0.01713309,0.00617317,0.01617067,0.01160949,0.00588145,0.01777015,0.05000598,0.00813237,0.01984873,0.00362975,0.01230242,0.00058684,0.01704546,0.01342,0.02104959,0.01239523,4.42e-06,0.04627404,2.84e-06,0.00228975",0.0016019831777499282,0.001297224872105245,0.15019969988314022,52,optimal
43,2021-12-31,"['AAPL', 'MSFT', 'AMZN', 'NVDA', 'GOOGL', 'GOOG', 'META', 'TSLA', 'BRK-B', 'JPM', 'JNJ', 'V', 'UNH', 'PG', 'MA', 'HD', 'BAC', 'CVX', 'LLY', 'XOM', 'AVGO', 'COST', 'ABBV', 'PFE', 'MRK', 'PEP', 'KO', 'ADBE', 'CSCO', 'WMT', 'MCD', 'ACN', 'CRM', 'TMO', 'DIS', 'LIN', 'NFLX', 'ABT', 'DHR', 'WFC', 'CMCSA', 'VZ', 'NEE', 'NKE', 'PM', 'TXN', 'HON', 'UPS', 'LOW', 'RTX', 'MS', 'INTC', 'GS', 'AMD', 'IBM', 'SBUX', 'CAT', 'DE', 'UNP', 'BA']","0.04999479,0.04999662,0.04999456,0.01053764,0.03871544,0.01022591,0.03155013,0.02507844,0.05000013,3.11e-06,0.00024336,0.01667659,0.03117936,0.00776421,0.0,0.0130047,0.01276166,0.03376616,0.0088393,-1.47e-06,0.02824492,0.00082583,1.17e-06,0.01064027,0.00695255,2.7e-06,0.02258653,0.01644454,0.04220703,1.34e-06,0.02128019,0.03497185,0.02010326,0.0069013,0.00954392,2.23e-06,0.0040286,0.02033525,0.00786014,0.01545405,0.01712796,0.00617473,0.01014615,0.0092557,0.00552705,0.00272983,0.03025744,0.01699754,0.01984513,0.02688928,0.01230486,0.0005739,0.03925581,0.0134104,0.0210532,0.00644237,0.01692751,0.01924167,0.01483098,0.00229017",0.0012165413239057005,0.0010720955422783183,0.3722110646841866,53,optimal
44,2022-03-31,"['AAPL', 'MSFT', 'AMZN', 'NVDA', 'GOOGL', 'GOOG', 'META', 'TSLA', 'BRK-B', 'JPM', 'JNJ', 'V', 'UNH', 'PG', 'MA', 'HD', 'BAC', 'CVX', 'LLY', 'XOM', 'AVGO', 'COST', 'ABBV', 'PFE', 'MRK', 'PEP', 'KO', 'ADBE', 'CSCO', 'WMT', 'MCD', 'ACN', 'CRM', 'TMO', 'DIS', 'LIN', 'NFLX', 'ABT', 'DHR', 'WFC', 'CMCSA', 'VZ', 'NEE', 'NKE', 'PM', 'TXN', 'HON', 'UPS', 'LOW', 'RTX', 'MS', 'INTC', 'GS', 'AMD', 'IBM', 'SBUX', 'CAT', 'DE', 'UNP', 'BA']","0.04999256,0.03928778,0.0313776,0.0281654,0.03552682,0.01018458,0.01813596,0.01467322,0.05000005,5.42e-06,6.7e-07,0.01667588,0.03118208,0.00776794,0.00504226,-2.07e-06,3.25e-06,0.02534582,0.00883753,0.0104011,0.02824163,0.02671115,0.01913017,0.01064209,0.00699977,0.0192414,0.02259077,0.02698897,0.03725636,1.04e-06,0.02128239,0.03497111,0.02010307,0.00790007,0.01912955,-5.2e-07,4.3e-06,0.00873995,0.00785966,0.00262652,0.01670483,2.35e-06,0.01017563,0.02483661,0.009037,0.00863204,-1.33e-06,0.0211179,0.02836311,0.04544726,0.01230377,0.00344396,0.02437315,0.01340134,0.00884563,0.00898519,0.01886492,0.01605629,0.00944398,0.01694304",0.0011308197661678994,0.0010871128159606227,0.3934814703236908,51,optimal
45,2022-06-30,"['AAPL', 'MSFT', 'AMZN', 'NVDA', 'GOOGL', 'GOOG', 'META', 'TSLA', 'BRK-B', 'JPM', 'JNJ', 'V', 'UNH', 'PG', 'MA', 'HD', 'BAC', 'CVX', 'LLY', 'XOM', 'AVGO', 'COST', 'ABBV', 'PFE', 'MRK', 'PEP', 'KO', 'ADBE', 'CSCO', 'WMT', 'MCD', 'ACN', 'CRM', 'TMO', 'DIS', 'LIN', 'NFLX', 'ABT', 'DHR', 'WFC', 'CMCSA', 'VZ', 'NEE', 'NKE', 'PM', 'TXN', 'HON', 'UPS', 'LOW', 'RTX', 'MS', 'INTC', 'GS', 'AMD', 'IBM', 'SBUX', 'CAT', 'DE', 'UNP', 'BA']","0.05000754,0.05001216,0.03137416,0.02187525,0.03552761,0.01018526,0.02269582,0.02145527,0.03157352,1.555e-05,3.3e-07,0.01888255,0.04426681,0.00156837,0.00505151,1.53e-06,1.416e-05,0.02407028,0.00534454,0.02115261,0.02939662,0.02060272,0.01290625,0.00948225,0.00699819,0.02488188,0.02259777,0.01878828,4.44e-06,1.56e-06,0.02031693,0.02520272,0.02005738,0.02501405,0.02207564,0.00658467,-5.24e-06,0.00874391,0.00786519,0.01447279,0.01671059,0.03334699,0.00626403,0.02462082,0.00904365,0.00878649,-6.4e-07,0.02112608,0.02836754,0.04483663,0.01231354,0.01001026,0.02438127,0.01118185,0.00885346,0.00899096,0.01887599,0.00493878,0.0057052,0.01058369",0.0013945322709808116,0.001207894314653181,0.26719432681452404,52,optimal
46,2022-09-30,"['AAPL', 'MSFT', 'AMZN', 'NVDA', 'GOOGL', 'GOOG', 'META', 'TSLA', 'BRK-B', 'JPM', 'JNJ', 'V', 'UNH', 'PG', 'MA', 'HD', 'BAC', 'CVX', 'LLY', 'XOM', 'AVGO', 'COST', 'ABBV', 'PFE', 'MRK', 'PEP', 'KO', 'ADBE', 'CSCO', 'WMT', 'MCD', 'ACN', 'CRM', 'TMO', 'DIS', 'LIN', 'NFLX', 'ABT', 'DHR', 'WFC', 'CMCSA', 'VZ', 'NEE', 'NKE', 'PM', 'TXN', 'HON', 'UPS', 'LOW', 'RTX', 'MS', 'INTC', 'GS', 'AMD', 'IBM', 'SBUX', 'CAT', 'DE', 'UNP', 'BA']","0.05000756,0.0499986,0.021962,0.02187993,0.03419919,0.01018973,0.02170924,0.02688119,0.0315761,2.04e-05,9.2e-07,0.00710859,0.04426882,0.00156788,0.0067794,3.51e-06,1.939e-05,0.02401142,0.00534829,0.02145551,0.02939386,0.02060175,0.01891649,1.51e-06,0.00699869,0.03544898,0.02259581,0.01531196,5.37e-06,1.75e-06,0.0435683,0.01595679,0.03500128,0.0250157,0.0220765,0.02724386,-1.72e-06,0.00874699,0.00768296,0.01905489,0.01957348,0.00923147,0.02122851,0.02004988,0.01415227,0.0087848,0.00033777,0.00189927,0.02836901,0.02430744,0.0218631,0.01000303,0.02438492,9.5e-07,0.0088515,0.01237423,0.01793004,0.00894962,0.00570097,0.00939838",0.0015420387503227795,0.001273770329148108,0.2554694140119746,51,optimal
47,2022-12-30,"['AAPL', 'MSFT', 'AMZN', 'NVDA', 'GOOGL', 'GOOG', 'META', 'TSLA', 'BRK-B', 'JPM', 'JNJ', 'V', 'UNH', 'PG', 'MA', 'HD', 'BAC', 'CVX', 'LLY', 'XOM', 'AVGO', 'COST', 'ABBV', 'PFE', 'MRK', 'PEP', 'KO', 'ADBE', 'CSCO', 'WMT', 'MCD', 'ACN', 'CRM', 'TMO', 'DIS', 'LIN', 'NFLX', 'ABT', 'DHR', 'WFC', 'CMCSA', 'VZ', 'NEE', 'NKE', 'PM', 'TXN', 'HON', 'UPS', 'LOW', 'RTX', 'MS', 'INTC', 'GS', 'AMD', 'IBM', 'SBUX', 'CAT', 'DE', 'UNP', 'BA']","0.04553827,0.05000053,0.02733277,0.02188163,0.03311075,0.00973487,0.01621446,0.0209497,0.02663473,0.00645709,-3.9e-07,0.0071068,0.04426321,0.00155799,0.01544739,0.01838331,-3.27e-06,0.02401071,0.00534961,0.02550034,0.03026516,0.00166673,0.01085127,5e-08,0.01824398,0.02915732,0.01865581,0.01531649,0.0091066,0.00226152,0.02981806,0.01936246,0.03146669,0.02501439,0.01458233,0.0272292,0.00569355,0.00874425,0.00768135,0.01904877,0.01770393,0.01565311,0.02122573,0.00957148,0.0157779,0.00878295,0.00385461,0.00189978,0.02837245,0.03105544,0.02185975,0.01000559,0.0243812,0.00361412,0.00884881,0.01867389,0.01791925,0.00488304,0.00569849,0.00658205",0.0016124255646601305,0.001297725149403628,0.20743905854316838,57,optimal
48,2023-03-31,"['AAPL', 'MSFT', 'AMZN', 'NVDA', 'GOOGL', 'GOOG', 'META', 'TSLA', 'BRK-B', 'JPM', 'JNJ', 'V', 'UNH', 'PG', 'MA', 'HD', 'BAC', 'CVX', 'LLY', 'XOM', 'AVGO', 'COST', 'ABBV', 'PFE', 'MRK', 'PEP', 'KO', 'ADBE', 'CSCO', 'WMT', 'MCD', 'ACN', 'CRM', 'TMO', 'DIS', 'LIN', 'NFLX', 'ABT', 'DHR', 'WFC', 'CMCSA', 'VZ', 'NEE', 'NKE', 'PM', 'TXN', 'HON', 'UPS', 'LOW', 'RTX', 'MS', 'INTC', 'GS', 'AMD', 'IBM', 'SBUX', 'CAT', 'DE', 'UNP', 'BA']","0.04553556,0.05000075,0.04255736,0.01448715,0.02867963,0.00973108,0.01306309,0.02311153,0.02663636,0.00237105,1.6e-07,0.00710595,0.02749472,0.00155722,0.02673048,0.01874679,3.63e-06,0.02018373,0.00298804,0.0255049,0.0156538,0.00569582,0.02919189,7.3e-07,0.01824243,0.04999572,0.01865512,0.01531804,0.0086453,0.0048326,0.02981605,0.01936125,0.02994222,0.02256306,1.14e-06,0.027237,0.01085627,0.00874637,2.11e-06,0.0190554,0.00653806,0.01564809,0.0131066,-1.67e-06,0.02283077,0.00878305,0.01133414,0.00189607,0.02600677,0.02852857,0.02186282,0.02103988,0.0165672,0.00774475,0.02753999,0.01922596,0.01286605,2.01e-05,0.00569667,0.01246467",0.0015099332421445392,0.0013336702804072032,0.26966788021641924,53,optimal
49,2023-06-30,"['AAPL', 'MSFT', 'AMZN', 'NVDA', 'GOOGL', 'GOOG', 'META', 'TSLA', 'BRK-B', 'JPM', 'JNJ', 'V', 'UNH', 'PG', 'MA', 'HD', 'BAC', 'CVX', 'LLY', 'XOM', 'AVGO', 'COST', 'ABBV', 'PFE', 'MRK', 'PEP', 'KO', 'ADBE', 'CSCO', 'WMT', 'MCD', 'ACN', 'CRM', 'TMO', 'DIS', 'LIN', 'NFLX', 'ABT', 'DHR', 'WFC', 'CMCSA', 'VZ', 'NEE', 'NKE', 'PM', 'TXN', 'HON', 'UPS', 'LOW', 'RTX', 'MS', 'INTC', 'GS', 'AMD', 'IBM', 'SBUX', 'CAT', 'DE', 'UNP', 'BA']","0.04553832,0.05000742,0.03297204,0.0166115,0.02869024,0.01389859,0.01306468,0.01912723,0.02664106,2.57e-06,9.7e-07,0.00195172,0.02750254,0.00156138,0.0267347,0.0187517,0.00622121,0.01969364,0.01208073,0.02550929,0.01872221,0.00570824,0.01945184,0.0138963,0.00933878,0.04999956,0.01401047,0.01881289,0.01952176,0.01116325,0.01702731,0.00790035,0.02759306,0.02520713,1.95e-06,0.02723905,0.01742806,0.0091592,-7e-08,0.032284,0.01069286,0.01565199,0.01310822,1.2e-07,0.02283662,0.01126553,0.0113352,0.00190729,0.01599805,0.02595068,0.02187207,0.0120351,4.42e-06,0.00913451,0.02752329,0.01912099,0.0128725,1.58e-06,0.02517841,0.01248365",0.0015501800353773696,0.0012635525761593752,0.21953209217266073,53,optimal
50,2023-09-29,"['AAPL', 'MSFT', 'AMZN', 'NVDA', 'GOOGL', 'GOOG', 'META', 'TSLA', 'BRK-B', 'JPM', 'JNJ', 'V', 'UNH', 'PG', 'MA', 'HD', 'BAC', 'CVX', 'LLY', 'XOM', 'AVGO', 'COST', 'ABBV', 'PFE', 'MRK', 'PEP', 'KO', 'ADBE', 'CSCO', 'WMT', 'MCD', 'ACN', 'CRM', 'TMO', 'DIS', 'LIN', 'NFLX', 'ABT', 'DHR', 'WFC', 'CMCSA', 'VZ', 'NEE', 'NKE', 'PM', 'TXN', 'HON', 'UPS', 'LOW', 'RTX', 'MS', 'INTC', 'GS', 'AMD', 'IBM', 'SBUX', 'CAT', 'DE', 'UNP', 'BA']","0.04554102,0.04999754,0.039547,0.01680432,0.02776295,0.01037596,0.00791265,0.01913258,0.03946172,1.31e-06,1.23e-06,0.00195676,0.02707656,0.00156605,0.02673817,0.01875467,0.00622262,0.01969803,0.01135891,0.02551453,0.01872612,0.00293818,0.00933248,0.02448483,1.9e-06,0.05000217,0.01401345,0.02015879,0.01952894,0.02637263,0.00497019,0.00790303,0.02681096,0.02928475,2.7e-06,0.03293647,0.01387775,0.01301926,0.00407326,0.03167114,0.01858128,0.01565477,0.00451294,3.12e-06,0.01648694,0.01126914,0.01133757,0.01202964,0.0160034,0.00380064,0.01118604,0.00959155,6.05e-06,0.00913556,0.0274701,0.01912954,0.02507851,0.00088358,0.02989923,0.0124068",0.0014522664712225573,0.0012095330744557426,0.20068838494349914,54,optimal
51,2023-12-29,"['AAPL', 'MSFT', 'AMZN', 'NVDA', 'GOOGL', 'GOOG', 'META', 'TSLA', 'BRK-B', 'JPM', 'JNJ', 'V', 'UNH', 'PG', 'MA', 'HD', 'BAC', 'CVX', 'LLY', 'XOM', 'AVGO', 'COST', 'ABBV', 'PFE', 'MRK', 'PEP', 'KO', 'ADBE', 'CSCO', 'WMT', 'MCD', 'ACN', 'CRM', 'TMO', 'DIS', 'LIN', 'NFLX', 'ABT', 'DHR', 'WFC', 'CMCSA', 'VZ', 'NEE', 'NKE', 'PM', 'TXN', 'HON', 'UPS', 'LOW', 'RTX', 'MS', 'INTC', 'GS', 'AMD', 'IBM', 'SBUX', 'CAT', 'DE', 'UNP', 'BA']","0.05000039,0.04999934,0.04531184,0.01779328,0.01927417,0.01036978,0.02770896,0.01503948,0.05000242,8e-07,0.00474763,0.00195995,0.04007259,0.00156949,0.00865456,9.1e-07,0.01782208,0.00728185,0.01858363,0.01995261,0.01400304,0.04162856,0.02743565,0.00142304,0.00336076,0.0208732,2.4e-06,0.02015683,0.01668821,0.00402199,0.00497021,0.00790142,0.02683091,0.02928246,0.01102933,0.01283453,0.01515856,0.01682873,0.00881041,0.03167028,0.02552555,0.01565491,0.00450797,1.09e-06,0.01649526,0.01127046,0.02366696,0.01202674,0.01600363,-1.53e-06,0.00753224,0.01055847,0.0035592,0.00120678,0.02747104,0.01966257,0.02422728,0.01323876,0.03392879,0.01240755",0.0014191300411025797,0.001256990869764788,0.3997496923598666,55,optimal
52,2024-03-28,"['AAPL', 'MSFT', 'AMZN', 'NVDA', 'GOOGL', 'GOOG', 'META', 'TSLA', 'BRK-B', 'JPM', 'JNJ', 'V', 'UNH', 'PG', 'MA', 'HD', 'BAC', 'CVX', 'LLY', 'XOM', 'AVGO', 'COST', 'ABBV', 'PFE', 'MRK', 'PEP', 'KO', 'ADBE', 'CSCO', 'WMT', 'MCD', 'ACN', 'CRM', 'TMO', 'DIS', 'LIN', 'NFLX', 'ABT', 'DHR', 'WFC', 'CMCSA', 'VZ', 'NEE', 'NKE', 'PM', 'TXN', 'HON', 'UPS', 'LOW', 'RTX', 'MS', 'INTC', 'GS', 'AMD', 'IBM', 'SBUX', 'CAT', 'DE', 'UNP', 'BA']","0.04649587,0.05000079,0.04530867,0.03641316,0.01927311,0.01006956,0.02770791,0.01504089,0.04282248,1.36e-06,0.015571,0.03180737,0.03372676,1.37e-06,0.00865928,0.00449965,0.01782592,0.00479929,0.0245109,0.01995821,0.01590571,0.03934657,0.02743902,0.0014401,0.00336362,0.00523979,1.31e-06,0.00975227,0.01669785,0.0005791,1.67e-06,0.00437021,0.02006846,0.02928309,0.02172244,0.01283797,0.01359067,0.01683181,0.00881227,0.01682421,0.01362302,0.01565606,0.00792387,-1.48e-06,0.01650126,0.01200651,0.02366921,0.0118478,0.03585624,0.00348464,0.00753535,0.01055601,0.00355888,0.00388065,0.02747659,0.00934261,0.02422779,0.01324481,0.03393331,0.00707512",0.0013006806820894344,0.001116977563939527,0.22513146878826062,55,optimal
53,2024-06-28,"['AAPL', 'MSFT', 'AMZN', 'NVDA', 'GOOGL', 'GOOG', 'META', 'TSLA', 'BRK-B', 'JPM', 'JNJ', 'V', 'UNH', 'PG', 'MA', 'HD', 'BAC', 'CVX', 'LLY', 'XOM', 'AVGO', 'COST', 'ABBV', 'PFE', 'MRK', 'PEP', 'KO', 'ADBE', 'CSCO', 'WMT', 'MCD', 'ACN', 'CRM', 'TMO', 'DIS', 'LIN', 'NFLX', 'ABT', 'DHR', 'WFC', 'CMCSA', 'VZ', 'NEE', 'NKE', 'PM', 'TXN', 'HON', 'UPS', 'LOW', 'RTX', 'MS', 'INTC', 'GS', 'AMD', 'IBM', 'SBUX', 'CAT', 'DE', 'UNP', 'BA']","0.05000248,0.05000391,0.02393322,0.05000499,0.02350481,0.03579952,0.0277047,0.02582588,0.04281981,-1.33e-06,0.00117174,0.03180926,0.02646651,-9e-08,0.00866044,0.00449919,0.02099587,0.00543293,0.0244898,0.02863962,0.01590974,0.03642845,0.02349952,0.0014023,0.00390553,0.00578421,0.01045338,7e-08,0.01670078,0.00058185,-1.4e-07,1.4e-06,0.01960191,-3.07e-06,0.01060544,0.01955642,0.02420885,0.01682318,0.00881057,-3.03e-06,0.00789808,-1.81e-06,0.00792394,0.00193573,0.045026,0.04010718,0.03019292,0.00689525,0.03827624,0.00848435,0.00960545,0.0048709,0.00892011,3.36e-06,0.0274653,-5.4e-07,0.00822918,0.01324445,0.04489048,2.77e-06",0.001527781513956287,0.0011420448679189189,0.3802311841618737,49,optimal
54,2024-09-30,"['AAPL', 'MSFT', 'AMZN', 'NVDA', 'GOOGL', 'GOOG', 'META', 'TSLA', 'BRK-B', 'JPM', 'JNJ', 'V', 'UNH', 'PG', 'MA', 'HD', 'BAC', 'CVX', 'LLY', 'XOM', 'AVGO', 'COST', 'ABBV', 'PFE', 'MRK', 'PEP', 'KO', 'ADBE', 'CSCO', 'WMT', 'MCD', 'ACN', 'CRM', 'TMO', 'DIS', 'LIN', 'NFLX', 'ABT', 'DHR', 'WFC', 'CMCSA', 'VZ', 'NEE', 'NKE', 'PM', 'TXN', 'HON', 'UPS', 'LOW', 'RTX', 'MS', 'INTC', 'GS', 'AMD', 'IBM', 'SBUX', 'CAT', 'DE', 'UNP', 'BA']","0.04999414,0.05000285,0.02133054,0.04998516,0.0235131,0.0301237,0.02770771,0.02583801,0.02258646,7.1e-07,0.0,0.03181574,0.02647201,6e-07,0.00866774,0.00891314,0.0241285,0.00242191,0.01631694,0.02505488,0.02103608,0.03282533,0.01261894,0.00441308,0.01715968,0.00579267,0.01046088,-1.2e-07,0.01038246,5.78e-06,1.2e-07,2.28e-06,0.02272882,-9e-08,0.0106128,0.0195618,0.02420726,0.01648245,0.00882616,0.00073221,0.00791018,-7.2e-07,0.00792508,4.57e-06,0.04503551,0.04011062,0.02788761,0.00544042,0.05000211,0.02373392,0.00961236,-1.89e-06,0.01098317,0.01095417,0.02747522,0.00421672,0.01093503,0.01220244,0.04284703,4.05e-06",0.0014824907313195333,0.001241724289410599,0.1597032062124898,48,optimal
55,2024-12-31,"['AAPL', 'MSFT', 'AMZN', 'NVDA', 'GOOGL', 'GOOG', 'META', 'TSLA', 'BRK-B', 'JPM', 'JNJ', 'V', 'UNH', 'PG', 'MA', 'HD', 'BAC', 'CVX', 'LLY', 'XOM', 'AVGO', 'COST', 'ABBV', 'PFE', 'MRK', 'PEP', 'KO', 'ADBE', 'CSCO', 'WMT', 'MCD', 'ACN', 'CRM', 'TMO', 'DIS', 'LIN', 'NFLX', 'ABT', 'DHR', 'WFC', 'CMCSA', 'VZ', 'NEE', 'NKE', 'PM', 'TXN', 'HON', 'UPS', 'LOW', 'RTX', 'MS', 'INTC', 'GS', 'AMD', 'IBM', 'SBUX', 'CAT', 'DE', 'UNP', 'BA']","0.04999722,0.04999848,0.03822383,0.04999385,0.02350701,0.03011764,0.02853213,0.02355704,0.02258119,-5.1e-07,-9.6e-07,0.03181074,0.0046091,0.00235209,0.00866328,0.02132955,0.02412346,0.00241764,0.01631335,0.02504659,0.0243141,0.03282057,0.01261321,0.01334781,0.0056209,0.00578802,0.01053939,-1.86e-06,0.02170372,0.00957958,0.00696667,-1.12e-06,0.02326265,0.00715643,0.01060907,0.01955797,0.02597737,0.01518584,0.03593938,0.00072631,0.00017649,-1.48e-06,0.00798234,-2.81e-06,0.04500959,0.02897415,0.0226596,0.00104353,0.01890103,0.03287862,0.0096095,-2.21e-06,0.0305817,0.01095058,0.01593747,0.00073105,0.0027956,0.00737385,0.02952089,1.84e-06",0.001610588442918167,0.001258339187813503,0.2760488369574738,52,optimal
