date,Baseline_CVaR
2010-01-05,100.0
2010-01-06,100.0171971395712
2010-01-07,100.21313131031894
2010-01-08,100.50977445669807
2010-01-11,100.61037407544629
2010-01-12,99.34678311729006
2010-01-13,100.20951002967567
2010-01-14,100.18859965903843
2010-01-15,99.20476828077001
2010-01-19,100.35994829939287
2010-01-20,99.52533439153925
2010-01-21,97.99394546777332
2010-01-22,95.50250392511495
2010-01-25,95.63470578580741
2010-01-26,95.34239330225984
2010-01-27,95.89330419944415
2010-01-28,95.34556911241079
2010-01-29,94.40469502097099
2010-02-01,95.52133091372109
2010-02-02,96.50157949775985
2010-02-03,96.2285883929592
2010-02-04,93.41263987892648
2010-02-05,93.69981328656823
2010-02-08,93.11681135929881
2010-02-09,94.2049358770905
2010-02-10,94.17934180541597
2010-02-11,95.24327038477583
2010-02-12,95.02375930154001
2010-02-16,96.36734199866552
2010-02-17,96.85031001305357
2010-02-18,97.27578680722637
2010-02-19,97.4462435879208
2010-02-22,97.44681244266343
2010-02-23,96.58845697207927
2010-02-24,97.56694064227817
2010-02-25,97.32074666792086
2010-02-26,97.42402911023262
2010-03-01,98.58621569817421
2010-03-02,98.80331364807454
2010-03-03,98.70283595395175
2010-03-04,99.26115979703889
2010-03-05,100.47738480596631
2010-03-08,100.58159477197768
2010-03-09,100.79281378789769
2010-03-10,101.4329815976245
2010-03-11,101.90589786460365
2010-03-12,101.7948493543248
2010-03-15,101.83993297401838
2010-03-16,102.44208630075381
2010-03-17,102.93969608337909
2010-03-18,102.98675418242634
2010-03-19,102.50388402067911
2010-03-22,102.9893337811356
2010-03-23,103.65416890940442
2010-03-24,102.96862774045654
2010-03-25,103.02389823171116
2010-03-26,103.0825149243517
2010-03-29,103.54767336107184
2010-03-30,103.84425457524311
2010-03-31,103.45227370943775
2010-04-01,103.89805058857142
2010-04-05,104.49325340462717
2010-04-06,104.6478019795883
2010-04-07,104.26254917231927
2010-04-08,104.55214270747233
2010-04-09,105.16132016973903
2010-04-12,105.36712504339631
2010-04-13,105.58652189775424
2010-04-14,106.6973965756243
2010-04-15,107.05032857055647
2010-04-16,105.24331157525206
2010-04-19,105.51726570657627
2010-04-20,106.27499923287674
2010-04-21,106.17713661222037
2010-04-22,106.9236012496048
2010-04-23,107.33068843941686
2010-04-26,107.19117803148302
2010-04-27,104.84161368418314
2010-04-28,105.30007905102346
2010-04-29,106.73739931348543
2010-04-30,104.7600854230223
2010-05-03,106.14299215227905
2010-05-04,103.88132502937255
2010-05-05,103.23165203579723
2010-05-06,100.14234805388239
2010-05-07,98.94303321504371
2010-05-10,102.97304949735333
2010-05-11,102.61351011644324
2010-05-12,104.02294183370948
2010-05-13,102.89408488423084
2010-05-14,100.64464046597014
2010-05-17,100.85096467609725
2010-05-18,99.25779975383556
2010-05-19,98.89067685948127
2010-05-20,95.6093396603022
2010-05-21,96.97432421192022
2010-05-24,95.97545631735667
2010-05-25,96.06213191464565
2010-05-26,95.73675651676997
2010-05-27,98.60345363126392
2010-05-28,97.45360572442337
2010-06-01,96.29955786700047
2010-06-02,98.38775727091655
2010-06-03,98.91833282098254
2010-06-04,95.73978598991773
2010-06-07,94.4809540956366
2010-06-08,95.18752033965397
2010-06-09,94.73967146802849
2010-06-10,97.25859583158004
2010-06-11,97.65626754401701
2010-06-14,97.49512090933145
2010-06-15,99.66635422928434
2010-06-16,99.6642780718663
2010-06-17,100.03551065006712
2010-06-18,100.18287042489331
2010-06-21,99.78550939318444
2010-06-22,98.26592422844838
2010-06-23,98.04250194043641
2010-06-24,96.40076454077284
2010-06-25,96.70293260717386
2010-06-28,96.3500657020572
2010-06-29,93.35716473151871
2010-06-30,92.37990749747044
2010-07-01,92.20162144494857
2010-07-02,91.52458154481567
2010-07-06,91.48004575409823
2010-07-07,94.08760286802891
2010-07-08,94.96522180251108
2010-07-09,95.64079868501868
2010-07-12,95.83009660459818
2010-07-13,97.39603088978556
2010-07-14,97.55045362112016
2010-07-15,97.78913131627945
2010-07-16,95.06806912923611
2010-07-19,95.63252466328066
2010-07-20,96.47518108722211
2010-07-21,95.57912579681093
2010-07-22,97.3389130128745
2010-07-23,98.23246957331226
2010-07-26,98.91113324586449
2010-07-27,98.72783091101951
2010-07-28,97.945701612799
2010-07-29,97.31613720613659
2010-07-30,97.50534577371887
2010-08-02,99.0689580562296
2010-08-03,98.85776409408267
2010-08-04,99.81821516823383
2010-08-05,99.66415236542137
2010-08-06,99.58887162162785
2010-08-09,100.28352522283774
2010-08-10,99.63785718542918
2010-08-11,96.92913382982312
2010-08-12,96.56781907160756
2010-08-13,96.1884066765693
2010-08-16,96.34552940597119
2010-08-17,97.38760477275022
2010-08-18,97.44895273799811
2010-08-19,96.03699057624786
2010-08-20,96.11945307226667
2010-08-23,95.66543960495491
2010-08-24,94.31788060281508
2010-08-25,94.86517469080394
2010-08-26,94.13134948427425
2010-08-27,95.39747250909925
2010-08-30,93.93357203321642
2010-08-31,93.8333251180677
2010-09-01,96.59617279835028
2010-09-02,97.62464573490604
2010-09-03,98.89914084132724
2010-09-07,97.85570281553169
2010-09-08,98.26445338993337
2010-09-09,98.70117980817655
2010-09-10,99.0539149616381
2010-09-13,100.17724565070807
2010-09-14,100.26204104421888
2010-09-15,100.53148367297699
2010-09-16,100.44293829489949
2010-09-17,100.59677162449275
2010-09-20,102.10590914010808
2010-09-21,102.17728947773273
2010-09-22,101.6085754457623
2010-09-23,101.03668371684724
2010-09-24,103.09045569670678
2010-09-27,102.72405889674114
2010-09-28,102.9953459575654
2010-09-29,102.90398918868068
2010-09-30,102.39817036951817
2010-10-01,102.53792625940142
2010-10-04,101.91661954432969
2010-10-05,103.78792835647855
2010-10-06,103.40861758186823
2010-10-07,103.41769482585153
2010-10-08,103.80752099359837
2010-10-11,103.80031696405325
2010-10-12,104.28138186278576
2010-10-13,104.87366008401595
2010-10-14,104.57595737949777
2010-10-15,105.12082375327181
2010-10-18,105.5470575614891
2010-10-19,104.18493898727554
2010-10-20,105.21576168415507
2010-10-21,105.73910806599108
2010-10-22,106.10425770553942
2010-10-25,106.45458606090166
2010-10-26,106.59440690993982
2010-10-27,106.29436508531798
2010-10-28,106.50885966247029
2010-10-29,106.52100881789724
2010-11-01,106.30362144735095
2010-11-02,107.16255670179977
2010-11-03,107.80605996673135
2010-11-04,109.71219505143361
2010-11-05,110.14348389298286
2010-11-08,109.89867523563184
2010-11-09,109.0826062188756
2010-11-10,109.81944254562764
2010-11-11,109.04968410000448
2010-11-12,108.12339217107592
2010-11-15,107.85919010889225
2010-11-16,106.41453013154731
2010-11-17,106.35654800632781
2010-11-18,107.89924913397346
2010-11-19,108.62844605627053
2010-11-22,108.77201359163845
2010-11-23,107.53811179922567
2010-11-24,109.10682350613163
2010-11-26,108.49928748055859
2010-11-29,108.24691836963363
2010-11-30,107.57267089594956
2010-12-01,109.65695448837631
2010-12-02,110.82002209561549
2010-12-03,110.73067386949977
2010-12-06,110.79508371078128
2010-12-07,110.9136682018762
2010-12-08,111.46710223945178
2010-12-09,111.72871443093437
2010-12-10,112.2967233034942
2010-12-13,112.15333146195997
2010-12-14,111.92526872877875
2010-12-15,111.43199632939425
2010-12-16,111.85943357775463
2010-12-17,111.89265251679626
2010-12-20,112.07677440161473
2010-12-21,112.98259857610984
2010-12-22,113.18918590988527
2010-12-23,112.8715584191227
2010-12-27,112.60430298541462
2010-12-28,112.6777692551612
2010-12-29,112.79082636872077
2010-12-30,112.53298668522531
2010-12-31,112.54985058421892
2011-01-03,113.77614416394724
2011-01-04,113.88006867991803
2011-01-05,114.65962376405778
2011-01-06,114.86697491455773
2011-01-07,114.8204191492391
2011-01-10,114.951309858416
2011-01-11,114.83496535323489
2011-01-12,115.88303101195197
2011-01-13,115.71176412290376
2011-01-14,116.46851468831017
2011-01-18,116.62354693895432
2011-01-19,115.4740903058805
2011-01-20,115.24654499056388
2011-01-21,115.05967757639806
2011-01-24,116.10280572250886
2011-01-25,116.03396956005471
2011-01-26,116.09835136694564
2011-01-27,116.92794171871088
2011-01-28,114.80734038694823
2011-01-31,115.29763282762863
2011-02-01,117.11253331202347
2011-02-02,117.07929300779824
2011-02-03,117.31702292427104
2011-02-04,117.87509924367731
2011-02-07,118.20034403467996
2011-02-08,118.86242782225199
2011-02-09,118.64401516308686
2011-02-10,118.53456605041399
2011-02-11,119.30611449763575
2011-02-14,119.55876216030461
2011-02-15,119.25344042317046
2011-02-16,120.15944452378989
2011-02-17,120.49316193641457
2011-02-18,120.84085027922391
2011-02-22,118.05357685273572
2011-02-23,116.84322645299518
2011-02-24,117.3727067731377
2011-02-25,118.43212139412454
2011-02-28,118.7849950947099
2011-03-01,116.99428776992062
2011-03-02,117.28942186325162
2011-03-03,119.14797255146495
2011-03-04,118.56383413090497
2011-03-07,117.52477972315009
2011-03-08,118.32515868516882
2011-03-09,118.0969532994998
2011-03-10,116.55756929017657
2011-03-11,117.08634815956667
2011-03-14,116.20257013259237
2011-03-15,114.999946922877
2011-03-16,112.82111336631975
2011-03-17,113.81979957954944
2011-03-18,114.26741060781669
2011-03-21,115.68879798235699
2011-03-22,115.39724664821938
2011-03-23,115.93051165279722
2011-03-24,117.24838659342329
2011-03-25,117.32491882205565
2011-03-28,117.16451531002254
2011-03-29,117.95611692480676
2011-03-30,118.65358881761642
2020-01-02,119.90580633593567
2020-01-03,118.91930679275721
2020-01-06,119.32326524818713
2020-01-07,118.9133980519316
2020-01-08,119.55965477544954
2020-01-09,120.48162202667578
2020-01-10,120.01471085303028
2020-01-13,120.82346609426557
2020-01-14,120.57234979692639
2020-01-15,120.76985709518114
2020-01-16,121.75406163099967
2020-01-17,122.17807805996111
2020-01-21,121.7549773421841
2020-01-22,121.9619637195565
2020-01-23,121.96047823112816
2020-01-24,120.67264387930922
2020-01-27,118.93062755436574
2020-01-28,120.02059535670328
2020-01-29,119.68977137355425
2020-01-30,119.9719532894765
2020-01-31,118.07898256359582
2020-02-03,118.7647985434062
2020-02-04,120.6095338574078
2020-02-05,122.26303158826354
2020-02-06,122.33611664868546
2020-02-07,121.7288604198083
2020-02-10,122.5885907783127
2020-02-11,122.89723844246343
2020-02-12,123.75992490525347
2020-02-13,123.72230532096266
2020-02-14,123.76403020257251
2020-02-18,123.39608932706825
2020-02-19,123.84407470306449
2020-02-20,123.46387353016715
2020-02-21,122.37911376538658
2020-02-24,118.23362909396067
2020-02-25,114.59337972602745
2020-02-26,113.92606512632504
2020-02-27,108.94668255438779
2020-02-28,108.01815542843576
2020-03-02,112.7996543023342
2020-03-03,109.57490576938586
2020-03-04,114.06764809137387
2020-03-05,109.9928381329515
2020-03-06,108.34974506579358
2020-03-09,99.64469246388066
2020-03-10,104.62090570655124
2020-03-11,99.26400545831174
2020-03-12,89.22897579028675
2020-03-13,97.3443028147656
2020-03-16,84.95980545907662
2020-03-17,89.56451670961822
2020-03-18,84.39093125296213
2020-03-19,85.44797719958126
2020-03-20,81.60545354185204
2020-03-23,79.29016356698202
2020-03-24,87.15525664659023
2020-03-25,88.07753794261616
2020-03-26,93.4995213340231
2020-03-27,89.83559875014552
2020-03-30,92.64735627568477
2020-03-31,91.22824523851261
2020-04-01,87.22391683099954
2020-04-02,89.74211523082693
2020-04-03,88.11574822077452
2020-04-06,93.82242601910063
2020-04-07,93.23533258485848
2020-04-08,96.23397620164097
2020-04-09,97.62388601974637
2020-04-13,96.81983282373542
2020-04-14,99.6597864646611
2020-04-15,97.58210020398698
2020-04-16,97.85667086407275
2020-04-17,100.29213351405564
2020-04-20,98.66250301300448
2020-04-21,95.89539727243664
2020-04-22,97.89533160871889
2020-04-23,98.03050233383344
2020-04-24,99.30520320359525
2020-04-27,100.89219392554763
2020-04-28,99.97206908757465
2020-04-29,101.88633200185802
2020-04-30,100.98073868653863
2020-05-01,98.31087201969329
2020-05-04,98.53370322736612
2020-05-05,99.25608440242452
2020-05-06,98.76923761881072
2020-05-07,99.24483589720707
2020-05-08,100.8875235359062
2020-05-11,100.71794301748788
2020-05-12,98.77042876709531
2020-05-13,97.08412774807252
2020-05-14,98.47815340613685
2020-05-15,98.86961274999113
2020-05-18,102.01345986560881
2020-05-19,100.76815036909441
2020-05-20,102.32362306265526
2020-05-21,101.7656499805722
2020-05-22,101.94980603102466
2020-05-26,103.37578250690747
2020-05-27,105.1237452374431
2020-05-28,105.10643596129925
2020-05-29,105.55035175956952
2020-06-01,105.74996825293692
2020-06-02,106.62223499922518
2020-06-03,108.25603045847214
2020-06-04,107.87846926700621
2020-06-05,110.40733779760367
2020-06-08,111.66440906409004
2020-06-09,110.95653643131102
2020-06-10,110.33935861416342
2020-06-11,103.7557831985987
2020-06-12,105.1589838666115
2020-06-15,105.88459724570505
2020-06-16,107.88171003001246
2020-06-17,107.62374904335226
2020-06-18,107.65121011936907
2020-06-19,107.09056808450576
2020-06-22,107.69857588657025
2020-06-23,108.11396763919984
2020-06-24,105.51837564550878
2020-06-25,106.93005560650761
2020-06-26,103.78740531539114
2020-06-29,105.38921814582334
2020-06-30,106.82626899622196
2020-07-01,107.39682681795684
2020-07-02,108.02955151613914
2020-07-06,109.95941184451948
2020-07-07,108.80937022767736
2020-07-08,109.67082802722476
2020-07-09,108.99253579210826
2020-07-10,110.70369283155432
2020-07-13,109.93043433192953
2020-07-14,111.70558781393454
2020-07-15,112.63697421132403
2020-07-16,112.59769670245178
2020-07-17,112.87818062808523
2020-07-20,113.73833133825921
2020-07-21,114.02737006445307
2020-07-22,114.50924994468838
2020-07-23,113.45026221452508
2020-07-24,112.93502421957965
2020-07-27,113.97680985319761
2020-07-28,113.31987548803073
2020-07-29,114.4481878334928
2020-07-30,113.76007144536075
2020-07-31,114.41510257012682
2020-08-03,114.9178412658594
2020-08-04,115.59408343924828
2020-08-05,116.67638685585608
2020-08-06,117.48685532017168
2020-08-07,117.70406292506294
2020-08-10,118.10202436809578
2020-08-11,117.45759222753212
2020-08-12,118.99409698713986
2020-08-13,118.72235593921904
2020-08-14,118.58615689686525
2020-08-17,118.7877109410313
2020-08-18,119.29781990743189
2020-08-19,118.96470337022775
2020-08-20,119.41604628178708
2020-08-21,119.83774500535651
2020-08-24,121.19787572124976
2020-08-25,121.5278448120567
2020-08-26,123.31599661570776
2020-08-27,123.33314051009563
2020-08-28,124.05865642570942
2020-08-31,123.63517014455945
2020-09-01,124.43074335140811
2020-09-02,126.25138659536432
2020-09-03,122.2499679178542
2020-09-04,121.23224879051784
2020-09-08,118.24372671396442
2020-09-09,120.49116615318682
2020-09-10,118.75971805097154
2020-09-11,119.17815196862777
2020-09-14,120.52461938841891
2020-09-15,121.23380978990464
2020-09-16,120.66619689252371
2020-09-17,119.87578514039537
2020-09-18,118.73971779770255
2020-09-21,117.31451728303566
2020-09-22,118.04249803474886
2020-09-23,115.23579384959812
2020-09-24,115.34323950046436
2020-09-25,116.7993088009557
2020-09-28,118.64648335972761
2020-09-29,118.06815530728272
2020-09-30,118.99120729358872
2020-10-01,119.0666856073167
2020-10-02,118.01287569718133
2020-10-05,120.00270017789614
2020-10-06,118.42024958282697
2020-10-07,120.6091945150757
2020-10-08,121.78322910515776
2020-10-09,122.71267452235008
2020-10-12,124.31974462079715
2020-10-13,123.51409336782486
2020-10-14,122.80243702587903
2020-10-15,122.38498136609013
2020-10-16,122.82262142250777
2020-10-19,120.88939194795879
2020-10-20,121.33071458287279
2020-10-21,120.4777960509253
2020-10-22,121.33022672691129
2020-10-23,121.5004963044365
2020-10-26,119.31494752007859
2020-10-27,118.67726514789577
2020-10-28,114.26489929230819
2020-10-29,115.78084606909391
2020-10-30,114.51311981978098
2020-11-02,116.29130977408944
2020-11-03,118.31589424576912
2020-11-04,119.77683092738924
2020-11-05,122.24881473447718
2020-11-06,122.26919487469785
2020-11-09,123.76935331852819
2020-11-10,123.95709695132508
2020-11-11,124.8718421562415
2020-11-12,123.5186250029398
2020-11-13,124.88274156635113
2020-11-16,126.09760483561739
2020-11-17,125.95410018447606
2020-11-18,124.26347125970464
2020-11-19,124.87758699102534
2020-11-20,124.16769464571007
2020-11-23,125.31883085340225
2020-11-24,127.61519235891892
2020-11-25,127.39150676673283
2020-11-27,127.67756089617149
2020-11-30,126.909826820418
2020-12-01,127.86676971436084
2020-12-02,128.15278050511617
2020-12-03,128.03041509431702
2020-12-04,129.12811607453386
2020-12-07,129.04064381017582
2020-12-08,129.42058741043255
2020-12-09,129.141236892424
2020-12-10,128.9710262432511
2020-12-11,129.02415900876625
2020-12-14,128.43789759871268
2020-12-15,130.1268519252883
2020-12-16,130.1203405068217
2020-12-17,131.10912442620125
2020-12-18,130.9386421466486
2020-12-21,130.57147498050944
2020-12-22,130.01082912570985
2020-12-23,130.1324105498906
2020-12-24,130.49082248851863
2020-12-28,131.54239718885268
2020-12-29,131.23144507903154
2020-12-30,131.31968069934925
2020-12-31,132.03626220883186
2021-01-04,130.19512953573516
2021-01-05,131.0750576435703
2021-01-06,131.71901314177262
2021-01-07,133.15376434216515
2021-01-08,133.94692959206373
2021-01-11,133.29491581942656
2021-01-12,132.84742555542064
2021-01-13,133.25922463911056
2021-01-14,132.62566609682705
2021-01-15,131.47714369371275
2021-01-19,132.34441285225316
2021-01-20,134.25354662584388
2021-01-21,134.24439647500324
2021-01-22,133.45039879097624
2021-01-25,134.18479781809643
2021-01-26,134.07919312304765
2021-01-27,130.12119950848302
2021-01-28,131.63139378300565
2021-01-29,129.2192838471703
2021-02-01,130.66819070697778
2021-02-02,132.44809195658524
2021-02-03,132.81309970391615
2021-02-04,134.15588572080173
2021-02-05,135.17380059052618
2021-02-08,136.0871616172205
2021-02-09,135.86497376893078
2021-02-10,135.70439714755543
2021-02-11,135.59325235522692
2021-02-12,136.0635880897282
2021-02-16,135.94197591064855
2021-02-17,136.33373542458204
2021-02-18,135.93068965569398
2021-02-19,134.91778000603168
2021-02-22,134.04002504642563
2021-02-23,134.4226286090454
2021-02-24,135.55663034921508
2021-02-25,132.60874881708048
2021-02-26,131.7002227157872
2021-03-01,134.61645457138764
2021-03-02,133.99900727136514
2021-03-03,132.39182679547804
2021-03-04,130.86178971817765
2021-03-05,133.14079422936155
2021-03-08,132.76575165568448
2021-03-09,134.54867932812746
2021-03-10,135.8667904778286
2021-03-11,136.92508980312994
2021-03-12,136.92075407592148
2021-03-15,137.12423454157567
2021-03-16,137.01532183651864
2021-03-17,137.04196225702185
2021-03-18,135.3320175664249
2021-03-19,135.14678772276886
2021-03-22,136.23739556379036
2021-03-23,135.74905859139335
2021-03-24,135.147716512848
2021-03-25,135.84999320971377
2021-03-26,138.08255119550952
2021-03-29,138.30553438832388
2021-03-30,137.6010910745115
2021-03-31,137.7639338183321
2021-04-01,139.01458335423382
2021-04-05,141.0250485765565
2021-04-06,140.98040484303218
2021-04-07,141.3291802311221
2021-04-08,142.00899832603977
2021-04-09,143.34691969422934
2021-04-12,143.27571345961957
2021-04-13,143.6248501275458
2021-04-14,143.04546142628013
2021-04-15,144.64166316621697
2021-04-16,145.38766305310546
2021-04-19,144.51966181154117
2021-04-20,143.53399382286761
2021-04-21,144.80827559332877
2021-04-22,143.4360929715341
2021-04-23,144.79934843773648
2021-04-26,144.65028321127818
2021-04-27,144.73043566128788
2021-04-28,144.41165181726723
2021-04-29,145.8528247626178
2021-04-30,144.73969935989825
2021-05-03,145.1050407938274
2021-05-04,144.30515141286472
2021-05-05,144.33796821176642
2021-05-06,146.22767295118524
2021-05-07,147.01678541201738
2021-05-10,145.83093262982445
2021-05-11,144.55798882182106
2021-05-12,141.20549684922435
2021-05-13,143.09902720886603
2021-05-14,145.0244664513114
2021-05-17,144.21151167750128
2021-05-18,142.95948475494785
2021-05-19,142.52085611566432
2021-05-20,143.9859318348072
2021-05-21,143.83849691516866
2021-05-24,145.21661316803505
2021-05-25,145.2346313206508
2021-05-26,145.37847987701912
2021-05-27,145.6206688961947
2021-05-28,145.8678203066612
2021-06-01,145.38444170070613
2021-06-02,145.42771743762242
2021-06-03,144.8740769629088
2021-06-04,146.15572878152528
2021-06-07,145.92196396073425
2021-06-08,145.8729015509762
2021-06-09,145.713737008942
2021-06-10,146.25042843128062
2021-06-11,146.49316136352255
2021-06-14,146.6613138589073
2021-06-15,146.06706685119732
2021-06-16,145.30641464468346
2021-06-17,145.4495217945264
2021-06-18,143.5371981175121
2021-06-21,145.4177804590365
2021-06-22,146.1472262760483
2021-06-23,145.74222539727072
2021-06-24,146.68933364510636
2021-06-25,147.0408201092631
2021-06-28,147.48039114789322
2021-06-29,147.76241656104915
2021-06-30,148.15373629018927
2021-07-01,148.9036823517996
2021-07-02,149.82254941808463
2021-07-06,149.69076393053712
2021-07-07,150.20021170758577
2021-07-08,149.0574759862831
2021-07-09,150.76120143367632
2021-07-12,151.39037715684145
2021-07-13,151.1177997680737
2021-07-14,151.3941012867734
2021-07-15,151.36365284432938
2021-07-16,150.20299527748062
2021-07-19,147.71697331854338
2021-07-20,149.89262089413683
2021-07-21,151.2181672425457
2021-07-22,151.63809431653385
2021-07-23,153.1922742611166
2021-07-26,153.60181502402398
2021-07-27,152.7566526006502
2021-07-28,152.65973474568722
2021-07-29,153.33671842717075
2021-07-30,152.50580896079785
2021-08-02,152.20846474730138
2021-08-03,153.48472457123788
2021-08-04,152.85448567259584
2021-08-05,153.7908180573997
2021-08-06,154.3033246914466
2021-08-09,154.05626276862336
2021-08-10,154.50300176154477
2021-08-11,155.1153743852707
2021-08-12,155.64915192560835
2021-08-13,155.90049173378756
2021-08-16,156.47614918483728
2021-08-17,155.16665395648354
2021-08-18,153.82885885759597
2021-08-19,153.89001457289228
2021-08-20,154.87807444333265
2021-08-23,156.1821647402976
2021-08-24,156.3769049943801
2021-08-25,156.85891328777663
2021-08-26,156.36315092724107
2021-08-27,157.45460876799962
2021-08-30,158.16686884184102
2021-08-31,157.9577074227879
2021-09-01,157.92393073170552
2021-09-02,158.38814720302827
2021-09-03,158.40657815659316
2021-09-07,157.57990174577245
2021-09-08,157.34945768953344
2021-09-09,156.58810896141753
2021-09-10,155.6962242022885
2021-09-13,156.23521227504574
2021-09-14,155.15390419873466
2021-09-15,156.23067086312744
2021-09-16,155.86681439065575
2021-09-17,154.48808170367258
2021-09-20,151.85260561793507
2021-09-21,151.644138019307
2021-09-22,152.80354230889378
2021-09-23,154.76416243954924
2021-09-24,155.07055056122522
2021-09-27,154.76331272878386
2021-09-28,151.55050104964158
2021-09-29,151.77359937109338
2021-09-30,149.97174564383832
2021-10-01,151.90442086932572
2021-10-04,149.9287866995625
2021-10-05,151.55496391318272
2021-10-06,152.25373908935276
2021-10-07,153.59303514784762
2021-10-08,153.47238704079837
2021-10-11,152.01433290679034
2021-10-12,151.40539367125842
2021-10-13,151.7372133492947
2021-10-14,154.1426836467685
2021-10-15,155.7183340502672
2021-10-18,156.31327464098993
2021-10-19,157.7267681785447
2021-10-20,158.32465155399285
2021-10-21,158.49377587392453
2021-10-22,158.0987017356245
2021-10-25,159.03462606420334
2021-10-26,159.3762601641402
2021-10-27,158.77929086541624
2021-10-28,160.33613848440862
2021-10-29,160.43971505262354
2021-11-01,160.8114422829896
2021-11-02,161.44307459613577
2021-11-03,162.2140390863745
2021-11-04,162.9407079718399
2021-11-05,163.43483390098132
2021-11-08,163.67611148816928
2021-11-09,163.07406934653267
2021-11-10,161.763195413129
2021-11-11,161.59535573964473
2021-11-12,162.77630337287363
2021-11-15,162.78942911558522
2021-11-16,163.12706291310292
2021-11-17,162.55314401571724
2021-11-18,162.84068714895494
2021-11-19,162.0402999415717
2021-11-22,161.91389730107687
2021-11-23,162.43309034947154
2021-11-24,163.0155484774879
2021-11-26,159.40969908046523
2021-11-29,161.17056530874208
2021-11-30,158.38068933774616
2021-12-01,156.62045381387213
2021-12-02,158.66032300619148
2021-12-03,157.58157562939442
2021-12-06,159.5386357468434
2021-12-07,162.44678491170356
2021-12-08,162.45847193344736
2021-12-09,161.90774724039187
2021-12-10,163.88276653187282
2021-12-13,162.52076134421424
2021-12-14,161.46698340417265
2021-12-15,163.90364594307206
2021-12-16,163.29558018134608
2021-12-17,161.55219652557108
2021-12-20,159.53388283891135
2021-12-21,162.16034621279127
2021-12-22,163.6090959111581
2021-12-23,164.60194364658344
2021-12-27,166.68658205986537
2021-12-28,166.6251554223141
2021-12-29,166.62945355767212
2021-12-30,166.1040792140899
2021-12-31,165.53323844217752
2022-01-03,166.94448867298757
2022-01-04,167.07819174367623
2022-01-05,164.01470407291768
2022-01-06,163.60938123309631
2022-01-07,163.1598612882542
2022-01-10,163.18376442342935
2022-01-11,164.44450977808566
2022-01-12,164.70051845416089
2022-01-13,162.28778504301994
2022-01-14,162.30278103557902
2022-01-18,159.09084179882325
2022-01-19,157.54061692288573
2022-01-20,155.83145842625646
2022-01-21,152.84146499914252
2022-01-24,153.1503847494313
2022-01-25,151.78226999928015
2022-01-26,151.6723553090488
2022-01-27,150.92969279349003
2022-01-28,154.34776250923824
2022-01-31,157.22258408656447
2022-02-01,158.63852330077043
2022-02-02,160.4005752948971
2022-02-03,155.21205746656125
2022-02-04,156.6621373405975
2022-02-07,156.04771037925985
2022-02-08,157.30713847636497
2022-02-09,159.36752084825935
2022-02-10,156.37937310427597
2022-02-11,153.0161239627323
2022-02-14,152.54253728289467
2022-02-15,154.7967319533118
2022-02-16,154.61518970300207
2022-02-17,151.18522093215756
2022-02-18,150.14921108271858
2022-02-22,148.59620252482603
2022-02-23,145.59977134094834
2022-02-24,147.94244554457057
2022-02-25,151.23217151103648
2022-02-28,151.44416666163295
2022-03-01,149.1175300328902
2022-03-02,151.84381120513538
2022-03-03,150.96336303362935
2022-03-04,150.0871800018987
2022-03-07,145.65259390414232
2022-03-08,144.96400389229547
2022-03-09,148.78152824720837
2022-03-10,148.1623987677203
2022-03-11,146.5331860018497
2022-03-14,145.55641853028135
2022-03-15,148.66464552415607
2022-03-16,151.93413519811796
2022-03-17,153.6457447837944
2022-03-18,155.463367674429
2022-03-21,155.32551555472494
2022-03-22,157.23502936009672
2022-03-23,155.0439617379253
2022-03-24,156.96083230482557
2022-03-25,157.76190765439128
2022-03-28,158.87664548482635
2022-03-29,160.2026614257101
2022-03-30,159.29838192299027
2022-03-31,156.78404599256703
2022-04-01,157.04287305253447
2022-04-04,158.05762022662955
2022-04-05,155.9804611563755
2022-04-06,154.1943627663787
2022-04-07,155.1092184318004
2022-04-08,154.41057506197234
2022-04-11,151.8003451136375
2022-04-12,151.20849344741887
2022-04-13,152.68522808303987
2022-04-14,151.12090882878329
2022-04-18,151.13792389578518
2022-04-19,153.43773845272835
2022-04-20,153.17903305952564
2022-04-21,150.51587718058417
2022-04-22,146.25868756765547
2022-04-25,147.21173260301205
2022-04-26,142.91419569965308
2022-04-27,142.79301795798133
2022-04-28,146.43490918306145
2022-04-29,140.78245648539024
2022-05-02,141.9849151498432
2022-05-03,142.3833568799561
2022-05-04,146.8423191215321
2022-05-05,141.15190118409004
2022-05-06,140.3608499708837
2022-05-09,135.98081712631947
2022-05-10,136.71355359213663
2022-05-11,134.43173564143373
2022-05-12,134.14592009983676
2022-05-13,137.5106645076369
2022-05-16,137.06266144493128
2022-05-17,139.94869716124353
2022-05-18,133.69263019819505
2022-05-19,131.82410408409226
2022-05-20,131.5624856047914
2022-05-23,134.01277363003626
2022-05-24,132.81903668885965
2022-05-25,134.01190702050616
2022-05-26,137.09617943853766
2022-05-27,140.6013160585834
2022-05-31,139.63296579703328
2022-06-01,139.06026572599552
2022-06-02,142.1504872220546
2022-06-03,139.9833342304983
2022-06-06,140.3603944480488
2022-06-07,141.6333100559804
2022-06-08,140.28636881185665
2022-06-09,137.16710077194242
2022-06-10,132.81140153047352
2022-06-13,127.8411111957858
2022-06-14,127.51064331759412
2022-06-15,129.71902791737907
2022-06-16,125.49584317465761
2022-06-17,125.64772115296495
2022-06-21,128.6985290236609
2022-06-22,128.410838705388
2022-06-23,129.1875713128351
2022-06-24,133.43090824076168
2022-06-27,132.82243617608077
2022-06-28,129.7231699952075
2022-06-29,129.73546843982245
2022-06-30,128.65228040483225
2022-07-01,129.7607808525834
2022-07-05,129.96479292462752
2022-07-06,130.44746053819784
2022-07-07,132.47335866076085
2022-07-08,132.5722769635336
2022-07-11,130.75949915758375
2022-07-12,129.57408616823238
2022-07-13,128.91172786521204
2022-07-14,128.6290317541678
2022-07-15,131.205327032036
2022-07-18,130.229242997229
2022-07-19,134.09874280720578
2022-07-20,135.03449645132716
2022-07-21,136.42146396672493
2022-07-22,134.56466170736755
2022-07-25,134.62569656193168
2022-07-26,132.567260182261
2022-07-27,136.03438825765403
2022-07-28,137.55416724097515
2022-07-29,139.6654792853716
2022-08-01,139.35462113555639
2022-08-02,138.1330233770639
2022-08-03,140.36472337971554
2022-08-04,140.24997665011628
2022-08-05,139.9245352346139
2022-08-08,139.48175924676232
2022-08-09,138.65425442456768
2022-08-10,141.64102155182766
2022-08-11,141.5935562811007
2022-08-12,144.04655844720583
2022-08-15,144.8616772480566
2022-08-16,144.99747348312548
2022-08-17,143.90260651931894
2022-08-18,144.29550081284648
2022-08-19,142.2767199023869
2022-08-22,139.2806134681046
2022-08-23,139.09120332734088
2022-08-24,139.4412388912205
2022-08-25,141.46332088296316
2022-08-26,136.46297549119043
2022-08-29,135.42791984560782
2022-08-30,133.84108661704093
2022-08-31,132.71167596914458
2022-09-01,132.81309591890044
2022-09-02,131.3718499276028
2022-09-06,130.73632405246164
2022-09-07,132.66289893746782
2022-09-08,133.49679017155168
2022-09-09,135.69559657046065
2022-09-12,137.03352303031707
2022-09-13,130.48563703006104
2022-09-14,131.22626108357767
2022-09-15,129.3826767141982
2022-09-16,128.48908193511198
2022-09-19,129.36835079062885
2022-09-20,127.92334983943172
2022-09-21,125.71125570608157
2022-09-22,124.82442547919426
2022-09-23,122.52658217371047
2022-09-26,121.23930972169612
2022-09-27,121.00063246404338
2022-09-28,123.40472220939816
2022-09-29,120.89778501994482
2022-09-30,118.5470827254254
2022-10-03,121.4229254713623
2022-10-04,125.11686499015558
2022-10-05,125.08036960649622
2022-10-06,123.87092395857444
2022-10-07,120.50803889859448
2022-10-10,119.40924269529127
2022-10-11,118.57660977974982
2022-10-12,118.44084632865226
2022-10-13,121.57905267626276
2022-10-14,118.75515039785273
2022-10-17,121.83270159275175
2022-10-18,123.1028303504225
2022-10-19,122.44798371487727
2022-10-20,121.43983289894695
2022-10-21,124.17433420761648
2022-10-24,125.51540312734251
2022-10-25,127.5255560218649
2022-10-26,126.22844008136296
2022-10-27,125.17989985613214
2022-10-28,128.44122148327756
2022-10-31,127.29005339587958
2022-11-01,126.74102672113882
2022-11-02,123.48321028884313
2022-11-03,122.13216493546375
2022-11-04,123.90435368914213
2022-11-07,125.26866675911974
2022-11-08,125.99279700425998
2022-11-09,123.2796129157709
2022-11-10,130.01861491791226
2022-11-11,131.54023100411877
2022-11-14,130.629097969682
2022-11-15,131.7265377683752
2022-11-16,130.79659011586162
2022-11-17,130.22555408073228
2022-11-18,130.633883724226
2022-11-21,130.01561804345212
2022-11-22,131.82425487425883
2022-11-23,132.9474731396644
2022-11-25,132.93613375877132
2022-11-28,131.1158389553017
2022-11-29,130.65699776842706
2022-11-30,135.04906475146848
2022-12-01,134.48801589595618
2022-12-02,134.28106603306796
2022-12-05,131.67207184720917
2022-12-06,129.56436367895918
2022-12-07,129.19053633998584
2022-12-08,130.272644965332
2022-12-09,129.6621133822536
2022-12-12,131.41023736645
2022-12-13,132.453425655875
2022-12-14,131.6387407197467
2022-12-15,128.2574004843832
2022-12-16,126.8913603571044
2022-12-19,125.72537815197013
2022-12-20,125.71595682937277
2022-12-21,127.69796209372568
2022-12-22,125.687750792063
2022-12-23,126.43606498064308
2022-12-27,125.58739908319953
2022-12-28,124.26279327951373
2022-12-29,126.48204397674571
2022-12-30,126.22854174546781
2023-01-03,125.72360459410909
2023-01-04,126.55104978063618
2023-01-05,125.03650036300647
2023-01-06,127.55599952277915
2023-01-09,127.84571608564035
2023-01-10,128.6876325599715
2023-01-11,130.27633462202667
2023-01-12,131.0263986436075
2023-01-13,131.53847379686647
2023-01-17,131.47775237353528
2023-01-18,129.31666900360293
2023-01-19,128.5398977239579
2023-01-20,130.92179569558695
2023-01-23,132.60557504546446
2023-01-24,132.630764684352
2023-01-25,132.34005987459733
2023-01-26,134.03151232974992
2023-01-27,134.15257533480653
2023-01-30,132.60687832360887
2023-01-31,134.34235718357434
2023-02-01,135.77867048843422
2023-02-02,137.62569466894738
2023-02-03,136.14007761823322
2023-02-06,135.79054437521728
2023-02-07,137.611651064387
2023-02-08,136.05280866487527
2023-02-09,135.07683290937115
2023-02-10,135.27501305988932
2023-02-13,136.85460916450683
2023-02-14,136.88483697416856
2023-02-15,137.26854684691256
2023-02-16,135.3081355710016
2023-02-17,134.96854833787793
2023-02-21,132.04796937530213
2023-02-22,131.94897029079345
2023-02-23,132.6389416368352
2023-02-24,131.323458985853
2023-02-27,131.86706976690326
2023-02-28,131.45068614788588
2023-03-01,130.7421411926599
2023-03-02,132.26976063313177
2023-03-03,134.50520819887123
2023-03-06,134.80160943660445
2023-03-07,132.79608250528304
2023-03-08,132.8908173919473
2023-03-09,130.55572511646105
2023-03-10,129.02036724054582
2023-03-13,128.99698377185786
2023-03-14,131.2281259809678
2023-03-15,130.40293134933032
2023-03-16,132.73784955353247
2023-03-17,131.30025514709519
2023-03-20,132.48825273547234
2023-03-21,134.2502609464341
2023-03-22,132.2864410856831
2023-03-23,132.88149841938542
2023-03-24,133.32006722701703
2023-03-27,133.6825107622398
2023-03-28,133.4000926187597
2023-03-29,135.00580821322313
2023-03-30,135.7788301879184
2023-03-31,137.6986766095889
2023-04-03,138.46039442226154
2023-04-04,137.9482130949307
2023-04-05,137.51989840742982
2023-04-06,137.91371948815961
2023-04-10,137.86901372549062
2023-04-11,137.7577513531886
2023-04-12,137.32302848619972
2023-04-13,139.30179602464165
2023-04-14,139.0231747740354
2023-04-17,139.51795194082982
2023-04-18,139.72443507522848
2023-04-19,139.573413473892
2023-04-20,138.62429482392727
2023-04-21,138.89125365733005
2023-04-24,138.92745505130046
2023-04-25,137.1590692809887
2023-04-26,136.52143148827065
2023-04-27,138.93757268584895
2023-04-28,140.072519772758
2023-05-01,139.75780767350037
2023-05-02,138.19183327391633
2023-05-03,136.99867733206108
2023-05-04,136.07171278141982
2023-05-05,138.2761984254618
2023-05-08,138.31546713178733
2023-05-09,137.9989472012007
2023-05-10,138.6429792922446
2023-05-11,138.57641103828905
2023-05-12,138.47031866807043
2023-05-15,138.76106685085506
2023-05-16,138.1040973819346
2023-05-17,139.86978870554526
2023-05-18,141.18472471429072
2023-05-19,141.06250516791675
2023-05-22,140.68392713211333
2023-05-23,139.50981822624684
2023-05-24,138.7029374637665
2023-05-25,139.45741983237372
2023-05-26,141.70283243726826
2023-05-30,141.66839081873007
2023-05-31,141.17553569736535
2023-06-01,142.13423953918337
2023-06-02,144.18380137565882
2023-06-05,143.55392613033283
2023-06-06,143.86690684020093
2023-06-07,143.41501793569276
2023-06-08,144.52987561372686
2023-06-09,144.89975627365354
2023-06-12,146.27026223958475
2023-06-13,147.06950975425661
2023-06-14,146.9706900869329
2023-06-15,148.7173397718606
2023-06-16,148.20826489286557
2023-06-20,147.55361345304075
2023-06-21,146.57311793079214
2023-06-22,147.03117019808883
2023-06-23,145.9266089294392
2023-06-26,145.18046573448308
2023-06-27,146.55237820817007
2023-06-28,146.42675805867523
2023-06-29,147.23018622486634
2023-06-30,148.70866631625458
2023-07-03,148.9906306867313
2023-07-05,148.90496847354325
2023-07-06,147.4103692956702
2023-07-07,146.7228987796778
2023-07-10,147.15866934328864
2023-07-11,148.1242802885538
2023-07-12,149.14433156761427
2023-07-13,150.33246685087323
2023-07-14,150.27581953794908
2023-07-17,150.60755309183537
2023-07-18,151.7166440801836
2023-07-19,152.34890773112483
2023-07-20,151.7044190885405
2023-07-21,151.95901146756344
2023-07-24,152.72928140491422
2023-07-25,152.55296345801014
2023-07-26,152.87515493076265
2023-07-27,152.03205867094914
2023-07-28,153.54257125892852
2023-07-31,153.77991206949898
2023-08-01,153.3594619884427
2023-08-02,151.38983423422124
2023-08-03,151.17318986470897
2023-08-04,150.44835955402402
2023-08-07,151.93935380333474
2023-08-08,151.27446547664928
2023-08-09,150.12892912254097
2023-08-10,150.4073135613292
2023-08-11,150.3927156970928
2023-08-14,151.28909354282996
2023-08-15,149.5426187663554
2023-08-16,148.3671590974587
2023-08-17,147.53710453588843
2023-08-18,147.6025836254158
2023-08-21,148.5083286002119
2023-08-22,148.0520693091254
2023-08-23,149.60166115886696
2023-08-24,147.60168339678026
2023-08-25,148.7593013034647
2023-08-28,149.69223563276307
2023-08-29,151.56238551956835
2023-08-30,152.1514646466468
2023-08-31,152.07228448937562
2023-09-01,152.32835449393775
2023-09-05,151.65898399025053
2023-09-06,150.7037836591297
2023-09-07,150.5903225017939
2023-09-08,150.812211672067
2023-09-11,151.4595131903
2023-09-12,150.86098353738592
2023-09-13,151.10850920270997
2023-09-14,152.2336322310153
2023-09-15,150.38412471835667
2023-09-18,150.43611036704928
2023-09-19,150.15276089170132
2023-09-20,148.76993912948672
2023-09-21,146.3310766054118
2023-09-22,145.87895510101487
2023-09-25,146.34900657811022
2023-09-26,144.25279256624086
2023-09-27,144.0049918660949
2023-09-28,144.53578331885183
2023-09-29,144.2056327705867
2023-10-02,144.3208082617649
2023-10-03,142.58749868280552
2023-10-04,143.39165640075126
2023-10-05,142.6466796134148
2023-10-06,143.98624077346372
2023-10-09,144.6898856747674
2023-10-10,145.5274079239737
2023-10-11,145.6615300422689
2023-10-12,144.7395931328035
2023-10-13,144.15771744268145
2023-10-16,145.722767471019
2023-10-17,145.69155719109318
2023-10-18,143.7431605379559
2023-10-19,143.08980712894814
2023-10-20,141.55287770867753
2023-10-23,141.08615881224515
2023-10-24,142.09757995918747
2023-10-25,139.92224415074134
2023-10-26,138.41308539343288
2023-10-27,137.80856022903882
2023-10-30,139.83725116071943
2023-10-31,140.59784522478387
2023-11-01,141.99645059535504
2023-11-02,144.5874975897483
2023-11-03,145.65142230720133
2023-11-06,145.73043840080823
2023-11-07,146.23483026585347
2023-11-08,146.1623023392677
2023-11-09,144.82718309289777
2023-11-10,147.04339094845858
2023-11-13,146.90951411556506
2023-11-14,149.43972970738037
2023-11-15,150.16849669840505
2023-11-16,149.90313791891847
2023-11-17,150.09518613540357
2023-11-20,151.1057398809476
2023-11-21,151.0163856811818
2023-11-22,151.59095404382637
2023-11-24,151.84109652413207
2023-11-27,151.36550123484665
2023-11-28,151.60322944421745
2023-11-29,151.43925361217546
2023-11-30,152.33497574243745
2023-12-01,152.7942971039937
2023-12-04,151.9614737213828
2023-12-05,151.78191681422487
2023-12-06,151.2053362584112
2023-12-07,152.28975924258384
2023-12-08,152.76775788453912
2023-12-11,153.58969062225466
2023-12-12,154.50715935692122
2023-12-13,155.87845437616753
2023-12-14,156.43780522400328
2023-12-15,156.69673475832522
2023-12-18,157.5653970655919
2023-12-19,158.4779387905731
2023-12-20,156.23839776294705
2023-12-21,157.6373186666124
2023-12-22,157.9115412070889
2023-12-26,158.53401266232487
2023-12-27,158.79218357070474
2023-12-28,158.73166195836686
2023-12-29,158.24896804047893
2024-01-02,157.57575059432992
2024-01-03,156.5610052647102
2024-01-04,156.21836054413149
2024-01-05,156.48083127485373
2024-01-08,158.26129437530759
2024-01-09,157.9073180955942
2024-01-10,158.82937569716148
2024-01-11,158.69650552989862
2024-01-12,158.56734106227825
2024-01-16,157.6845805907338
2024-01-17,156.9010543981919
2024-01-18,158.1672546800214
2024-01-19,160.09221877895837
2024-01-22,160.55128570337706
2024-01-23,161.20858314466918
2024-01-24,161.38637661982554
2024-01-25,162.30795381397184
2024-01-26,162.50507879699498
2024-01-29,163.77079560634672
2024-01-30,163.9219561189172
2024-01-31,161.3916331697809
2024-02-01,163.02741956190573
2024-02-02,164.77770083885218
2024-02-05,164.17359846129116
2024-02-06,164.7384648766608
2024-02-07,165.70711187124843
2024-02-08,165.83725640556668
2024-02-09,166.38449995411563
2024-02-12,166.31406126311055
2024-02-13,164.1121899493422
2024-02-14,165.62174502781326
2024-02-15,166.77962450840536
2024-02-16,166.00383308520537
2024-02-20,165.21434903981765
2024-02-21,165.59399136085625
2024-02-22,168.29385462431512
2024-02-23,168.61963495726658
2024-02-26,168.02778206189328
2024-02-27,168.19256890839554
2024-02-28,168.01296208878455
2024-02-29,168.78279000877544
2024-03-01,169.80506019852012
2024-03-04,169.54189110318143
2024-03-05,167.7491190908663
2024-03-06,168.4061750697076
2024-03-07,169.78010391835807
2024-03-08,168.67403085569143
2024-03-11,168.69419158773547
2024-03-12,170.20374243181163
2024-03-13,169.91774592521608
2024-03-14,169.58429423576234
2024-03-15,167.92722521389265
2024-03-18,169.1407902526527
2024-03-19,169.91393544980374
2024-03-20,171.29192185384068
2024-03-21,171.35111411737364
2024-03-22,170.89761794169
2024-03-25,170.2853153380688
2024-03-26,169.85389537623234
2024-03-27,171.40695810637686
2024-03-28,171.65203258332227
2024-04-01,170.99497646672773
2024-04-02,169.85446436937127
2024-04-03,169.73906211122338
2024-04-04,167.6393438648423
2024-04-05,169.37564792788
2024-04-08,169.15833222281663
2024-04-09,169.59514628778766
2024-04-10,167.94360429086336
2024-04-11,168.8702930947689
2024-04-12,166.54258209936435
2024-04-15,164.7456663875762
2024-04-16,164.5953771190563
2024-04-17,164.06537414841748
2024-04-18,163.94355211923687
2024-04-19,162.86813105017032
2024-04-22,163.89656013690893
2024-04-23,165.92015417272765
2024-04-24,165.69792423083348
2024-04-25,164.33744061993977
2024-04-26,165.32940075178152
2024-04-29,165.74984392845244
2024-04-30,163.39425941355842
2024-05-01,162.9930145293217
2024-05-02,164.22844533623814
2024-05-03,166.0005686735293
2024-05-06,167.61324118607058
2024-05-07,167.7604359574752
2024-05-08,167.99268114178804
2024-05-09,168.81972876504358
2024-05-10,169.36987841509648
2024-05-13,169.4167460606915
2024-05-14,169.99755351472106
2024-05-15,171.73888631604027
2024-05-16,171.20615072787498
2024-05-17,171.46682209872694
2024-05-20,171.36992995051318
2024-05-21,171.4665132255905
2024-05-22,171.0668165309561
2024-05-23,169.3071763022629
2024-05-24,169.92507847391263
2024-05-28,169.7147300445608
2024-05-29,168.32993714097825
2024-05-30,167.3851358320311
2024-05-31,169.07147798039293
2024-06-03,169.0661961472739
2024-06-04,169.53298939435336
2024-06-05,171.04877443716381
2024-06-06,171.48412340377595
2024-06-07,171.50665296726822
2024-06-10,171.87457812464584
2024-06-11,171.85542646276446
2024-06-12,172.349818133879
2024-06-13,172.45821534781885
2024-06-14,172.77015003919973
2024-06-17,173.77555744300489
2024-06-18,173.96604685128216
2024-06-20,174.32640095848444
2024-06-21,174.155762024818
2024-06-24,174.1023302442496
2024-06-25,173.9231934965515
2024-06-26,174.52358363009228
2024-06-27,174.65557359226156
2024-06-28,174.1266954486022
2024-07-01,174.36888494330597
2024-07-02,175.6991905855743
2024-07-03,176.4978079709192
2024-07-05,177.81072960862454
2024-07-08,177.68636100216585
2024-07-09,177.76421935856922
2024-07-10,179.4397866897992
2024-07-11,177.91721813885448
2024-07-12,179.09734547745865
2024-07-15,179.909218946135
2024-07-16,181.50710322060308
2024-07-17,180.43975017549423
2024-07-18,178.90061682200113
2024-07-19,177.37401294518656
2024-07-22,179.25422416752062
2024-07-23,178.64126802154763
2024-07-24,174.97015470269878
2024-07-25,174.41549674428308
2024-07-26,176.0369606906902
2024-07-29,176.1664215564694
2024-07-30,175.62438590802824
2024-07-31,178.28957081447243
2024-08-01,176.17062098750347
2024-08-02,173.4459045107456
2024-08-05,167.8186469068503
2024-08-06,169.56242951477375
2024-08-07,168.35083129261906
2024-08-08,172.35981818427553
2024-08-09,172.93293896275935
2024-08-12,172.81812753393052
2024-08-13,175.54303945942976
2024-08-14,176.13314608011714
2024-08-15,179.0605218115332
2024-08-16,179.5136812093935
2024-08-19,181.0866747274585
2024-08-20,180.88209384998834
2024-08-21,181.48173266369184
2024-08-22,179.84174683581264
2024-08-23,182.03628157997682
2024-08-26,182.00688028069507
2024-08-27,182.41234448370466
2024-08-28,181.2198230911625
2024-08-29,181.3571022567413
2024-08-30,183.25781992876168
2024-09-03,179.8149632706643
2024-09-04,179.9534818953671
2024-09-05,179.08470777489438
2024-09-06,175.93171347354902
2024-09-09,177.99918893636791
2024-09-10,178.56243095026346
2024-09-11,180.01416821495567
2024-09-12,181.23846750589422
2024-09-13,182.19552982329225
2024-09-16,182.53566273741924
2024-09-17,182.59049340480752
2024-09-18,181.8289357543299
2024-09-19,184.59482677242966
2024-09-20,184.21266817376338
2024-09-23,184.90125540289552
2024-09-24,185.5115521917626
2024-09-25,185.38544655596425
2024-09-26,185.77818569471424
2024-09-27,185.7957234489417
2024-09-30,186.59428228122877
2024-10-01,185.3125328266673
2024-10-02,185.27893010775693
2024-10-03,184.80172210401525
2024-10-04,186.3971942045733
2024-10-07,184.77399295706283
2024-10-08,186.4773025273406
2024-10-09,187.91989248274226
2024-10-10,187.36789671129893
2024-10-11,188.0878311779712
2024-10-14,189.44575608399117
2024-10-15,187.83388015248144
2024-10-16,189.05478172383377
2024-10-17,188.47312316228602
2024-10-18,189.51813253101986
2024-10-21,188.82843978229428
2024-10-22,189.6183269852562
2024-10-23,188.35256091723485
2024-10-24,188.53515442958147
2024-10-25,188.30953549991978
2024-10-28,188.70836008530281
2024-10-29,189.0515818451184
2024-10-30,188.33814147588095
2024-10-31,185.68196326609794
2024-11-01,186.17505814269063
2024-11-04,185.468063617316
2024-11-05,187.3094516060509
2024-11-06,191.94336659323005
2024-11-07,193.29541589514753
2024-11-08,194.54813945346044
2024-11-11,194.87761979696188
2024-11-12,194.09076279633427
2024-11-13,193.87462131606225
2024-11-14,192.68796166635184
2024-11-15,190.51236681467546
2024-11-18,191.88866761525105
2024-11-19,191.73938945322863
2024-11-20,192.0260253893744
2024-11-21,193.16927474586413
2024-11-22,193.5966080153501
2024-11-25,194.72219365449587
2024-11-26,195.59746545520667
2024-11-27,194.9044934440282
2024-11-29,196.03295279111708
2024-12-02,196.38928823679106
2024-12-03,196.25471934898152
2024-12-04,197.44517790636394
2024-12-05,196.9614862051635
2024-12-06,197.48711997463974
2024-12-09,196.25476888164
2024-12-10,196.3562964150546
2024-12-11,197.55755709071536
2024-12-12,196.5958930831433
2024-12-13,196.95973843808093
2024-12-16,197.4610342715109
2024-12-17,196.76378300329017
2024-12-18,191.4441216244223
2024-12-19,190.93664033784938
2024-12-20,192.88058091833827
2024-12-23,194.26543107940847
2024-12-24,196.2849882341033
2024-12-26,196.1985431487981
2024-12-27,194.33229466022965
2024-12-30,192.17493121658697
2024-12-31,191.36130388771
