,weights,cvar,tracking_error,turnover,n_positions,status
2011-03-31,"[0.01666667,0.01666667,0.01666667,0.01666667,0.01666667,0.01666667,
 0.01666667,0.01666667,0.01666667,0.01666667,0.01666667,0.01666667,
 0.01666667,0.01666667,0.01666667,0.01666667,0.01666667,0.01666667,
 0.01666667,0.01666667,0.01666667,0.01666667,0.01666667,0.01666667,
 0.01666667,0.01666667,0.01666667,0.01666667,0.01666667,0.01666667,
 0.01666667,0.01666667,0.01666667,0.01666667,0.01666667,0.01666667,
 0.01666667,0.01666667,0.01666667,0.01666667,0.01666667,0.01666667,
 0.01666667,0.01666667,0.01666667,0.01666667,0.01666667,0.01666667,
 0.01666667,0.01666667,0.01666667,0.01666667,0.01666667,0.01666667,
 0.01666667,0.01666667,0.01666667,0.01666667,0.01666667,0.01666667]",,,,60,exception
2011-06-30,"[0.01666667,0.01666667,0.01666667,0.01666667,0.01666667,0.01666667,
 0.01666667,0.01666667,0.01666667,0.01666667,0.01666667,0.01666667,
 0.01666667,0.01666667,0.01666667,0.01666667,0.01666667,0.01666667,
 0.01666667,0.01666667,0.01666667,0.01666667,0.01666667,0.01666667,
 0.01666667,0.01666667,0.01666667,0.01666667,0.01666667,0.01666667,
 0.01666667,0.01666667,0.01666667,0.01666667,0.01666667,0.01666667,
 0.01666667,0.01666667,0.01666667,0.01666667,0.01666667,0.01666667,
 0.01666667,0.01666667,0.01666667,0.01666667,0.01666667,0.01666667,
 0.01666667,0.01666667,0.01666667,0.01666667,0.01666667,0.01666667,
 0.01666667,0.01666667,0.01666667,0.01666667,0.01666667,0.01666667]",,,,60,exception
2011-09-30,"[0.01666667,0.01666667,0.01666667,0.01666667,0.01666667,0.01666667,
 0.01666667,0.01666667,0.01666667,0.01666667,0.01666667,0.01666667,
 0.01666667,0.01666667,0.01666667,0.01666667,0.01666667,0.01666667,
 0.01666667,0.01666667,0.01666667,0.01666667,0.01666667,0.01666667,
 0.01666667,0.01666667,0.01666667,0.01666667,0.01666667,0.01666667,
 0.01666667,0.01666667,0.01666667,0.01666667,0.01666667,0.01666667,
 0.01666667,0.01666667,0.01666667,0.01666667,0.01666667,0.01666667,
 0.01666667,0.01666667,0.01666667,0.01666667,0.01666667,0.01666667,
 0.01666667,0.01666667,0.01666667,0.01666667,0.01666667,0.01666667,
 0.01666667,0.01666667,0.01666667,0.01666667,0.01666667,0.01666667]",,,,60,exception
2011-12-30,"[0.01666667,0.01666667,0.01666667,0.01666667,0.01666667,0.01666667,
 0.01666667,0.01666667,0.01666667,0.01666667,0.01666667,0.01666667,
 0.01666667,0.01666667,0.01666667,0.01666667,0.01666667,0.01666667,
 0.01666667,0.01666667,0.01666667,0.01666667,0.01666667,0.01666667,
 0.01666667,0.01666667,0.01666667,0.01666667,0.01666667,0.01666667,
 0.01666667,0.01666667,0.01666667,0.01666667,0.01666667,0.01666667,
 0.01666667,0.01666667,0.01666667,0.01666667,0.01666667,0.01666667,
 0.01666667,0.01666667,0.01666667,0.01666667,0.01666667,0.01666667,
 0.01666667,0.01666667,0.01666667,0.01666667,0.01666667,0.01666667,
 0.01666667,0.01666667,0.01666667,0.01666667,0.01666667,0.01666667]",,,,60,exception
2012-03-30,"[0.01666667,0.01666667,0.01666667,0.01666667,0.01666667,0.01666667,
 0.01666667,0.01666667,0.01666667,0.01666667,0.01666667,0.01666667,
 0.01666667,0.01666667,0.01666667,0.01666667,0.01666667,0.01666667,
 0.01666667,0.01666667,0.01666667,0.01666667,0.01666667,0.01666667,
 0.01666667,0.01666667,0.01666667,0.01666667,0.01666667,0.01666667,
 0.01666667,0.01666667,0.01666667,0.01666667,0.01666667,0.01666667,
 0.01666667,0.01666667,0.01666667,0.01666667,0.01666667,0.01666667,
 0.01666667,0.01666667,0.01666667,0.01666667,0.01666667,0.01666667,
 0.01666667,0.01666667,0.01666667,0.01666667,0.01666667,0.01666667,
 0.01666667,0.01666667,0.01666667,0.01666667,0.01666667,0.01666667]",,,,60,exception
2012-06-29,"[0.01666667,0.01666667,0.01666667,0.01666667,0.01666667,0.01666667,
 0.01666667,0.01666667,0.01666667,0.01666667,0.01666667,0.01666667,
 0.01666667,0.01666667,0.01666667,0.01666667,0.01666667,0.01666667,
 0.01666667,0.01666667,0.01666667,0.01666667,0.01666667,0.01666667,
 0.01666667,0.01666667,0.01666667,0.01666667,0.01666667,0.01666667,
 0.01666667,0.01666667,0.01666667,0.01666667,0.01666667,0.01666667,
 0.01666667,0.01666667,0.01666667,0.01666667,0.01666667,0.01666667,
 0.01666667,0.01666667,0.01666667,0.01666667,0.01666667,0.01666667,
 0.01666667,0.01666667,0.01666667,0.01666667,0.01666667,0.01666667,
 0.01666667,0.01666667,0.01666667,0.01666667,0.01666667,0.01666667]",,,,60,exception
2012-09-28,"[0.01666667,0.01666667,0.01666667,0.01666667,0.01666667,0.01666667,
 0.01666667,0.01666667,0.01666667,0.01666667,0.01666667,0.01666667,
 0.01666667,0.01666667,0.01666667,0.01666667,0.01666667,0.01666667,
 0.01666667,0.01666667,0.01666667,0.01666667,0.01666667,0.01666667,
 0.01666667,0.01666667,0.01666667,0.01666667,0.01666667,0.01666667,
 0.01666667,0.01666667,0.01666667,0.01666667,0.01666667,0.01666667,
 0.01666667,0.01666667,0.01666667,0.01666667,0.01666667,0.01666667,
 0.01666667,0.01666667,0.01666667,0.01666667,0.01666667,0.01666667,
 0.01666667,0.01666667,0.01666667,0.01666667,0.01666667,0.01666667,
 0.01666667,0.01666667,0.01666667,0.01666667,0.01666667,0.01666667]",,,,60,exception
2012-12-31,"[0.01666667,0.01666667,0.01666667,0.01666667,0.01666667,0.01666667,
 0.01666667,0.01666667,0.01666667,0.01666667,0.01666667,0.01666667,
 0.01666667,0.01666667,0.01666667,0.01666667,0.01666667,0.01666667,
 0.01666667,0.01666667,0.01666667,0.01666667,0.01666667,0.01666667,
 0.01666667,0.01666667,0.01666667,0.01666667,0.01666667,0.01666667,
 0.01666667,0.01666667,0.01666667,0.01666667,0.01666667,0.01666667,
 0.01666667,0.01666667,0.01666667,0.01666667,0.01666667,0.01666667,
 0.01666667,0.01666667,0.01666667,0.01666667,0.01666667,0.01666667,
 0.01666667,0.01666667,0.01666667,0.01666667,0.01666667,0.01666667,
 0.01666667,0.01666667,0.01666667,0.01666667,0.01666667,0.01666667]",,,,60,exception
2013-03-28,"[0.01666667,0.01666667,0.01666667,0.01666667,0.01666667,0.01666667,
 0.01666667,0.01666667,0.01666667,0.01666667,0.01666667,0.01666667,
 0.01666667,0.01666667,0.01666667,0.01666667,0.01666667,0.01666667,
 0.01666667,0.01666667,0.01666667,0.01666667,0.01666667,0.01666667,
 0.01666667,0.01666667,0.01666667,0.01666667,0.01666667,0.01666667,
 0.01666667,0.01666667,0.01666667,0.01666667,0.01666667,0.01666667,
 0.01666667,0.01666667,0.01666667,0.01666667,0.01666667,0.01666667,
 0.01666667,0.01666667,0.01666667,0.01666667,0.01666667,0.01666667,
 0.01666667,0.01666667,0.01666667,0.01666667,0.01666667,0.01666667,
 0.01666667,0.01666667,0.01666667,0.01666667,0.01666667,0.01666667]",,,,60,exception
2013-06-28,"[0.01666667,0.01666667,0.01666667,0.01666667,0.01666667,0.01666667,
 0.01666667,0.01666667,0.01666667,0.01666667,0.01666667,0.01666667,
 0.01666667,0.01666667,0.01666667,0.01666667,0.01666667,0.01666667,
 0.01666667,0.01666667,0.01666667,0.01666667,0.01666667,0.01666667,
 0.01666667,0.01666667,0.01666667,0.01666667,0.01666667,0.01666667,
 0.01666667,0.01666667,0.01666667,0.01666667,0.01666667,0.01666667,
 0.01666667,0.01666667,0.01666667,0.01666667,0.01666667,0.01666667,
 0.01666667,0.01666667,0.01666667,0.01666667,0.01666667,0.01666667,
 0.01666667,0.01666667,0.01666667,0.01666667,0.01666667,0.01666667,
 0.01666667,0.01666667,0.01666667,0.01666667,0.01666667,0.01666667]",,,,60,exception
2013-09-30,"[0.01666667,0.01666667,0.01666667,0.01666667,0.01666667,0.01666667,
 0.01666667,0.01666667,0.01666667,0.01666667,0.01666667,0.01666667,
 0.01666667,0.01666667,0.01666667,0.01666667,0.01666667,0.01666667,
 0.01666667,0.01666667,0.01666667,0.01666667,0.01666667,0.01666667,
 0.01666667,0.01666667,0.01666667,0.01666667,0.01666667,0.01666667,
 0.01666667,0.01666667,0.01666667,0.01666667,0.01666667,0.01666667,
 0.01666667,0.01666667,0.01666667,0.01666667,0.01666667,0.01666667,
 0.01666667,0.01666667,0.01666667,0.01666667,0.01666667,0.01666667,
 0.01666667,0.01666667,0.01666667,0.01666667,0.01666667,0.01666667,
 0.01666667,0.01666667,0.01666667,0.01666667,0.01666667,0.01666667]",,,,60,exception
2013-12-31,"[ 2.35056412e-02, 9.42697098e-03, 1.13694965e-02, 2.07800487e-02,
  1.20647411e-02,-5.38086083e-07,-2.20901123e-07, 1.17947510e-02,
  1.66665486e-02, 4.99992642e-02, 1.66662958e-02, 9.13151712e-03,
  2.30630221e-02, 4.99990788e-02, 1.66664194e-02, 7.75309225e-08,
  1.66663858e-02, 2.38100432e-02, 3.15462695e-03, 1.66664344e-02,
  1.66663830e-02, 1.66665224e-02, 5.66927476e-03, 1.69286746e-02,
 -3.06047268e-08, 1.58627135e-02, 1.66663598e-02, 3.45812310e-02,
 -1.35767071e-07,-1.98724050e-07, 1.66664463e-02,-2.51614768e-07,
 -2.57787485e-07, 4.09441782e-02, 4.82572049e-03, 1.35859492e-02,
  7.91686988e-03, 1.66663366e-02, 1.66663130e-02, 4.99994177e-02,
  2.21652602e-02, 1.72199200e-02, 3.89101980e-02,-7.67243239e-08,
  1.66665355e-02, 2.43993307e-02, 2.19675989e-02, 1.66662276e-02,
  5.82440311e-03, 1.65167129e-03, 3.94493097e-02, 1.66666304e-02,
  1.73850890e-02, 1.22890347e-06, 1.66666034e-02, 1.66666528e-02,
  1.66660796e-02, 1.66661817e-02, 4.24317507e-02, 3.01872875e-02]",0.0015339102264168764,0.0013803469065809526,0.5421193528393382,50,optimal
2014-03-31,"[ 2.06393590e-02, 9.42679379e-03, 1.51783899e-02, 2.62107420e-02,
  1.48161633e-02, 1.78851594e-07, 4.38224566e-04, 1.39606344e-02,
  1.66666490e-02, 3.61404852e-02, 1.66661176e-02,-4.60997958e-08,
  1.06151832e-02, 4.99990401e-02, 1.28352630e-02, 2.08092961e-07,
  1.66665338e-02, 2.38098246e-02, 2.13758618e-02, 3.07670256e-02,
  1.66662170e-02, 1.66664648e-02, 7.12222813e-03, 3.79142414e-02,
  5.30940420e-03, 1.58627518e-02,-3.62944633e-08, 3.97400390e-02,
  1.40877170e-08,-8.16147297e-08, 1.66662985e-02, 5.51282986e-03,
  1.35928681e-02, 2.95821091e-02, 4.82559311e-03,-7.61724070e-08,
  7.46038580e-03, 1.66664686e-02, 1.39199710e-02, 4.99997549e-02,
  2.21653087e-02, 1.72198151e-02, 5.00000022e-02, 6.93031248e-08,
  7.45715218e-03, 2.43998278e-02, 2.19675306e-02, 1.66663490e-02,
  5.82517375e-03, 1.65170034e-03, 9.98497410e-03, 2.33950454e-02,
  1.73852431e-02, 3.69403772e-03, 2.20137916e-02,-1.10943479e-07,
  2.83241343e-02, 1.66661949e-02, 4.24320830e-02, 3.50316025e-02]",0.0016412346315326362,0.0014138425583979442,0.2845894065437708,50,optimal
2014-06-30,"[ 3.88335631e-02, 1.38159484e-02, 1.24055378e-02, 2.00444600e-02,
  1.43706694e-02, 3.86029281e-07, 1.16339859e-03, 1.54684179e-02,
  1.66666070e-02, 2.72197171e-02, 1.66659045e-02, 1.04749748e-07,
  1.30313459e-02, 4.99989028e-02, 4.77650633e-03,-3.79489744e-08,
  8.60081793e-03, 2.38099943e-02, 2.41992812e-02, 4.38692998e-02,
  6.46541459e-03, 1.66663533e-02, 1.30594427e-02, 3.52661371e-02,
  5.30905011e-03, 1.58629232e-02,-1.21746111e-07, 3.97400839e-02,
  2.81638405e-08,-3.57669627e-08, 2.97373569e-02, 5.51338269e-03,
  1.35933569e-02, 2.95824426e-02, 1.01785882e-02, 6.00867213e-08,
  7.46097002e-03, 1.57329885e-02, 1.39201094e-02, 4.99999601e-02,
  2.21654392e-02, 1.01347808e-02, 4.99999703e-02, 5.58723811e-07,
  4.52415292e-03, 2.44001121e-02, 2.19674900e-02, 1.72821691e-02,
  2.77404985e-03, 1.65184997e-03, 9.98450707e-03, 2.33951313e-02,
  1.37500026e-02,-9.10929579e-07, 1.66395243e-02, 3.90912623e-03,
  2.83238749e-02, 1.59372306e-02, 4.24320357e-02, 3.76995863e-02]",0.0015847462355819792,0.0012813416243386642,0.14943373408280952,51,optimal
2014-09-30,"[ 4.99966108e-02, 2.48625075e-02, 1.24040880e-02, 2.00431307e-02,
  1.43686693e-02, 1.11685175e-03, 3.54300492e-03, 1.04365596e-02,
  7.50292165e-03, 2.72187586e-02, 1.66652385e-02,-1.68163590e-07,
  1.30303801e-02, 4.37022988e-02, 4.77556808e-03, 1.09620668e-02,
  3.47561299e-04, 2.38092018e-02, 2.41983268e-02, 4.38685518e-02,
  6.46454810e-03, 1.66655016e-02, 1.99507743e-02, 2.75375228e-02,
  5.30825434e-03, 4.01005222e-02,-5.88770813e-08, 3.30883166e-02,
 -2.09159118e-07,-1.93105288e-07, 2.97365162e-02, 6.93632794e-03,
  1.35922818e-02, 2.53725389e-02, 2.52108655e-02, 1.72933349e-02,
  7.17776416e-03, 7.30362670e-04, 1.39195391e-02, 4.99996044e-02,
  2.32568001e-02, 1.01339166e-02, 4.01490982e-02, 5.24270687e-08,
  4.52343055e-03, 1.59199114e-02, 2.08051995e-02, 1.72814131e-02,
  2.77368351e-03, 1.65101840e-03, 9.98383549e-03, 2.21841102e-02,
  1.37489725e-02,-7.63844217e-08, 1.66384464e-02, 3.90823867e-03,
  3.21733824e-02, 2.27054288e-02, 2.50405316e-02, 2.51863686e-02]",0.0013236578461797797,0.0010734542516569706,0.2265103430979486,52,optimal
2014-12-31,"[ 4.99971203e-02, 1.98907465e-02, 1.24043299e-02, 1.92284571e-02,
  1.43685430e-02,-6.38347183e-08, 1.50828012e-02, 8.39829570e-03,
  7.50303007e-03, 2.72182486e-02, 1.66655546e-02, 1.07911084e-02,
  9.09724368e-03, 2.84867674e-02, 4.77492178e-03, 1.09621991e-02,
  3.92084779e-03, 2.38089772e-02, 3.24409369e-02, 4.99995557e-02,
  6.46517022e-03, 2.38412766e-02, 1.99504058e-02, 2.75374212e-02,
  1.60243048e-02, 4.01006584e-02, 9.86694343e-08, 1.32263921e-02,
  1.27427831e-02,-1.32574390e-07, 2.35737460e-02, 1.48355820e-02,
  1.38483482e-02, 2.05694377e-02, 2.52108201e-02, 2.82143587e-02,
  5.33365295e-04, 7.30229582e-04, 1.39191457e-02, 4.99996113e-02,
  2.68572019e-02, 1.01336395e-02, 4.11941165e-02, 2.35682976e-07,
  4.52366471e-03, 1.59205397e-02, 2.08051058e-02, 1.72816386e-02,
  1.16104984e-02, 1.20265633e-02, 1.35079247e-02, 7.79315027e-03,
  1.37491612e-02, 2.81318393e-07, 3.75854570e-03, 1.79980076e-03,
  2.89140431e-02, 2.27053359e-02, 9.01850958e-03, 2.20373976e-02]",0.0012385979860835986,0.0010193861704182307,0.23475023310973156,53,optimal
2015-03-31,"[ 5.00004677e-02, 3.79295217e-07, 1.24040022e-02, 1.81700142e-02,
  9.87910813e-03,-1.21526369e-07, 1.79661809e-02, 7.12039433e-03,
  7.50288178e-03, 2.47565768e-02, 1.66653939e-02,-2.74868117e-07,
  1.25021500e-02, 2.84865428e-02, 1.54719688e-02, 1.09621657e-02,
  3.92059398e-03, 3.39925176e-02, 3.24408383e-02, 4.99996808e-02,
  8.56571242e-03, 4.01780188e-02, 1.99505870e-02, 2.42966965e-02,
  1.60239382e-02, 3.67273454e-02, 5.96682103e-03, 8.09449883e-03,
  1.87806968e-02, 5.87260053e-03, 2.35738139e-02, 1.48359745e-02,
  1.38485841e-02, 2.66988951e-02, 6.39505132e-03, 3.04451580e-02,
  6.40816915e-04, 7.30095498e-04, 2.05625722e-08, 4.99997339e-02,
  2.68570719e-02, 1.01332649e-02, 4.11937950e-02, 1.75827064e-03,
 -1.83491235e-07, 1.59204967e-02, 2.08050911e-02, 1.50922642e-02,
  1.97076538e-02, 2.34889744e-02, 1.35079998e-02, 7.41334111e-03,
  1.11284188e-02,-4.10347909e-07, 6.19727150e-03, 3.71769470e-03,
  1.06503029e-02, 2.27049594e-02, 2.38198703e-02, 2.20373363e-02]",0.0012227782347456794,0.0010420204697174625,0.22486272448362338,52,optimal
2015-06-30,"[ 5.00000543e-02,-1.06676556e-07, 1.16909937e-02, 1.03151247e-02,
  9.87824721e-03,-2.53210361e-07, 1.57616418e-02, 7.11955053e-03,
  7.50201405e-03, 1.64601708e-02, 2.18600753e-02,-2.31967324e-07,
  2.57464847e-02, 1.24903569e-02, 1.54712508e-02, 2.75675271e-02,
  3.91963952e-03, 2.71751383e-02, 3.24401341e-02, 4.99994257e-02,
  1.42338789e-02, 3.75358625e-02, 9.09756577e-03, 3.21635611e-02,
  8.23483510e-03, 3.51237931e-02,-3.60063780e-07, 1.34486775e-02,
  2.09897298e-02, 5.87169831e-03, 2.35729280e-02, 2.75748655e-02,
 -3.27328982e-07, 2.66980316e-02, 6.39426683e-03, 3.04445484e-02,
  6.50237136e-03, 7.29151336e-04,-1.27016915e-07, 4.53979479e-02,
  3.13720943e-02, 1.92480702e-02, 4.99971336e-02, 1.75771305e-03,
 -1.65195510e-07,-1.73890242e-07, 2.08042450e-02, 1.20036434e-02,
  1.97069039e-02, 2.34881668e-02, 1.86666270e-02, 5.31946074e-03,
  1.11275859e-02,-2.83175907e-07, 3.34467442e-03, 1.70819448e-02,
  1.06496812e-02, 2.27042816e-02, 2.38194194e-02, 1.94988449e-02]",0.0012750237891048376,0.0010900801648607973,0.23139859503907664,50,optimal
2015-09-30,"[ 3.99158129e-02, 1.89849367e-08, 1.54859552e-02, 8.42326431e-03,
  7.69529732e-03, 1.75756031e-07, 7.96356656e-03, 4.62668099e-03,
  7.50206408e-03, 2.48300993e-02, 2.18598716e-02, 4.21950386e-08,
  2.90999056e-02, 1.24901353e-02, 1.54713358e-02, 2.93593976e-02,
  3.91952113e-03, 1.61310980e-02, 3.24403096e-02, 4.92731306e-02,
  1.42332448e-02, 3.29946869e-02, 9.09722983e-03, 3.80303373e-02,
  8.23531900e-03, 3.51237499e-02, 3.12647633e-03, 1.61272584e-02,
  2.09898623e-02, 5.87158795e-03, 2.35730503e-02, 4.15181502e-02,
  3.88646601e-03, 2.66979948e-02, 7.21551112e-03, 3.04442134e-02,
  8.84502062e-03, 1.58994940e-03,-2.00724002e-07, 3.24453542e-02,
  3.13721433e-02, 1.92479727e-02, 4.99997950e-02, 1.75738844e-03,
 -9.14093689e-08,-1.89273268e-07, 2.76493649e-02, 2.81850147e-02,
  2.34144279e-02, 7.48278681e-03, 1.86664574e-02, 5.31940776e-03,
  1.11273228e-02,-1.22183647e-07, 2.35175096e-03, 1.70815493e-02,
  2.16979907e-02, 1.33416264e-03, 2.72808198e-02, 1.94991074e-02]",0.0012508569618203177,0.0011940160804929639,0.18417191035601904,53,optimal
2015-12-31,"[ 3.99154463e-02,-5.60798418e-08, 2.09564343e-02, 6.85091848e-03,
  1.37475688e-02, 7.19590448e-08, 2.66767271e-03, 3.78262934e-03,
  7.50221134e-03, 2.48300591e-02, 2.99616384e-02, 3.99244176e-08,
  3.24494423e-02, 1.24898662e-02, 1.54713117e-02, 4.70219521e-02,
  3.91932909e-03, 1.97389275e-02, 2.36155916e-02, 4.99997926e-02,
  1.84216407e-02, 1.21286790e-02, 9.09735904e-03, 4.34643889e-02,
  8.23560514e-03, 2.55749680e-02, 2.20319689e-02, 1.61273603e-02,
  1.74128549e-02, 6.32624827e-03, 2.20150138e-02, 4.15182357e-02,
  1.16851103e-03, 3.10392340e-02, 1.47934539e-02, 3.04439030e-02,
  8.84471132e-03, 1.58990654e-03, 7.89865032e-08, 2.69118731e-02,
  1.98632019e-02, 1.92476000e-02, 4.74025489e-02, 7.04762473e-08,
 -9.53630558e-08,-1.72405864e-07, 2.16428596e-02, 2.03510899e-02,
  2.34146237e-02, 7.48279823e-03, 1.86664661e-02, 5.31950552e-03,
  1.11271676e-02, 2.51807154e-03, 2.35185137e-03, 1.70824738e-02,
  2.60318489e-02,-2.46356320e-07, 2.59321934e-02, 1.94993004e-02]",0.0011022076735900928,0.0011661580912286462,0.18545503023686155,52,optimal
2016-03-31,"[ 3.34322308e-02, 2.24236711e-07, 1.59686841e-02, 6.85251208e-03,
  1.37481534e-02, 4.37592159e-04, 1.70980647e-02, 9.33340190e-04,
  7.50297159e-03, 2.83285201e-02, 2.99624181e-02, 1.40041605e-02,
  3.24501215e-02, 1.24904818e-02, 1.54720488e-02, 4.70221349e-02,
  3.91966102e-03, 1.97402268e-02, 9.54151053e-03, 5.00001944e-02,
  1.75453915e-02, 1.21289662e-02, 2.94500426e-03, 4.34652259e-02,
  1.03923455e-02, 1.78276722e-02, 2.20326561e-02, 1.61282782e-02,
  5.05779793e-03, 3.54999561e-03, 2.20154475e-02, 4.15187030e-02,
  5.61346724e-03, 4.27714489e-02, 1.47944125e-02, 1.96720164e-02,
  8.84552788e-03, 1.55367967e-02, 5.92977206e-08, 2.69120958e-02,
  1.49296209e-02, 3.05117644e-02, 3.53961148e-02, 1.00338049e-07,
 -2.31732970e-08, 4.54647435e-09, 2.16436854e-02, 2.03514302e-02,
  2.16965442e-02, 1.48232778e-02, 1.13552283e-02, 5.32042216e-03,
  1.11276027e-02, 2.51113980e-03, 2.35294954e-03, 1.70830948e-02,
  4.42972452e-02, 5.53847146e-03, 1.39021450e-02, 1.95006221e-02]",0.001223125670789223,0.0011453030732061905,0.21415952939227392,53,optimal
2016-06-30,"[ 3.34321210e-02, 5.43740899e-08, 1.59688977e-02, 1.11903974e-02,
  1.24394683e-02, 4.37374319e-04, 2.12921957e-02,-3.15474166e-07,
  7.50302587e-03, 3.63363750e-02, 2.99623687e-02, 1.40039566e-02,
  3.24501180e-02, 1.24901184e-02, 1.54718662e-02, 4.70221344e-02,
  3.92003827e-03, 1.97400040e-02, 1.13273050e-02, 5.00000567e-02,
  1.75450424e-02, 8.18283020e-03, 2.94415078e-03, 3.97557866e-02,
  2.53918044e-02, 1.11382600e-02, 2.20324528e-02, 1.61279860e-02,
  5.05789953e-03, 9.07064053e-03, 1.85960764e-02, 4.15190481e-02,
  5.61320797e-03, 4.37783585e-02, 1.47943769e-02, 1.96715206e-02,
  9.75098691e-03, 1.44846898e-02,-4.27602798e-08, 2.69122119e-02,
  1.61917387e-02, 3.05116944e-02, 3.53956160e-02, 1.19620284e-03,
 -1.80161844e-07,-5.55075930e-08, 7.32531178e-03, 2.35934693e-02,
  1.40853719e-02, 1.48228430e-02, 7.46182956e-03, 1.28820559e-02,
  1.11278902e-02, 3.24926170e-03, 2.35274666e-03, 1.70829440e-02,
  4.42970418e-02,-5.77801907e-08, 1.39014866e-02, 1.71679461e-02]",0.0012876223639996932,0.0012156098382440292,0.10951929284959883,53,optimal
2016-09-30,"[ 3.34321643e-02, 1.30064725e-02, 1.59692791e-02, 8.90468848e-03,
  1.24396881e-02, 6.50508643e-03, 2.12925736e-02,-8.56587303e-08,
  7.50308515e-03, 3.63357600e-02, 2.99625317e-02, 1.40040999e-02,
  3.70286541e-02, 1.24903057e-02, 7.65812565e-08, 2.36985072e-02,
  3.91950733e-03, 2.30922964e-02, 1.13274877e-02, 5.00000030e-02,
  1.75443716e-02, 5.14967807e-03, 5.02650531e-03, 3.26808138e-02,
  2.53919356e-02, 1.11383661e-02, 2.20327374e-02, 1.68908346e-02,
  2.64312894e-03, 1.46827077e-02, 1.41726048e-02, 3.98294520e-02,
  5.61369805e-03, 4.37783289e-02, 1.47944676e-02, 3.01104291e-02,
  9.75143051e-03, 1.44846304e-02,-2.23127354e-08, 2.69120025e-02,
  1.61916856e-02, 2.96614716e-02, 3.53958755e-02, 1.19571433e-03,
  4.87104952e-03,-2.20197970e-07, 7.32537960e-03, 2.56705883e-02,
  1.40856279e-02, 1.48227972e-02, 1.93287170e-02, 4.22505659e-07,
  1.25683191e-02, 4.67189251e-03, 4.98690918e-03, 2.67716827e-02,
  3.78429090e-02,-9.99525965e-08, 1.39013489e-02, 1.71676438e-02]",0.0013030441132875572,0.0011632413477363091,0.15981295320072816,54,optimal
2016-12-30,"[ 3.34328589e-02, 1.30068152e-02, 1.88519898e-02, 1.04134750e-02,
  1.32415576e-02, 1.31896690e-02, 2.12922622e-02, 1.96505552e-07,
  7.50318584e-03, 4.19448847e-02, 2.09112960e-02, 1.11685241e-02,
  5.00002863e-02, 1.10304256e-02,-2.33732188e-07, 1.36927539e-02,
  3.91906856e-03, 2.30926148e-02, 8.94638614e-03, 5.00002260e-02,
  1.75442258e-02, 8.45833457e-03, 3.66002803e-03, 3.16805745e-02,
  2.53919092e-02, 1.11386232e-02, 2.20330158e-02, 1.81262883e-02,
  2.64332496e-03, 1.44348734e-02, 1.41726500e-02, 2.03863229e-02,
  5.61361352e-03, 3.68691664e-02, 1.47945181e-02, 3.01108861e-02,
  4.93157068e-03, 1.44846664e-02, 4.08825262e-08, 2.69115428e-02,
  1.61915126e-02, 3.03771057e-02, 4.34354468e-02, 1.12350426e-02,
  4.87150096e-03, 6.41681935e-03, 1.63093985e-02, 2.56705059e-02,
  1.40854665e-02, 6.76863329e-03, 1.93288052e-02, 2.78317002e-07,
  2.28238962e-02, 5.22931893e-03, 4.98723765e-03, 2.67722249e-02,
  4.09012859e-02,-3.17152361e-08, 1.11422972e-02, 4.42883804e-03]",0.0013307614736727794,0.0011612454757732851,0.16614922049752887,55,optimal
2017-03-31,"[ 3.32217854e-02, 8.04736754e-03, 1.88531728e-02, 2.95338450e-03,
  1.32419917e-02, 1.31900927e-02, 2.12929801e-02, 2.69874151e-03,
  7.50313235e-03, 1.85861872e-02, 2.09113358e-02, 1.11691105e-02,
  5.00004664e-02, 2.93862453e-02, 1.68940983e-07, 1.23648780e-02,
  2.92913098e-02, 4.07887277e-02, 8.94589173e-03, 3.43713392e-02,
  2.05175928e-02, 1.69968558e-02, 2.29248904e-02, 1.28386054e-02,
  7.39588687e-03, 1.11388495e-02, 1.99859999e-02, 1.81269710e-02,
  4.22310802e-04, 1.44349433e-02, 1.41732775e-02, 1.64528307e-02,
  9.63473828e-03, 3.68693864e-02, 1.47947874e-02, 2.47684284e-02,
  2.82132799e-03, 1.44845956e-02, 7.53828145e-08, 2.69110982e-02,
  2.37623244e-02, 3.03773496e-02, 5.00017831e-02,-1.80497926e-07,
  4.87216086e-03, 6.41704258e-03, 1.63095562e-02, 4.45206713e-03,
  1.40854500e-02, 6.76866008e-03, 3.79832926e-02, 9.90370812e-08,
  4.76019094e-03, 1.91256030e-03, 3.11859632e-02, 2.67724974e-02,
  3.16572059e-02, 1.96480037e-03, 1.11422300e-02, 1.30631805e-02]",0.0011305618607963498,0.0009593678920162303,0.3370356302521476,55,optimal
2017-06-30,"[ 3.32223564e-02, 8.04770396e-03, 1.88534093e-02, 4.40244092e-03,
  1.32424340e-02, 1.31905180e-02, 2.12933085e-02, 5.11821870e-03,
 -2.32568658e-07, 1.85858241e-02, 2.09108365e-02, 5.94410834e-03,
  5.00001604e-02, 2.93866752e-02, 1.62784216e-07, 1.15070534e-02,
  2.92907603e-02, 4.07881216e-02, 8.94485865e-03, 3.43709491e-02,
  1.66656392e-02, 1.45738421e-02, 2.29242589e-02, 1.28378036e-02,
  7.39498006e-03, 1.11391220e-02, 1.76307990e-02, 2.50432360e-02,
  1.47218443e-03, 1.44346894e-02, 1.75992886e-02, 1.57942159e-02,
  9.63462263e-03, 3.68689084e-02, 2.13115948e-02, 2.47684873e-02,
  4.39734490e-07, 1.55292794e-02, 4.66264014e-03, 2.69105137e-02,
  3.25542234e-02, 2.90800350e-02, 4.81640125e-02, 9.58121121e-04,
  4.87261625e-03, 6.41738516e-03, 1.63094028e-02, 1.06698750e-02,
  7.18882599e-03,-1.15473076e-07, 3.45403690e-02, 9.81846480e-08,
  4.75937026e-03, 1.27381476e-03, 3.11857654e-02, 1.97097264e-02,
  3.16562500e-02, 1.12616965e-02, 1.11419330e-02, 1.39603848e-02]",0.0011987077423681054,0.0010083880839286661,0.10730148625227844,54,optimal
2017-09-29,"[ 2.93058444e-02, 9.22998515e-03, 1.88531892e-02, 4.40195259e-03,
  1.32424823e-02, 1.31905451e-02, 2.12932570e-02, 5.11656117e-03,
 -1.91472907e-07, 1.79438955e-02, 2.09107603e-02, 1.10350662e-07,
  4.99997523e-02, 2.93869985e-02, 8.44424862e-08, 1.24800344e-02,
  2.92893353e-02, 4.07878738e-02, 1.10587313e-02, 3.43704579e-02,
  1.66652076e-02, 1.53668750e-02, 2.16677728e-02, 1.28376109e-02,
  7.39491080e-03, 1.11391922e-02, 1.76310383e-02, 2.68240146e-02,
  1.47218265e-03, 1.59896105e-02, 1.51630304e-02, 1.57941987e-02,
  9.63473382e-03, 3.68692126e-02, 2.37880701e-02, 2.47683266e-02,
  4.78749796e-08, 1.55293908e-02, 1.13388615e-02, 2.69099338e-02,
  3.25543662e-02, 2.75874943e-02, 4.81643324e-02, 1.94729418e-03,
  4.87295756e-03, 6.73046704e-03, 7.75203187e-03, 1.87642939e-02,
  7.18863484e-03,-1.71039338e-08, 3.45394823e-02, 7.52424674e-08,
  4.75841115e-03, 2.02771892e-03, 3.11855554e-02, 1.66745763e-02,
  3.16554769e-02, 8.26121776e-03, 1.11411786e-02, 1.65485721e-02]",0.001321621691397642,0.001040627241032927,0.060583017771464236,54,optimal
2017-12-29,"[ 2.93058464e-02, 1.22374196e-02, 1.88532256e-02, 4.40171949e-03,
  1.32423447e-02, 1.31904630e-02, 1.77710465e-02, 5.11627029e-03,
 -8.53658916e-08, 2.45620620e-08, 2.09108015e-02, 2.87051340e-08,
  4.88636933e-02, 2.93870324e-02, 5.19807086e-08, 1.24798587e-02,
  2.82876072e-02, 4.84143013e-02, 1.60768571e-02, 3.43703320e-02,
  1.44567807e-02, 1.65844620e-02, 2.16678224e-02, 1.28377658e-02,
 -8.97464529e-08, 1.11392110e-02, 1.76310556e-02, 3.42393249e-02,
  1.68030921e-02, 1.59895472e-02, 1.51629388e-02, 1.57945918e-02,
  7.19896961e-03, 3.68691534e-02, 3.89865128e-02, 2.47681307e-02,
  4.02032666e-03, 3.53732806e-02, 1.44546042e-02, 2.69098301e-02,
  2.18119372e-02, 1.25091434e-02, 2.24519028e-02, 8.26129050e-03,
  1.02274044e-03, 6.73031326e-03, 7.75205211e-03, 2.29589140e-02,
  1.43217752e-02,-7.62360673e-11, 2.78923825e-02, 1.17064434e-02,
  4.75811649e-03, 2.02744756e-03, 1.55229293e-02, 1.66746367e-02,
  2.91783658e-02, 1.29336959e-02, 1.11412120e-02, 1.65485528e-02]",0.0011311327559379379,0.001065296807928397,0.23163147177631044,54,optimal
2018-03-29,"[ 2.93055779e-02, 1.57976809e-02, 2.69600917e-02, 8.74076521e-03,
  2.42115519e-07, 1.18359051e-02, 1.77711151e-02, 1.27011757e-03,
  2.16058115e-02,-4.95120970e-08, 5.57673403e-03,-3.51626751e-08,
  4.88640865e-02, 2.33826068e-02,-1.43402929e-08, 2.61203151e-02,
  2.82874804e-02, 4.84143505e-02, 1.60766845e-02, 2.69834593e-02,
 -1.18933604e-07, 2.16165663e-02, 5.56962135e-03, 1.77699611e-03,
  1.12604624e-02, 1.11384899e-02, 1.76306666e-02, 4.99998505e-02,
  2.37088451e-02, 7.30146921e-03,-9.08041879e-08, 1.86809666e-03,
  7.19849179e-03, 3.68690425e-02, 3.89866675e-02, 2.32957973e-02,
  4.02177457e-03, 3.53733734e-02, 6.37010511e-03, 1.92677582e-02,
  2.04519356e-02, 1.25090902e-02, 3.66602761e-02, 8.26098924e-03,
  1.44509577e-02, 6.73060659e-03, 5.09615372e-03, 2.29590399e-02,
  5.78565389e-03,-1.10562789e-07, 3.27396638e-02, 2.06187303e-02,
  4.75812426e-03, 8.10249405e-07, 2.47448246e-02, 2.72934076e-02,
  2.03454212e-02, 8.76503641e-03, 1.11417662e-02, 3.64408404e-02]",0.0012689995366489014,0.0012098341326322265,0.34268751720360163,52,optimal
2018-06-29,"[ 4.64321646e-02, 2.56582516e-02, 2.97799713e-02, 9.27249607e-04,
  5.65090278e-03, 1.18362963e-02, 1.77708527e-02, 1.21131316e-07,
  2.16055927e-02,-1.90778743e-07, 1.27948757e-03, 8.31012371e-03,
  1.32994058e-02, 2.44100285e-02,-5.88328518e-08, 4.43805129e-02,
  4.16458053e-02, 5.00007061e-02, 1.60767220e-02, 2.69838276e-02,
  5.49793318e-03, 3.44263584e-02, 1.36280183e-02, 9.81202213e-03,
  1.77626894e-02, 1.11381416e-02, 1.76305121e-02, 1.88119746e-02,
  2.37087763e-02, 7.30192641e-03,-2.65792108e-07, 1.52603122e-02,
  2.33445387e-02, 3.68688826e-02, 2.63018997e-02, 2.32959212e-02,
  4.02141516e-03, 2.82701394e-02,-3.96798621e-07, 1.92674655e-02,
  1.99500279e-02, 1.25086601e-02, 4.47247800e-02, 8.26067728e-03,
  1.44508832e-02, 6.73133339e-03, 5.09586739e-03, 2.11664125e-02,
  5.78598090e-03, 1.08805960e-02, 2.46078327e-02, 2.06190187e-02,
  4.75844706e-03, 5.43811499e-03, 2.47443687e-02,-2.32412893e-07,
  1.19363934e-07, 5.41511263e-03, 1.71998626e-02, 2.52661008e-02]",0.001132141543843952,0.0011001026175788604,0.3577711426605355,52,optimal
2018-09-28,"[ 4.64325636e-02, 3.15519769e-02, 2.97807457e-02, 1.43803286e-03,
  5.65083431e-03, 1.00814295e-02, 1.77710372e-02,-8.80105686e-08,
  1.45871538e-02,-6.75412210e-08, 1.27990695e-03, 8.31017486e-03,
  8.31094419e-03, 2.44100698e-02, 4.62090571e-08, 4.43800754e-02,
  3.60144415e-02, 4.95384605e-02, 1.60768422e-02, 2.04837110e-02,
  2.19570859e-07, 3.44266096e-02, 1.40587885e-02, 2.86895930e-02,
  1.77630248e-02, 6.70561061e-03, 1.76307196e-02, 1.88124031e-02,
  2.37088644e-02, 7.30289272e-03, 1.05604543e-08, 1.52606137e-02,
  2.33447170e-02, 3.68685700e-02, 2.43742028e-02, 3.19959482e-02,
  4.72587123e-03, 2.82706509e-02,-1.96032796e-07, 1.63333833e-02,
  2.26708795e-02, 1.25086189e-02, 4.47248784e-02, 5.35783671e-03,
  1.44508765e-02, 6.73136563e-03, 5.09588636e-03, 1.05561414e-02,
  7.98418985e-03, 2.54024333e-02, 2.20182124e-02, 2.19371112e-02,
  9.09655886e-08, 6.64494118e-03, 2.47441573e-02, 5.03360677e-03,
 -9.68117226e-08, 6.69640563e-03, 1.63054945e-02, 2.47661793e-02]",0.0012391180854930879,0.001149391064454306,0.12680879228871103,52,optimal
2018-12-31,"[ 2.88681496e-02, 3.15523621e-02, 4.22944284e-02, 5.03288097e-07,
  5.65107011e-03, 2.92153923e-03, 2.11248833e-02, 5.74188163e-07,
  1.45871007e-02, 1.21189800e-07, 1.28030851e-03, 1.91361724e-02,
  1.89431181e-02, 2.44104547e-02, 1.46851650e-07, 3.01799889e-02,
  3.60146296e-02, 4.95389704e-02, 1.22175534e-02, 2.04836389e-02,
  2.82150639e-03, 2.63918017e-02, 1.56009534e-02, 2.86896432e-02,
  2.56136518e-02, 6.70558342e-03, 2.99868670e-02, 1.62880571e-02,
  2.37094140e-02, 7.30320379e-03, 6.61187370e-04, 1.52609140e-02,
  2.33452137e-02, 3.68688043e-02, 2.39459632e-02, 3.19956597e-02,
  9.40562325e-04, 2.82708711e-02,-9.08202981e-08, 1.63331055e-02,
  2.26698133e-02, 1.25087296e-02, 3.77717760e-02, 5.35776497e-03,
  1.44503258e-02, 1.59873334e-02, 5.09563706e-03, 1.05561428e-02,
  1.82005804e-02, 2.54022426e-02, 2.20180960e-02, 2.19376522e-02,
 -4.70352480e-08, 1.04519827e-02, 6.79390477e-03, 8.05164688e-03,
  2.79942318e-03, 1.42327473e-02, 1.63052187e-02, 9.47044533e-03]",0.0012936269681135919,0.00126715616482383,0.1983927604106258,52,optimal
2019-03-29,"[ 2.88676539e-02, 1.18486035e-02, 4.08515631e-02, 3.07253008e-07,
  5.65072484e-03, 2.92120514e-03, 2.11247314e-02, 6.11256132e-07,
  7.03036511e-08,-6.38169924e-09, 2.59675453e-03, 1.91362920e-02,
  1.89429431e-02, 2.44108062e-02, 2.69410845e-03, 3.01803847e-02,
  4.63139712e-02, 4.27726082e-02, 1.22177361e-02, 2.04837359e-02,
 -4.81735967e-07, 2.38203005e-02, 6.30704702e-03, 3.81640403e-03,
  4.31917941e-02, 6.70558729e-03, 2.70072409e-02, 1.62884594e-02,
  2.37092604e-02, 7.30312939e-03, 6.61149295e-04, 1.97997155e-02,
  2.33457327e-02, 3.68685949e-02, 1.36164101e-03, 3.19953370e-02,
  2.22133481e-02, 2.68861784e-02, 1.74737208e-08, 2.89729008e-02,
  2.26694667e-02, 1.25089857e-02, 3.77719674e-02, 5.35809197e-03,
  1.95788096e-02, 1.83184594e-02, 3.64518634e-02, 1.85893874e-02,
  3.37590616e-02, 1.69753852e-02, 1.87084290e-02, 7.78258415e-03,
 -3.56225249e-08, 4.25567326e-03, 6.79372507e-03, 8.08224451e-03,
  5.29120213e-03, 2.00610236e-02, 1.63052319e-02, 9.47028229e-03]",0.001493790839973807,0.001316309375506674,0.2822010124377453,52,optimal
2019-06-28,"[ 2.88676528e-02, 1.41215443e-02, 4.61142234e-02, 2.95812161e-03,
  5.65041441e-03, 2.92088368e-03, 2.11246536e-02, 3.88801080e-07,
  2.66057409e-07, 3.81262831e-07, 3.42226032e-03, 1.91362502e-02,
  1.19920049e-02, 2.44111257e-02, 2.69377931e-03, 2.61795378e-02,
  4.63146959e-02, 2.81901988e-02, 3.90421633e-03, 2.04836824e-02,
  2.51246840e-03, 1.17313583e-02, 6.30792048e-03, 3.81642340e-03,
  4.04938303e-02, 6.70573503e-03, 1.01655094e-02, 2.10563381e-02,
  3.48692796e-02, 2.58143898e-02, 6.61738256e-04, 1.97999597e-02,
  1.57689362e-02, 3.68689007e-02, 2.08095353e-02, 1.98952347e-02,
  2.17845611e-02, 1.87578533e-02, 4.18155811e-03, 2.63474547e-02,
  2.26707622e-02, 1.25096734e-02, 3.77725327e-02, 5.35848604e-03,
  1.95785165e-02, 1.83196087e-02, 5.00004183e-02, 1.85893049e-02,
  3.37589847e-02, 1.37391356e-02, 1.87091818e-02, 5.07795233e-03,
  3.15600864e-03,-9.30645271e-07, 6.79312059e-03, 3.19740436e-02,
  5.29239878e-03, 2.00613729e-02, 1.55413285e-02, 4.26283023e-03]",0.00147196624517765,0.0012698945854872135,0.2250141248372284,55,optimal
2019-09-30,"[ 3.57781537e-02, 9.21750235e-03, 4.61150261e-02,-8.79793951e-08,
  9.93530182e-03, 2.92141883e-03, 1.72013831e-02, 4.96436720e-07,
  1.46417109e-08, 4.07886396e-07, 3.42188616e-03, 1.91364268e-02,
  1.19923734e-02, 1.26820998e-02, 1.06865154e-02, 2.61793371e-02,
  4.63146276e-02, 3.24074467e-02, 9.05885660e-03, 2.04834071e-02,
  2.51337702e-03, 1.17312470e-02, 3.66690253e-03, 3.81598379e-03,
  3.80960479e-02, 6.70544575e-03, 1.50243049e-02, 1.89672255e-02,
  3.04026485e-02, 3.62858633e-02, 1.31483211e-02, 1.98002793e-02,
  1.00340850e-02, 2.94558481e-02, 1.11936431e-02, 7.10606555e-03,
  1.34284457e-02, 5.67376934e-03, 4.18182586e-03, 1.77840861e-02,
  2.26705055e-02, 1.25094350e-02, 4.70818253e-02, 1.70550404e-02,
  1.74229361e-02, 3.46261134e-02, 5.00002328e-02, 1.85888006e-02,
  3.37583705e-02, 1.37389092e-02, 1.87093482e-02,-1.40849810e-07,
  1.21475135e-02,-5.05074413e-07, 1.81793446e-02, 3.19741037e-02,
  1.48780348e-02, 1.42735657e-02, 5.57558768e-03, 4.26297317e-03]",0.0014255595885454189,0.0012026047376377765,0.24731377137031207,54,optimal
2019-12-31,"[ 3.57782068e-02, 9.21747301e-03, 4.61149081e-02, 4.08632452e-03,
  9.93538991e-03, 2.92152199e-03, 1.72013420e-02, 1.91679279e-07,
 -2.84087910e-09, 1.75849482e-02, 3.42150048e-03, 1.91360398e-02,
  2.07402947e-02, 1.26818482e-02, 1.71428542e-02, 1.66406377e-02,
  4.63151050e-02, 3.24075767e-02, 9.05848392e-03, 2.04835532e-02,
  2.51271533e-03, 1.76411980e-02, 8.90757816e-03, 3.81591807e-03,
  3.80957558e-02, 6.70501202e-03, 1.50239011e-02, 1.89675197e-02,
  1.29474053e-02, 3.62853474e-02, 1.31471721e-02, 1.98000581e-02,
  1.00345040e-02, 2.47150493e-02, 5.90306515e-03, 5.18283090e-04,
  1.48325347e-02, 1.40573584e-03, 4.18166855e-03, 1.32511693e-02,
  1.02795232e-02, 1.25090434e-02, 4.70813093e-02, 8.08737757e-03,
  9.37978612e-03, 3.09917438e-02, 5.00001378e-02, 2.00253473e-02,
  2.94380312e-02, 7.95559465e-03, 2.21798145e-02,-1.25842701e-07,
  3.22097753e-02,-9.68632756e-08, 4.36884956e-02, 3.19736309e-02,
  1.48783765e-02, 4.00667748e-03, 5.57579068e-03, 1.01799840e-02]",0.0014165029082902668,0.0010602142962347098,0.21165608623088356,55,optimal
2020-03-31,"[ 4.20393463e-02, 9.21801027e-03, 5.00002608e-02, 2.26785610e-02,
  5.71699430e-03, 2.92171928e-03, 1.72013921e-02, 2.80649195e-03,
 -5.34472566e-08, 1.75847852e-02, 1.16057244e-02, 1.91362018e-02,
  2.17137116e-02, 1.97736803e-02, 1.71433345e-02, 5.80073225e-07,
  2.79137382e-02,-4.99861377e-07, 9.05897748e-03, 2.45872172e-02,
  7.11945424e-08, 1.76412103e-02, 4.97471160e-03, 2.33149559e-02,
  3.80958654e-02, 2.82723159e-07, 1.50240950e-02, 4.23400192e-02,
  1.22486652e-02, 3.16230055e-02, 1.67396671e-02, 1.98006707e-02,
  1.93646244e-07, 1.19302336e-02, 1.69129192e-02, 1.09283636e-07,
  1.76099293e-02, 2.15553507e-07, 3.29642492e-02, 2.58947818e-02,
  1.22260602e-07, 3.73106803e-02, 3.83778294e-02, 4.21516306e-02,
  1.31744119e-03, 3.96369992e-07, 4.99999520e-02, 2.50909210e-02,
  3.54447713e-02, 7.95486195e-03, 2.52832508e-03, 8.00104049e-08,
  3.22097506e-02, 3.46589172e-03, 4.36887517e-02, 2.14499521e-07,
  1.97293264e-02, 1.34280418e-07, 7.39877668e-03, 5.11412550e-03]",0.0015349939216748353,0.0014786387944744782,0.4673141552923161,47,optimal
2020-06-30,"[ 3.28074152e-02, 9.21820403e-03, 5.00001392e-02, 1.29055387e-02,
  5.71702671e-03, 2.92175577e-03, 2.13054227e-02, 1.21911068e-02,
  3.39476391e-02,-1.04691911e-07, 1.16058982e-02, 1.95839191e-02,
  3.10312067e-03, 1.97737007e-02, 1.71432230e-02, 6.55327776e-07,
  2.17465251e-02, 2.25432109e-07, 9.05908902e-03, 5.00002558e-02,
  1.83848834e-07, 1.76413415e-02, 1.64010017e-02, 1.20524779e-02,
  2.65830159e-03, 1.28754966e-07, 1.04771945e-02, 3.62768672e-02,
  6.05503748e-03, 6.71985832e-03, 2.88548411e-02, 2.63386275e-02,
  1.53022141e-02, 6.93364015e-03, 1.69126598e-02, 2.70101309e-02,
  1.76093333e-02, 3.39082477e-02, 3.04491666e-02, 1.24236355e-02,
  4.09770058e-08, 4.99994569e-02, 3.70844094e-02,-1.95483241e-07,
 -2.00952000e-07, 3.07666557e-07, 4.99998118e-02, 1.35318506e-02,
  4.77197033e-02, 7.10979462e-03, 2.80527852e-02, 1.18617066e-07,
  2.19676740e-02, 1.56526832e-07, 4.36888127e-02,-2.59443959e-07,
  3.63914563e-02, 2.31372415e-08, 7.39879526e-03,-1.76944997e-07]",0.0021013221373888816,0.001682449016523244,0.4934972352568283,46,optimal
2020-09-30,"[ 4.99996841e-02, 4.42130374e-02, 5.00000432e-02, 8.08256468e-03,
  5.71654405e-03, 2.92126733e-03, 2.13054025e-02, 9.56567753e-03,
  3.39479842e-02, 4.74707170e-07,-8.13984787e-07, 1.72168309e-02,
 -3.78054484e-07, 1.97721802e-02, 1.25308835e-02, 5.38608001e-07,
  5.70767776e-07, 2.78458620e-07, 9.05765856e-03, 4.69685349e-02,
  3.94286924e-07, 5.35638867e-04, 6.70927176e-03, 1.89225065e-02,
  2.65812818e-03,-2.50579386e-07, 1.04767956e-02, 1.83614264e-02,
 -2.10714155e-07, 2.65622541e-03, 2.65721403e-02, 2.63384281e-02,
  1.53029495e-02, 6.93331765e-03, 2.08283136e-02, 4.42721918e-02,
  1.00923250e-02, 3.08847901e-02, 2.98499375e-02, 1.75560176e-02,
  1.13874863e-02, 4.99992724e-02, 3.60181991e-02, 1.37131169e-02,
 -2.00014531e-07,-1.61591717e-07, 5.00002740e-02, 2.54655496e-02,
  5.00023750e-02, 7.74795937e-07, 2.80534393e-02,-8.20746303e-09,
  1.88274670e-02, 1.61055205e-04, 4.36889120e-02, 1.28907099e-07,
  3.63907569e-02, 7.77931676e-03, 8.26196715e-03, 9.87804982e-07]",0.002049783218490642,0.001756552257549356,0.26698482615361124,43,optimal
2020-12-31,"[ 4.99998637e-02, 4.42133053e-02, 5.00001896e-02, 5.88963471e-08,
  3.81250929e-02, 2.92146381e-03, 2.61369783e-02, 1.12159714e-02,
  5.00001781e-02, 5.82796493e-08,-1.19326849e-07, 1.72170453e-02,
  8.88377258e-03, 2.37881681e-02, 1.28690077e-02, 2.13808650e-08,
  6.48064273e-08, 1.76474494e-07, 2.04472031e-02, 3.81769680e-02,
  5.73838823e-07, 1.15019545e-02, 2.88176477e-03, 1.19160302e-02,
 -3.26930132e-07, 1.07121135e-02, 1.63693381e-02, 1.83609211e-02,
 -8.29268474e-08, 7.16126909e-03, 9.18711375e-03, 2.74568723e-02,
  2.70431863e-03, 1.05753252e-02, 2.49526813e-02, 3.35453267e-02,
  5.39339619e-04, 2.05105440e-02, 2.98500866e-02, 1.75553672e-02,
  1.13879736e-02, 4.99999058e-02, 2.92146276e-02, 1.19200663e-02,
 -9.85421135e-08, 8.48149303e-08, 5.00000118e-02, 1.50236086e-02,
  4.61994160e-02, 1.03064932e-02, 2.80534471e-02, 2.02778571e-07,
  2.52418602e-03, 1.83980889e-02, 4.36804906e-02, 1.22180740e-02,
  4.60903766e-04, 7.77967360e-03, 8.26205922e-03, 4.79478171e-03]",0.002489195625189395,0.0018743497926118065,0.33218059051755344,46,optimal
2021-03-31,"[ 4.99996419e-02, 5.00002025e-02, 5.00002034e-02, 1.42568549e-07,
  3.81249228e-02,-8.95276653e-08, 2.61363752e-02, 1.54956890e-02,
  4.90991632e-02, 3.66771470e-02,-1.15709950e-07, 1.72168362e-02,
  2.87269456e-02, 2.37880683e-02, 9.05878722e-03,-3.65245081e-08,
  9.52163458e-03, 9.99617638e-08, 7.58121932e-03, 7.82342329e-03,
  2.45700805e-02, 1.15016555e-02, 2.88150968e-03, 1.19160046e-02,
 -9.81126900e-08, 1.07119312e-02, 1.13460356e-02, 8.55101087e-03,
  1.99479928e-02, 2.16442037e-02, 9.18744417e-03, 3.21422123e-02,
  2.02037327e-02, 4.93168106e-03, 2.02066656e-02, 1.69187768e-02,
  5.38301303e-04, 1.07841847e-02, 2.32894472e-02, 1.13678093e-07,
  2.55233354e-02, 8.59010663e-03, 1.53803031e-02,-2.81275445e-07,
  1.17394192e-07, 1.90459809e-02, 5.00001038e-02, 4.92566940e-03,
  4.99994594e-02, 7.79700477e-03, 2.80533905e-02, 3.01090086e-08,
  1.12116581e-02, 1.08946821e-02, 3.37395791e-02, 2.44378520e-02,
  1.84098143e-07, 2.50824683e-02,-2.05458149e-07, 4.79541819e-03]",0.00208026422859182,0.0016491157524522052,0.4649733291917768,47,optimal
2021-06-30,"[ 4.99997446e-02, 4.99999899e-02, 5.00000458e-02,-8.89126533e-08,
  3.81245590e-02, 3.74103200e-03, 3.31110905e-02, 1.37787901e-02,
  4.99999347e-02, 3.66771953e-02,-5.51780717e-08, 1.72167004e-02,
  2.87267639e-02, 2.22088562e-07, 5.37557971e-03,-7.80696171e-09,
  1.11111439e-02, 9.08715987e-03, 7.58083764e-03, 7.82351372e-03,
  3.05721799e-02, 1.20582433e-02, 2.18307860e-03, 1.19157183e-02,
  1.76655193e-02, 7.31564057e-03, 1.13460314e-02, 6.19823094e-03,
  2.24735763e-02, 2.16446190e-02, 9.18744193e-03, 3.22441650e-02,
  2.02037974e-02, 7.81262237e-03, 2.02061736e-02,-1.34609492e-08,
  4.03588881e-03, 1.07842075e-02, 1.35355786e-02, 1.61366504e-02,
  2.55235295e-02, 1.52323871e-03, 2.43823722e-02, 1.26947301e-02,
 -2.41124078e-08, 1.90458463e-02, 5.00000142e-02, 1.49237209e-02,
  3.33173299e-02, 6.63603136e-03, 1.59622390e-02,-6.95759879e-08,
  1.12118184e-02, 1.13667345e-02, 2.96014535e-02, 1.49303683e-02,
  3.82577458e-08, 3.83393749e-02,-1.20018450e-07, 6.67872019e-04]",0.0017799915715649103,0.0014741998776919623,0.23417090039616822,50,optimal
2021-09-30,"[ 4.99998073e-02, 4.99999899e-02, 4.99999595e-02, 2.32045556e-05,
  3.81245082e-02, 3.74103883e-03, 2.96994459e-02, 1.88228227e-02,
  5.00000230e-02, 3.66770477e-02, 1.00330291e-07, 1.72164858e-02,
  3.78610486e-02, 1.98331290e-07,-3.01837436e-07, 7.39087885e-03,
  1.41892977e-02, 1.52884181e-02, 9.20326937e-03, 7.82290577e-03,
  3.28594076e-02, 1.20584065e-02, 2.04215938e-07, 2.69463924e-07,
  1.76658249e-02, 7.31578520e-03, 1.17611865e-02, 6.19879007e-03,
  2.92759484e-02, 2.16449615e-02, 9.18730117e-03, 3.87908134e-02,
  2.02038466e-02, 1.07574934e-02, 7.70217569e-03,-2.09829111e-08,
  4.03590152e-03, 1.07846562e-02, 1.35362832e-02, 1.73467592e-02,
  1.76678691e-02, 1.52342846e-03, 2.43823306e-02, 2.04015790e-02,
  2.12651789e-04, 1.90455957e-02, 4.99998726e-02, 1.18179120e-02,
  2.10620984e-02, 6.63563675e-03, 1.59618137e-02,-1.13374608e-07,
  1.12114511e-02, 1.19942916e-02, 2.69610914e-02, 1.49302883e-02,
 -2.86327663e-08, 3.83392334e-02,-1.41179297e-07, 6.66993387e-04]",0.001677753486993771,0.001294298769439056,0.12250208155562341,48,optimal
2021-12-31,"[ 5.00000532e-02, 5.00000768e-02, 4.75318605e-02, 1.14620006e-02,
  3.81247866e-02, 3.74117067e-03, 2.97001227e-02, 2.69167882e-02,
  5.00000690e-02, 4.09006185e-03, 5.65657295e-03, 1.72169171e-02,
  3.64266858e-02, 1.53182161e-08, 6.38414647e-08, 1.75196946e-02,
  1.41886058e-02, 2.98497779e-02, 9.20432291e-03,-4.30022566e-07,
  3.28592501e-02, 4.48864454e-08, 5.23836644e-08, 6.15447511e-03,
  1.76656119e-02, 7.31586794e-03, 1.17610679e-02, 1.14188292e-02,
  3.94506081e-02,-5.93885564e-08, 2.23856120e-02, 3.87908431e-02,
  2.34527184e-02, 1.07578853e-02, 1.08737135e-02,-4.00821027e-08,
  2.86245318e-03, 1.59589607e-02, 7.85414106e-03, 1.73459035e-02,
  1.79899366e-02, 4.29603401e-03, 1.48724869e-02, 7.41643891e-03,
  2.12176139e-04, 2.12267172e-07, 3.26766586e-02, 2.07461827e-02,
  1.56865668e-02, 1.85115045e-02, 1.59618261e-02,-1.63898301e-07,
  4.07391577e-02, 1.25899723e-02, 2.40680476e-02, 2.39042914e-03,
  1.40214744e-02, 2.16669224e-02, 1.69498898e-02, 6.67092923e-04]",0.0012594420249904077,0.0011442434277515738,0.36243800450618757,49,optimal
2022-03-31,"[ 5.00001003e-02, 3.76404144e-02, 3.65908983e-02, 2.23722320e-02,
  3.81245144e-02, 3.74092937e-03, 1.46181448e-02, 1.76531127e-02,
  5.00000082e-02, 4.09018225e-03, 7.29940792e-04, 2.15038584e-02,
  3.19108982e-02, 2.78743031e-08, 2.49425827e-03, 3.18356863e-03,
  9.66664436e-08, 2.72536823e-02, 9.20492372e-03, 1.04460869e-02,
  3.28590501e-02, 2.19664119e-02, 1.23879018e-02, 1.02064119e-02,
  9.18079014e-03, 2.72618221e-02, 1.17611356e-02, 2.64517553e-02,
  3.60144004e-02, 7.46355917e-09, 2.23857463e-02, 3.87908092e-02,
  2.34530306e-02, 1.07584467e-02, 1.62370166e-02,-1.30986623e-07,
 -4.71903783e-08, 7.98828273e-03, 7.85498286e-03, 4.50079859e-03,
  1.14139130e-02, 1.23190186e-07, 1.16018187e-02, 1.90852436e-02,
  1.86682346e-02, 1.07947916e-02,-4.32762321e-08, 2.07463522e-02,
  2.44124097e-02, 4.88599390e-02, 1.59620806e-02, 5.29791515e-03,
  2.48391130e-02, 1.25896560e-02, 9.30725051e-03, 1.48320595e-02,
  2.19240987e-02, 1.17848927e-02, 4.39858346e-03, 1.18650672e-02]",0.0011229681984750571,0.0010619133099508417,0.4474468764468504,52,optimal
2022-06-30,"[ 5.00001374e-02, 4.19585568e-02, 3.65914555e-02, 2.10913911e-02,
  3.81248750e-02, 3.74125094e-03, 1.92643795e-02, 1.76533938e-02,
  2.77705591e-02, 5.74603129e-09, 7.29911901e-04, 2.17153383e-02,
  4.06230425e-02, 4.87529860e-08, 6.11081189e-03, 3.18363788e-03,
  9.76780299e-08, 2.72532745e-02, 9.20502537e-03, 1.51911944e-02,
  3.28590325e-02, 2.19666293e-02, 1.23874613e-02, 8.49121401e-03,
  9.18071533e-03, 3.14565275e-02, 1.46392668e-02, 1.95532047e-02,
  2.16641260e-07,-9.07721035e-08, 2.23857725e-02, 2.87285339e-02,
  2.34540114e-02, 2.74129083e-02, 2.36314899e-02, 1.19665601e-02,
  7.80399826e-08, 7.98831343e-03, 7.85466064e-03, 1.37576425e-02,
  1.54388017e-02, 3.21606486e-02, 3.79244337e-03, 1.90859506e-02,
  1.01537565e-02, 1.07941359e-02,-3.35907312e-07, 2.07462312e-02,
  2.44126286e-02, 4.68563331e-02, 1.23026309e-02, 1.38398913e-02,
  2.48387140e-02, 1.04254738e-02, 9.30693521e-03, 1.05735305e-02,
  2.19235618e-02, 7.55401534e-03,-2.59107020e-08, 7.87214963e-03]",0.001388053263300857,0.0011971356254586246,0.24665282518196002,51,optimal
2022-09-30,"[ 5.00001341e-02, 4.19586146e-02, 3.12607255e-02, 2.10908511e-02,
  3.81241153e-02, 3.74045464e-03, 1.91039030e-02, 2.25038680e-02,
  2.77707807e-02,-4.46838070e-08, 7.30179509e-04, 1.02697701e-02,
  4.06233870e-02, 1.10033411e-07, 6.98789654e-03, 3.18323176e-03,
  2.24172244e-08, 1.74638123e-02, 9.20518252e-03, 2.31177039e-02,
  3.28593171e-02, 1.79380986e-02, 1.97871087e-02, 3.26312361e-07,
  9.18088201e-03, 3.47582232e-02, 1.46394453e-02, 1.44757446e-02,
  2.36774412e-07,-6.44010346e-08, 4.02484022e-02, 1.89901719e-02,
  3.02746921e-02, 2.74124164e-02, 2.36314946e-02, 2.82377741e-02,
 -2.21659820e-07, 7.98820008e-03, 7.85378275e-03, 2.25089375e-02,
  1.97251450e-02, 1.31799393e-02, 2.34120775e-02, 1.90861167e-02,
  1.56883424e-02, 1.07940940e-02, 5.26262928e-08, 6.85638881e-03,
  2.48024309e-02, 2.60411126e-02, 2.68703186e-02, 1.13042473e-02,
  2.48383598e-02, 1.75697517e-03, 9.30714798e-03, 1.29968968e-02,
  1.50328221e-02, 1.25164403e-02, 5.75364741e-08, 7.87136867e-03]",0.001545351767449229,0.001201594039439823,0.25169543998278043,50,optimal
2022-12-30,"[ 4.12226109e-02, 4.40530129e-02, 3.12608520e-02, 2.17168958e-02,
  3.81242654e-02, 4.38306079e-03, 1.41671523e-02, 1.80366602e-02,
  2.48023716e-02, 7.33558791e-03, 7.29941488e-04, 1.02699764e-02,
  4.06234038e-02,-1.07970646e-07, 9.99323971e-03, 2.66744481e-02,
  4.11256489e-07, 1.74636337e-02, 1.43514644e-02, 2.90792653e-02,
  3.80268876e-02, 1.79402258e-03, 1.26008155e-02, 1.17198419e-07,
  2.28293072e-02, 3.47578901e-02, 8.77386883e-03, 1.50307077e-02,
  6.59851611e-03, 7.58405808e-04, 2.63866830e-02, 2.15766236e-02,
  3.02748171e-02, 2.74120514e-02, 1.96400584e-02, 2.82381389e-02,
  5.74777037e-03, 7.98813762e-03, 7.85354049e-03, 2.25098008e-02,
  1.46805692e-02, 1.31794610e-02, 2.25078396e-02, 8.52536451e-03,
  1.98177229e-02, 1.07940002e-02,-9.06938519e-08, 6.85586476e-03,
  2.29062533e-02, 3.13073828e-02, 2.26417040e-02, 1.13044149e-02,
  2.17805855e-02, 4.08806199e-03, 9.30685126e-03, 1.52715082e-02,
  1.50329112e-02, 8.40662774e-03, 6.34116040e-04, 7.87255176e-03]",0.0016146781175587403,0.0013054014226603116,0.19600864520076494,53,optimal
2023-03-31,"[ 4.12224894e-02, 4.40525513e-02, 4.57809948e-02, 1.85133923e-02,
  2.87678314e-02, 4.38272525e-03, 1.27216569e-02, 2.03038493e-02,
  2.48026888e-02, 7.33577812e-03, 7.30209338e-04, 1.02702984e-02,
  3.10084126e-02, 4.89397349e-08, 2.65442781e-02, 2.66742700e-02,
  2.37416931e-07, 1.50102383e-02, 6.77711786e-03, 2.90791355e-02,
  1.60048460e-02, 5.35060144e-03, 2.08928810e-02, 1.61362330e-07,
  2.28295668e-02, 4.85359343e-02, 8.77422041e-03, 1.39066885e-02,
  5.81870369e-03, 6.83109413e-03, 2.63861766e-02, 2.15763950e-02,
  2.98088926e-02, 2.44123624e-02, 4.69160552e-08, 2.82379681e-02,
  1.04918613e-02, 7.98860388e-03,-2.21232071e-07, 2.25102477e-02,
  8.49179680e-03, 1.31793187e-02, 1.56391492e-02, 1.49186914e-03,
  3.10190377e-02, 1.07941620e-02, 1.88953493e-02, 6.85628637e-03,
  2.24066126e-02, 2.36256347e-02, 2.26419028e-02, 2.23068492e-02,
  1.49411412e-02, 5.52373583e-03, 2.43165565e-02, 1.76539580e-02,
  8.87839246e-03, 7.40845321e-03, 6.34241638e-04, 8.96031775e-03]",0.001515981197619149,0.001317209798321909,0.2616007120068813,53,optimal
2023-06-30,"[ 4.12228054e-02, 4.99997035e-02, 4.07497032e-02, 1.85133079e-02,
  2.87679544e-02, 7.64369885e-03, 1.23934845e-02, 1.95732892e-02,
  2.48026241e-02,-2.32102251e-07, 7.30290696e-04, 3.07696910e-03,
  3.10086518e-02,-5.65869882e-08, 2.65443186e-02, 2.66746835e-02,
  7.74301835e-03, 1.50100756e-02, 6.77711079e-03, 2.90790846e-02,
  2.28373233e-02, 5.35063533e-03, 1.50903366e-02, 1.79540870e-02,
  1.59348158e-02, 4.85359406e-02, 8.77415916e-03, 1.55087243e-02,
  8.82223743e-03, 1.44248791e-02, 1.99710787e-02, 7.92110966e-03,
  2.87936634e-02, 2.77224233e-02, 1.87666550e-07, 2.82376991e-02,
  1.90397502e-02, 7.98855065e-03,-7.42242348e-08, 2.67252738e-02,
  1.06426798e-02, 2.19833332e-02, 1.34734706e-02,-1.35385933e-07,
  2.23484878e-02, 1.07942397e-02, 2.32150029e-02, 6.85630087e-03,
  1.47011200e-02, 2.08793965e-02, 2.26418836e-02, 1.07742782e-02,
 -5.75269455e-08, 1.06109267e-02, 2.79279396e-02, 1.76534361e-02,
  1.10346807e-02,-1.07190680e-07, 1.55594947e-02, 8.96033992e-03]",0.0015533197038093277,0.0012808833358003504,0.22213192720853928,52,optimal
2023-09-29,"[ 4.12231808e-02, 5.00002074e-02, 4.07504997e-02, 1.88139539e-02,
  2.87688831e-02, 7.64462314e-03, 1.23940372e-02, 1.95743701e-02,
  3.57882806e-02,-1.07290299e-07, 6.18914591e-03, 3.07696496e-03,
  2.83552119e-02,-1.77818900e-07, 2.65443913e-02, 2.66749646e-02,
  7.74374981e-03, 1.50078774e-02, 6.77744325e-03, 2.90790039e-02,
  2.28375069e-02, 9.15425347e-04, 1.41183713e-02, 1.92366584e-02,
  2.46818372e-08, 4.85356949e-02, 8.77384477e-03, 2.23351920e-02,
  1.56132757e-02, 3.81793287e-02, 7.71300370e-03, 4.62250538e-03,
  2.87946632e-02, 3.11442040e-02, 2.37837280e-07, 3.64612086e-02,
  1.65073997e-02, 9.60915273e-03, 6.60760325e-08, 2.67254495e-02,
  1.69014788e-02, 1.74601639e-02, 3.39538190e-03, 1.41350637e-07,
  1.87888209e-02, 1.07943288e-02, 1.32376575e-02, 1.31281396e-02,
  1.39737254e-02, 4.73364150e-03, 9.78572133e-03, 1.07739374e-02,
  1.76626636e-07, 4.75545893e-03, 2.79280905e-02, 1.05332207e-02,
  2.81734880e-02, 3.01006223e-03, 2.71357490e-02, 8.96089898e-03]",0.0014371552448519203,0.0012259544516848595,0.22586201700039904,52,optimal
2023-12-29,"[ 4.99997688e-02, 4.99999779e-02, 4.22749505e-02, 2.03568055e-02,
  2.10671158e-02, 7.64532271e-03, 2.97365207e-02, 1.30920931e-02,
  4.37065963e-02,-8.34858505e-08, 6.18887006e-03, 3.07668282e-03,
  4.45300359e-02,-2.61298434e-07, 9.34358714e-03, 3.46791332e-03,
  1.92997036e-02, 4.92732103e-03, 1.76319156e-02, 2.24696838e-02,
  1.64338728e-02, 3.90965519e-02, 2.52962303e-02, 2.67853173e-03,
 -7.63129245e-08, 1.97500248e-02,-3.02189071e-07, 2.23354001e-02,
  1.56134639e-02, 1.19595492e-02, 7.71261056e-03, 4.62265741e-03,
  2.76657559e-02, 3.11446013e-02, 1.24992249e-02, 9.89273456e-03,
  1.65077232e-02, 1.78119651e-02, 3.66097956e-03, 2.67256067e-02,
  2.02743226e-02, 1.74603268e-02, 3.83776384e-03, 3.21232695e-08,
  1.87886383e-02, 1.07944331e-02, 2.55573898e-02, 1.31280658e-02,
  1.39738878e-02,-1.49359556e-07, 7.93264421e-03, 1.07745556e-02,
  7.71642067e-03, 2.97391187e-08, 2.79282242e-02, 1.88345679e-02,
  2.35018409e-02, 1.55871919e-02, 3.47269804e-02, 8.96120887e-03]",0.0014268710946724681,0.001267253320741183,0.40347237955098914,53,optimal
2024-03-28,"[ 4.99994460e-02, 5.00002384e-02, 4.22744443e-02, 3.42312812e-02,
  2.10670232e-02, 6.25540590e-03, 2.97363780e-02, 1.79501041e-02,
  4.37069216e-02, 4.14511041e-08, 1.37923857e-02, 2.38059052e-02,
  3.28701652e-02,-1.07891294e-07, 1.69144334e-02, 6.88946782e-03,
  1.93000095e-02, 4.92719535e-03, 2.55225379e-02, 1.95972503e-02,
  1.67056977e-02, 3.90959540e-02, 2.52959216e-02, 3.18560594e-03,
 -1.20062742e-07, 3.38863198e-03,-2.02867543e-07, 1.12045230e-02,
  1.56134919e-02, 5.10924444e-03, 1.85596550e-08, 3.17035182e-03,
  1.80318297e-02, 2.96444058e-02, 2.22289420e-02, 9.89266142e-03,
  1.12357060e-02, 1.78123818e-02, 3.66106901e-03, 7.14083039e-03,
  1.57032968e-02, 1.74602795e-02, 1.02063076e-02, 4.68622103e-08,
  2.14028067e-02, 1.07944375e-02, 2.55574794e-02, 1.20767192e-02,
  3.24056669e-02, 3.42220046e-03, 7.93292756e-03, 1.07749696e-02,
  7.71680236e-03, 6.97676415e-03, 2.79282746e-02, 1.03111018e-02,
  2.35011771e-02, 1.41287410e-02, 3.47267746e-02, 5.71575538e-03]",0.001303275542615902,0.0010952347481964354,0.22854696325876014,54,optimal
2024-06-28,"[ 4.99999258e-02, 5.00001910e-02, 2.33553321e-02, 4.99996699e-02,
  2.10670914e-02, 3.25933095e-02, 2.88209121e-02, 2.53492712e-02,
  4.37070206e-02,-6.05057729e-08, 5.76900815e-04, 2.62731324e-02,
  3.12236679e-02,-2.63198480e-08, 1.69145249e-02, 6.88982011e-03,
  2.06011461e-02, 1.21594007e-02, 2.15422550e-02, 2.38069952e-02,
  1.67059004e-02, 3.13914903e-02, 2.52963541e-02, 3.18523675e-03,
  3.22356111e-03, 9.01903895e-03, 8.86398072e-03, 2.06707061e-03,
  1.56132071e-02, 3.53865039e-03, 2.78432717e-08, 3.17048449e-03,
  1.80319220e-02,-4.70010948e-09, 1.71274330e-02, 1.82375015e-02,
  2.27049886e-02, 1.50381839e-02, 3.66120508e-03,-1.60403186e-07,
  6.04102581e-03, 1.88368992e-07, 1.02065416e-02, 1.69403180e-03,
  3.52310523e-02, 5.00002189e-02, 2.55576944e-02, 6.00295421e-03,
  3.86432359e-02, 1.04668075e-02, 7.93263132e-03, 4.21654096e-03,
  7.71677918e-03, 1.93948696e-03, 2.79290221e-02,-8.97342602e-08,
  1.02155841e-02, 1.41289204e-02, 4.03210620e-02,-2.38003875e-07]",0.0015897297664099366,0.0011232839244054204,0.3517123921111411,51,optimal
2024-09-30,"[ 4.99992871e-02, 4.99998353e-02, 2.33556516e-02, 5.00001673e-02,
  2.10671829e-02, 3.13719560e-02, 3.05090505e-02, 2.42810541e-02,
  2.55504150e-02,-3.98799114e-09,-2.84478095e-07, 2.62725373e-02,
  3.12227956e-02,-1.57426799e-07, 1.47090121e-02, 7.98686964e-03,
  3.08259843e-02, 4.87691480e-03, 1.20556996e-02, 2.38060658e-02,
  2.15244824e-02, 3.13908856e-02, 1.61615114e-02, 3.94357184e-03,
  1.66565059e-02, 9.01924355e-03, 8.86384898e-03, 2.06661891e-03,
  1.26749887e-02, 3.53795827e-03, 2.65303804e-08,-1.11412927e-07,
  2.46282949e-02, 2.20493004e-07, 1.45713791e-02, 1.82378210e-02,
  2.27044085e-02, 1.50378786e-02, 1.15049923e-02, 2.72133787e-03,
  6.04142044e-03,-2.81972029e-07, 6.41369803e-03,-2.57265444e-07,
  3.52303425e-02, 4.20953978e-02, 2.55577513e-02, 2.25028458e-03,
  4.99994756e-02, 2.51641352e-02, 7.93249678e-03, 2.66652369e-07,
  8.70673450e-03, 8.29369678e-03, 2.79288471e-02, 5.81176477e-03,
  1.02160026e-02, 4.90155471e-03, 4.03206535e-02, 1.24142219e-07]",0.00150434490827933,0.0012317919473060468,0.17678815693621178,50,optimal
2024-12-31,"[ 5.00010911e-02, 4.99998811e-02, 3.45392947e-02, 5.00003297e-02,
  2.10668225e-02, 3.13715869e-02, 3.05079997e-02, 2.33200194e-02,
  2.55507029e-02,-1.53559748e-07,-1.00245528e-07, 2.68104565e-02,
  6.58483177e-03, 5.25717874e-03, 1.47093362e-02, 3.25625979e-02,
  3.08253244e-02, 4.87665145e-03, 1.50740907e-02, 2.38055737e-02,
  2.36229489e-02, 3.01542896e-02, 1.49299937e-02, 1.10193282e-02,
  9.23346717e-03, 9.01919340e-03, 8.86345589e-03, 2.06677907e-03,
  2.13532955e-02, 3.53731503e-03, 3.67171698e-03, 3.54201604e-04,
  2.25486126e-02, 1.19105566e-02, 1.45715599e-02, 1.95834883e-02,
  2.94820414e-02, 1.50380038e-02, 3.89993260e-02,-6.37346554e-07,
 -2.20056798e-07,-5.99705002e-08, 8.45300393e-03, 1.61887472e-08,
  3.52306714e-02, 2.81323971e-02, 2.55576852e-02,-1.30080089e-07,
  1.60410785e-02, 3.02926997e-02, 7.93276614e-03, 5.74639230e-05,
  2.83413135e-02, 8.29295888e-03, 1.16627680e-02, 2.02668486e-03,
  4.16270236e-03, 2.65455631e-03, 2.43390650e-02, 1.31109241e-07]",0.0015976432412528178,0.0012363353089408454,0.2816870857692479,50,optimal
