date,Baseline_CVaR,SPY,regime_aware_cvar_index,ML_Alpha_CVaR
2020-01-02,0.0,0.009294901071624,0.0,0.0
2020-01-03,0.0,-0.0075770637763211,0.0,0.0
2020-01-06,0.0,0.003795708357927,0.0,0.0
2020-01-07,0.0,-0.0028202133851003,0.0,0.0
2020-01-08,0.0,0.0053315576037482,0.0,0.0
2020-01-09,0.0,0.0067326854994001,0.0,0.0
2020-01-10,0.0,-0.0028608515570132,0.0,0.0
2020-01-13,0.0,0.0068391090250307,0.0,0.0
2020-01-14,0.0,-0.0015231286676941,0.0,0.0
2020-01-15,0.0,0.0022507622370891,0.0,0.0
2020-01-16,0.0,0.0082971633642717,0.0,0.0
2020-01-17,0.0,0.0031101169264387,0.0,0.0
2020-01-21,0.0,-0.0019631586974433,0.0,0.0
2020-01-22,0.0,0.0001309972164964,0.0,0.0
2020-01-23,0.0,0.0011454942423253,0.0,0.0
2020-01-24,0.0,-0.0089368448653142,0.0,0.0
2020-01-27,0.0,-0.0161696306670849,0.0,0.0
2020-01-28,0.0,0.010443697800353,0.0,0.0
2020-01-29,0.0,-0.0008301649184206,0.0,0.0
2020-01-30,0.0,0.003217196519638,0.0,0.0
2020-01-31,0.0,-0.0183129595619944,0.0,0.0
2020-02-03,0.0,0.0073922583862424,0.0,0.0
2020-02-04,0.0,0.0151502947659733,0.0,0.0
2020-02-05,0.0,0.01147478330554,0.0,0.0
2020-02-06,0.0,0.0033519402651628,0.0,0.0
2020-02-07,0.0,-0.0053423802873319,0.0,0.0
2020-02-10,0.0,0.0074519145382007,0.0,0.0
2020-02-11,0.0,0.001716794228256,0.0,0.0
2020-02-12,0.0,0.0064198946199657,0.0,0.0
2020-02-13,0.0,-0.0010617590804578,0.0,0.0
2020-02-14,0.0,0.0016082862355634,0.0,0.0
2020-02-18,0.0,-0.0026067242462652,0.0,0.0
2020-02-19,0.0,0.0047898508356952,0.0,0.0
2020-02-20,0.0,-0.0041133806953817,0.0,0.0
2020-02-21,0.0,-0.0103580909258375,0.0,0.0
2020-02-24,0.0,-0.0337175648145166,0.0,0.0
2020-02-25,0.0,-0.0307905886793426,0.0,0.0
2020-02-26,0.0,-0.0036855505714557,0.0,0.0
2020-02-27,0.0,-0.0459396258288178,0.0,0.0
2020-02-28,0.0,-0.0042029921346015,0.0,0.0
2020-03-02,0.0,0.0423795269079885,0.0,0.0
2020-03-03,0.0,-0.0290639447135599,0.0,0.0
2020-03-04,0.0,0.0412064525908773,0.0,0.0
2020-03-05,0.0,-0.033825016609429,0.0,0.0
2020-03-06,0.0,-0.0166763979710934,0.0,0.0
2020-03-09,0.0,-0.0813171996082428,0.0,0.0
2020-03-10,0.0,0.050460042648838,0.0,0.0
2020-03-11,0.0,-0.0499853403178382,0.0,0.0
2020-03-12,0.0,-0.1005602434121681,0.0,0.0
2020-03-13,0.0,0.0820389779336974,0.0,0.0
2020-03-16,0.0,-0.1158862417752689,0.0,0.0
2020-03-17,0.0,0.0525636926993785,0.0,0.0
2020-03-18,0.0,-0.051930552301962,0.0,0.0
2020-03-19,0.0,0.002122615677838,0.0,0.0
2020-03-20,0.0,-0.0440868147768702,0.0,0.0
2020-03-23,0.0,-0.0258861581516527,0.0,0.0
2020-03-24,0.0,0.086749262774885,0.0,0.0
2020-03-25,0.0,0.0148398769036584,0.0,0.0
2020-03-26,0.0,0.0567552281820669,0.0,0.0
2020-03-27,0.0,-0.0302284738486381,0.0,0.0
2020-03-30,0.0,0.0319615050230508,0.0,0.0
2020-03-31,-0.0129760105843911,-0.0150366280649291,-0.0147235053706807,0.0
2020-04-01,-0.0434583947618118,-0.0460338591307451,-0.0423911710303228,0.0
2020-04-02,0.0292771671625067,0.0227893061586133,0.0306590544094519,0.0
2020-04-03,-0.019555804701417,-0.014540846884264,-0.0183410158034006,0.0
2020-04-06,0.0645552805605272,0.0649920648287992,0.0640604850201576,0.0
2020-04-07,-0.0077499435230906,0.0010176874949699,-0.0062058147678478,0.0
2020-04-08,0.0334730438052338,0.0330155434238411,0.0330348700595902,0.0
2020-04-09,0.0117362849047467,0.0151195426070068,0.011094334272331,0.0
2020-04-13,-0.0112240792168305,-0.0091538276730104,-0.0102488700431017,0.0
2020-04-14,0.0299331799898109,0.0290400832188616,0.0281434798194317,0.0
2020-04-15,-0.0202743127744266,-0.0214772840349119,-0.0201684676984534,0.0
2020-04-16,0.0036357191873805,0.004804162507962,0.001482431179571,0.0
2020-04-17,0.023244815571667,0.0266580758908401,0.0266704795674141,0.0
2020-04-20,-0.0144880673437082,-0.0177694705119752,-0.0159353171914795,0.0
2020-04-21,-0.0294457313706458,-0.0308099677057761,-0.0284938413867499,0.0
2020-04-22,0.0187783778756442,0.0219213623269113,0.0206383382920225,0.0
2020-04-23,0.003111626687164,-3.865107740351249e-05,0.0036844693702384,0.0
2020-04-24,0.0138950611429613,0.013818736707596,0.0123118795976661,0.0
2020-04-27,0.0150354082154983,0.0143070454472508,0.014190103922555,0.0
2020-04-28,-0.0102405230093061,-0.0045952847446527,-0.0085301991000814,0.0
2020-04-29,0.0186119317237953,0.0258263995598984,0.0197474220759466,0.0
2020-04-30,-0.0105448743522598,-0.0093515623563934,-0.0106097759494261,0.0
2020-05-01,-0.0259991669903834,-0.026834871423954,-0.0261908315968862,0.0
2020-05-04,0.0004828934341744,0.0027807952704161,0.0017150813741915,0.0
2020-05-05,0.0080648726476224,0.0092012993219008,0.0072505685118407,0.0
2020-05-06,-0.0055309542372693,-0.0068076356854135,-0.0061386506454627,0.0
2020-05-07,0.0029557228392506,0.0119956172464705,0.0049579414462161,0.0
2020-05-08,0.0164907399174379,0.016400821332704,0.0168373178654841,0.0
2020-05-11,-0.0013673482976619,0.000221296058145,-0.0015980881319268,0.0
2020-05-12,-0.018407965447352,-0.0201530353407076,-0.0185492510341426,0.0
2020-05-13,-0.0169985198913026,-0.0178440573654959,-0.0167371564860306,0.0
2020-05-14,0.014044093775039,0.0119187291391559,0.0136074691957376,0.0
2020-05-15,0.0030072855685542,0.0045697532173873,0.0030544669006391,0.0
2020-05-18,0.0322657003901496,0.0299914844187354,0.032163353534606,0.0
2020-05-19,-0.0123800157764461,-0.0103285059834806,-0.0125325294855757,0.0
2020-05-20,0.0146087981749127,0.0168526849030268,0.0153218136488966,0.0
2020-05-21,-0.0057999097389783,-0.0069264977443499,-0.006592934510673,0.0
2020-05-22,0.000830123226475,0.0019004464458256,0.0007980606638802,0.0
2020-05-26,0.0139224254639768,0.0122656398573678,0.0147215786399991,0.0
2020-05-27,0.0174010645097988,0.0147503748388372,0.0165883843941454,0.0
2020-05-28,0.0002133355384964,-0.0018497444090329,-0.0011170076152575,0.0
2020-05-29,0.00410584853133,0.004440741262181,0.0043668847482306,0.0
2020-06-01,0.0022423999527545,0.0040328341059003,0.0017451476560839,0.0
2020-06-02,0.0090466582827668,0.0082623305573136,0.008996857284881,0.0
2020-06-03,0.0153138717210348,0.0132175837319539,0.0160343109799281,0.0
2020-06-04,-0.0033134839904629,-0.0026295773231246,-0.0035843384064203,0.0
2020-06-05,0.0255011636923018,0.025314343455007,0.0250387306797129,0.0
2020-06-08,0.0118545679363439,0.01202042475997,0.0108570664269424,0.0
2020-06-09,-0.0078783406465617,-0.0075042228201587,-0.0067786887247686,0.0
2020-06-10,-0.0055993212800658,-0.0055977215801777,-0.0070676224670373,0.0
2020-06-11,-0.0610827529389678,-0.0593847746213601,-0.0615808586798837,0.0
2020-06-12,0.0133275246669167,0.011914245234756,0.0139110717189792,0.0
2020-06-15,0.0065785692114588,0.0092826926152297,0.0061544455109239,0.0
2020-06-16,0.0222769529320345,0.0190694065776867,0.0220535670634427,0.0
2020-06-17,-0.0030712965084013,-0.0041447973125655,-0.0037831424741368,0.0
2020-06-18,0.0009041826153176,0.0003806557706658,0.0004274733995835,0.0
2020-06-19,-0.0057004049646474,-0.0057251071522515,-0.0068236794105256,0.0
2020-06-22,0.0052705407753155,0.0063822623855856,0.0058257260616449,0.0
2020-06-23,0.0042018992759139,0.0045880343344684,0.0036438669842195,0.0
2020-06-24,-0.0241162260729065,-0.0258342035547635,-0.0244178837906245,0.0
2020-06-25,0.0149265450936204,0.0106795085122378,0.0144623702692238,0.0
2020-06-26,-0.027541322563528,-0.0240481211791841,-0.029645274566534,0.0
2020-06-29,0.0152122720456105,0.0146039868776753,0.0153338692087253,0.0
2020-06-30,0.0152710353685257,0.0127233976622715,0.0149326099540817,0.0
2020-07-01,0.0049155359154607,0.0069761671208691,0.0046463759498735,0.0
2020-07-02,0.0069397892415466,0.00548419068764,0.0058885460753015,0.0
2020-07-06,0.018635659415978,0.0153263628434532,0.0187994663201869,0.0
2020-07-07,-0.0104547520222997,-0.0103853700847107,-0.0112416860626441,0.0
2020-07-08,0.0079830464915918,0.0076377894481173,0.0078956774264945,0.0
2020-07-09,-0.0068324842857183,-0.0057228661437695,-0.0067365299538407,0.0
2020-07-10,0.0150495917254277,0.0101627236345057,0.01537410022993,0.0
2020-07-13,-0.0066983268278441,-0.0086948209352331,-0.0068939809640781,0.0
2020-07-14,0.0166666988963953,0.012879351051645,0.0160842188728671,0.0
2020-07-15,0.008834047548002,0.0091514642339091,0.0089417215295008,0.0
2020-07-16,0.0005750263457679,-0.0033089924405564,-0.0008779134860848,0.0
2020-07-17,0.0041724766801393,0.0029084851259445,0.0023262117479132,0.0
2020-07-20,0.0071873863431601,0.0080460586351573,0.005766553357177,0.0
2020-07-21,0.0010740823884801,0.002117103007101,0.003594885547705,0.0
2020-07-22,0.0042086760726351,0.0056676044685437,0.0052012124289758,0.0
2020-07-23,-0.0101214599978402,-0.0119991523138302,-0.0086631658782816,0.0
2020-07-24,-0.0050115124590271,-0.0064722985664802,-0.0049824065986173,0.0
2020-07-27,0.0103522105745218,0.0072700913821219,0.0075053132887875,0.0
2020-07-28,-0.0065988946257392,-0.006366794286527,-0.005559269707404,0.0
2020-07-29,0.0100725943910845,0.0122309421562608,0.0087044519595076,0.0
2020-07-30,-0.0092461091464778,-0.0035740325290673,-0.009845406771222,0.0
2020-07-31,0.0045292317018774,0.0078921274133353,0.0003913300757209,0.0
2020-08-03,0.0051063385694107,0.0069161329157795,0.0054755967923507,0.0
2020-08-04,0.0042286947785896,0.003847036335873,0.005386614204623,0.0
2020-08-05,0.0086643173003678,0.0061957865868128,0.0099796978664223,0.0
2020-08-06,0.0061621166709049,0.0066717408613155,0.0056444698374466,0.0
2020-08-07,0.0014763236622825,0.000706464176327,0.0020465189258336,0.0
2020-08-10,0.0029164685750132,0.0029809147512011,0.0027458600471788,0.0
2020-08-11,-0.0045783992585775,-0.0082916016884388,-0.0039955607469304,0.0
2020-08-12,0.0134996967879575,0.0138450437665123,0.0129036740704898,0.0
2020-08-13,-0.001113284657632,-0.0017839512870434,-0.0040095378081601,0.0
2020-08-14,-0.0009264585994523,3.1884196600604945e-05,-0.0008082608914043,0.0
2020-08-17,0.0030798729300302,0.0031515139013263,0.0022345595315744,0.0
2020-08-18,0.0040685156777159,0.0021589366102287,0.002562859376727,0.0
2020-08-19,-0.002663661272437,-0.0041632959660229,-0.0027660080208763,0.0
2020-08-20,0.0038955305482149,0.0031161588381812,0.0031060880753729,0.0
2020-08-21,0.0036891532552078,0.0035178384163549,0.0025741577997885,0.0
2020-08-24,0.0110469852579655,0.0101041165579467,0.0100791348998995,0.0
2020-08-25,0.003718888580799,0.0034703259726822,0.0029519616697896,0.0
2020-08-26,0.0153981542773779,0.0099994622396208,0.0113496174429841,0.0
2020-08-27,0.0018751143920874,0.0021606280397501,0.0013506530534078,0.0
2020-08-28,0.0054482570360079,0.0064540146582407,0.0066228631145813,0.0
2020-08-31,-0.0029702943565182,-0.0036214132384157,-0.0045108398636389,0.0
2020-09-01,0.0060463667524819,0.0093641665962096,0.005928883702809,0.0
2020-09-02,0.0154534644531585,0.0143643699413005,0.0164564681874778,0.0
2020-09-03,-0.0322568110727286,-0.0350141166253136,-0.0305914471466255,0.0
2020-09-04,-0.0082477938413213,-0.0082114828295176,-0.0070767194638381,0.0
2020-09-08,-0.0263647709236235,-0.0276863988391085,-0.0211531300465256,0.0
2020-09-09,0.021618935183469,0.0195333671342482,0.0184797414073122,0.0
2020-09-10,-0.0148948630929555,-0.0175048709061976,-0.0135561089476643,0.0
2020-09-11,0.0047912326746974,0.000514519096793,0.0062748212253778,0.0
2020-09-14,0.0122327534677327,0.0130633135728705,0.0108859170718545,0.0
2020-09-15,0.0057046257119844,0.0050642635296803,0.0066600249438773,0.0
2020-09-16,-0.0042041675028938,-0.0039859595337896,-0.0032281740055905,0.0
2020-09-17,-0.0060971705285544,-0.0088510240659946,-0.0069964777134861,0.0
2020-09-18,-0.0082748192332985,-0.0115794153257248,-0.0076469591590236,0.0
2020-09-21,-0.0134241640941196,-0.0111914760383803,-0.0141989058674757,0.0
2020-09-22,0.0065464387624413,0.0101556761140901,0.0078180898496822,0.0
2020-09-23,-0.0247221633286158,-0.0234611022812415,-0.0206245588973264,0.0
2020-09-24,-0.000104054592252,0.0026488327519842,0.0001272146856938,0.0
2020-09-25,0.0125865482037521,0.0160402304128533,0.011073012871705,0.0
2020-09-28,0.0157782004133197,0.0164594175991154,0.0142159886801335,0.0
2020-09-29,-0.0044852059583915,-0.0054564264275948,-0.003979401282715,0.0
2020-09-30,0.0089091032018075,0.0075668064395973,0.0083047326785807,0.0
2020-10-01,0.0013040495573576,0.0063997671266291,0.0005801133031319,0.0
2020-10-02,-0.0093842326378521,-0.00953496708421,-0.0091178127146617,0.0
2020-10-05,0.0178242182594826,0.017564091931587,0.0174182747317807,0.0
2020-10-06,-0.0134410565060217,-0.0143011331824304,-0.0136658594462976,0.0
2020-10-07,0.018522349545838,0.0172562738158159,0.0181092053313766,0.0
2020-10-08,0.0095522734380078,0.0088133832977209,0.0093539788315209,0.0
2020-10-09,0.0075581983844304,0.008890599582946,0.0081532831210697,0.0
2020-10-12,0.0135622154345563,0.0159401273222829,0.0138884991146725,0.0
2020-10-13,-0.0071216242157321,-0.0065472164689636,-0.0079190222530786,0.0
2020-10-14,-0.00548355916631,-0.0062828715495707,-0.0056880800080757,0.0
2020-10-15,-0.0035039176652736,-0.001230542209052,-0.0033291655498172,0.0
2020-10-16,0.003390570064869,-0.0006158394085507,0.0028156683678663,0.0
2020-10-19,-0.01608244954511,-0.0153328681248805,-0.0165510818930769,0.0
2020-10-20,0.0037187368357298,0.0039955103721974,0.0051007201312763,0.0
2020-10-21,-0.0070680323763397,-0.0018709079358117,-0.0060179834962949,0.0
2020-10-22,0.0069128138653588,0.0054470603904472,0.0065041673802721,0.0
2020-10-23,0.001606645403147,0.0034087420673154,0.0016494212295194,0.0
2020-10-26,-0.0180177006670652,-0.018672871279349,-0.0177927013574758,0.0
2020-10-27,-0.0043791544307291,-0.0034414747045761,-0.0048509482911269,0.0
2020-10-28,-0.0372809692469734,-0.0347875155356834,-0.037260750794379,0.0
2020-10-29,0.0133933282079435,0.0101328552898226,0.0141010746181597,0.0
2020-10-30,-0.0106101189581382,-0.0104931389352049,-0.0122942169325258,0.0
2020-11-02,0.0156781808793554,0.0111412691024263,0.0152088541006692,0.0
2020-11-03,0.0186291151865264,0.0175017713780781,0.0183385327885513,0.0
2020-11-04,0.0111391584749447,0.022101390736321,0.0145445929619543,0.0
2020-11-05,0.0229354204496697,0.0193354467223941,0.0207668828904758,0.0
2020-11-06,0.00115301957158,-0.0002443643484578,0.0013833622389112,0.0
2020-11-09,0.0103630929208872,0.0125077526176601,0.0112233041751281,0.0
2020-11-10,0.0004271720165364,-0.0014794018669716,0.0013126622581146,0.0
2020-11-11,0.0076084064301599,0.007405211443729,0.0074168926868063,0.0
2020-11-12,-0.0092752165905495,-0.0097647019206716,-0.0097655355560317,0.0
2020-11-13,0.0098041275283083,0.0137754825142359,0.0101085611880666,0.0
2020-11-16,0.0107099308715332,0.0123793716995061,0.010765263718256,0.0
2020-11-17,-0.0027206225269619,-0.0053841505093468,-0.0024166369609103,0.0
2020-11-18,-0.0134462355729298,-0.012116296125754,-0.0139954201912504,0.0
2020-11-19,0.0057759470278238,0.004224535517465,0.0049002438416729,0.0
2020-11-20,-0.0064284219580362,-0.006870198776737,-0.0062882139098448,0.0
2020-11-23,0.0088333758648165,0.0059728548543554,0.0083879969595066,0.0
2020-11-24,0.0174433040246154,0.0159713660345922,0.0171556141139612,0.0
2020-11-25,-0.0020115458974414,-0.0015326125196314,-0.0005832129021146,0.0
2020-11-27,0.0021399524843746,0.0027687793829578,0.0025350998479312,0.0
2020-11-30,-0.0050990970309837,-0.0044219162908058,-0.0060051948305092,0.0
2020-12-01,0.0073577861836161,0.0108722274523141,0.008405068126811,0.0
2020-12-02,0.0011583463222513,0.0021020064377013,0.0028125741736974,0.0
2020-12-03,-0.0014643361986743,-0.0002625092987116,-0.0010414519815884,0.0
2020-12-04,0.0090929610097867,0.0085687838212428,0.0075121546917275,0.0
2020-12-07,-0.001399400590086,-0.0020556182052797,-0.0006880306281705,0.0
2020-12-08,0.0015081684246062,0.0029229209482846,0.0020296475242107,0.0
2020-12-09,-0.0034629226367706,-0.008998609342542,-0.0029059263650382,0.0
2020-12-10,-0.0012747754928372,-0.0003499664651193,-0.0007644844420567,0.0
2020-12-11,0.0009478000172684,-0.0011674402283236,0.000274223506515,0.0
2020-12-14,-0.0036719733482245,-0.00447807810803,-0.0048103934354888,0.0
2020-12-15,0.0134978997362533,0.0134324072050684,0.0141091448355704,0.0
2020-12-16,-0.0007648872432098,0.0015616869389466,-0.0014169048379973,0.0
2020-12-17,0.0084197938780504,0.0055617335706978,0.0086131227629887,0.0
2020-12-18,-0.00061382228223,-0.0040024816955333,-0.0020004295992521,0.0
2020-12-21,-0.0036015664864712,-0.0035551739158146,-0.0030071078739511,0.0
2020-12-22,-0.0040985576679092,-0.0017098232035661,-0.0043035610880372,0.0
2020-12-23,9.137531412274928e-05,0.000898746164722,0.0003101895540052,0.0
2020-12-24,0.0030847247883761,0.0039045038107301,0.0028332832563898,0.0
2020-12-28,0.0082707772772032,0.008536619680848,0.0086929583042245,0.0
2020-12-29,-0.0026158691700186,-0.0018907388106084,-0.0023217517593911,0.0
2020-12-30,0.0015364135622747,0.0014040720389116,0.0007209625532279,0.0
2020-12-31,0.0072940430073749,0.0050839821602632,0.0069620689341776,0.0
2021-01-04,-0.014228167720233,-0.0137114189880994,-0.0146930823841658,0.0
2021-01-05,0.0059027764848667,0.0068505247473214,0.0055777683346619,0.0
2021-01-06,0.0082701800388283,0.0059773382983876,0.0070225057525436,0.0
2021-01-07,0.0130777458747667,0.0147467327555548,0.0128589781111117,0.0
2021-01-08,0.004899594471073,0.0056874846875751,0.005303349567974,0.0
2021-01-11,-0.0061444136350642,-0.0067838681379971,-0.0061591502291127,0.0
2021-01-12,-0.0019720976269208,0.0002249971884845,-0.0017609204316759,0.0
2021-01-13,0.0033228172646056,0.0026960249985508,0.0034424190557438,0.0
2021-01-14,-0.0051250012434013,-0.0035118807780049,-0.005188592422689,0.0
2021-01-15,-0.0081447056531326,-0.0073161068106132,-0.0078072591267003,0.0
2021-01-19,0.006702819745502,0.0078225784027565,0.0063021472718977,0.0
2021-01-20,0.014728329159001,0.013717406281744,0.0152871411078688,0.0
2021-01-21,0.0026132115606084,0.0009152303275008,0.0022153651365125,0.0
2021-01-22,-0.0080107262658751,-0.0035268507377951,-0.0063984305600591,0.0
2021-01-25,0.0035110242210392,0.0039148773502025,0.003015254791699,0.0
2021-01-26,0.0005557833899134,-0.0015530106562928,0.0011015875871079,0.0
2021-01-27,-0.0309924407288774,-0.0247550607670785,-0.0308318273064643,0.0
2021-01-28,0.013068701859326,0.0085832573749974,0.0123610968803765,0.0
2021-01-29,-0.0198703077351208,-0.0202297627613208,-0.0199615341430163,0.0
2021-02-01,0.012555910074269,0.016499575035397,0.0125900480806263,0.0
2021-02-02,0.0158092204125533,0.0140566257017366,0.0161442085608783,0.0
2021-02-03,-0.0005588812728734,0.000781359046311,-0.0001604109365974,0.0
2021-02-04,0.0114840881959786,0.0112892121918007,0.0126674767062102,0.0
2021-02-05,0.0041681412313629,0.0039364168922497,0.0038718454812649,0.0
2021-02-08,0.0068327485627161,0.0071994945593273,0.0066562420469085,0.0
2021-02-09,-0.0012143360332295,-0.0006548431339055,-0.0012215608778698,0.0
2021-02-10,-0.0024992271088907,-0.0004368004437452,-0.0027234353833563,0.0
2021-02-11,0.0016452525702754,0.0016097571106405,0.0010723149425935,0.0
2021-02-12,0.002505137098873,0.0049223002992683,0.0026721779603348,0.0
2021-02-16,-0.0006356407942985,-0.000868479672457,-0.0005020177210007,0.0
2021-02-17,0.0014123204025691,0.0002171906399371,0.0005027705322798,0.0
2021-02-18,-0.0045175968789267,-0.0042437495680702,-0.0044489746599343,0.0
2021-02-19,-0.0033783412482116,-0.0017735580850534,-0.0032463197481768,0.0
2021-02-22,-0.0076112985251065,-0.007731149375188,-0.0070160954294103,0.0
2021-02-23,0.0014312622150489,0.0012102210130189,0.0005642458720461,0.0
2021-02-24,0.0088400759293715,0.0109625340945569,0.0086854408714722,0.0
2021-02-25,-0.0212538258706232,-0.0243840685690903,-0.0214284237297458,0.0
2021-02-26,-0.0031012144706373,-0.0051673927532323,-0.0030167312218546,0.0
2021-03-01,0.0216094434717653,0.0239621890523356,0.0220836030710023,0.0
2021-03-02,-0.0064366889703978,-0.0078502818613731,-0.006424981587306,0.0
2021-03-03,-0.0132127118157399,-0.0133154065849577,-0.013172619345516,0.0
2021-03-04,-0.0131183564037517,-0.0124766279719037,-0.0129662592032616,0.0
2021-03-05,0.0172376531200128,0.0182406536764232,0.0168164147679296,0.0
2021-03-08,-0.0027982478300368,-0.0049824049182785,-0.00394897934783,0.0
2021-03-09,0.0155275060962408,0.0141583025870026,0.0150201608300623,0.0
2021-03-10,0.0094010849107552,0.0062257650730873,0.0094448187888741,0.0
2021-03-11,0.0099596015754032,0.0100653733344228,0.0102732044548831,0.0
2021-03-12,0.0015091390208124,0.0013524481369033,0.0017092499693069,0.0
2021-03-15,0.0063519302498789,0.0059560079587396,0.0063582007176913,0.0
2021-03-16,0.0016686925492285,-0.0012636958057305,0.0016261768252737,0.0
2021-03-17,9.26383004282451e-05,0.0034110017628778,5.250431934778011e-05,0.0
2021-03-18,-0.0113515214177184,-0.014666227313258,-0.0112413451461353,0.0
2021-03-19,-0.001049988160245,-0.0018519028141855,-0.0014816891070603,0.0
2021-03-22,0.0090022950844619,0.0079551890422034,0.0088804703715773,0.0
2021-03-23,-0.0059795615046373,-0.0079006723328184,-0.0062958740259229,0.0
2021-03-24,-0.0054581427308181,-0.0051102082868966,-0.0054991194371396,0.0
2021-03-25,0.005754266538007,0.0056279688478344,0.0061817677045006,0.0
2021-03-26,0.0165779585762615,0.0159726650244841,0.0161114204646338,0.0
2021-03-29,-0.0008665552798427,-0.0005095541511527,-0.0003219751030293,0.0
2021-03-30,-0.0044175736769299,-0.0026323580163137,-0.00434533291886,0.0
2021-03-31,0.002535328047741,0.0040263106331944,0.002453131506247,0.0
2021-04-01,0.0096566189950724,0.0107377502131996,0.0099043373873985,0.0
2021-04-05,0.016286960382584,0.0142618984040555,0.0158564274623575,0.0
2021-04-06,-0.0002345454983486,-0.0006010950564512,-0.0005917193488217,0.0
2021-04-07,0.0025378278461237,0.001175717649706,0.0025954989658701,0.0
2021-04-08,0.004487860352296,0.0047150852577785,0.0049385537225178,0.0
2021-04-09,0.0097922750129102,0.0072505367092767,0.010979078268719,0.0
2021-04-12,-0.0014795190122639,0.0003611505263038,-0.0011596152145415,0.0
2021-04-13,0.0015214478099892,0.0029616679086769,0.0022794428505588,0.0
2021-04-14,-0.0038019417113003,-0.0034260282606478,-0.0047496680366596,0.0
2021-04-15,0.0111114051160335,0.0107027008156204,0.0106050086420811,0.0
2021-04-16,0.0051606576465298,0.0033387310715641,0.0056531057530751,0.0
2021-04-19,-0.006234443044005,-0.0049227886332503,-0.0061210541871406,0.0
2021-04-20,-0.008794332560046,-0.0073655232834252,-0.0078804596628017,0.0
2021-04-21,0.0088409602064496,0.0094345159626404,0.0092974122722278,0.0
2021-04-22,-0.0099981508585056,-0.0091769632272944,-0.0102620790208248,0.0
2021-04-23,0.0104636884733407,0.0107832254443287,0.0091387269265422,0.0
2021-04-26,0.0007496986728874,0.0020868333526315,0.0003142945517121,0.0
2021-04-27,0.0002718500498538,-0.0002288300438407,0.0008737207867545,0.0
2021-04-28,-0.0015393100081104,-0.0002797522938859,-0.0014718947971875,0.0
2021-04-29,0.009230872616583,0.0063387636176773,0.0093414673939225,0.0
2021-04-30,-0.0074138063635648,-0.0065931518154367,-0.0068734123299377,0.0
2021-05-03,0.0013156367387193,0.0021602397370945,0.001530015659879,0.0
2021-05-04,-0.0057302766175808,-0.0061881858345949,-0.0053621710736012,0.0
2021-05-05,-0.0003108114261989,0.0003064899265427,-0.0008058339736239,0.0
2021-05-06,0.0127429092555742,0.0079612787122385,0.012536195588598,0.0
2021-05-07,0.0046809987041731,0.0072446707796503,0.0047291371476942,0.0
2021-05-10,-0.0099201016433982,-0.0099337309758558,-0.0098268163179439,0.0
2021-05-11,-0.0083324451474493,-0.0089819435180546,-0.0081836516731101,0.0
2021-05-12,-0.0235488137869376,-0.0214777877323933,-0.0235261650218718,0.0
2021-05-13,0.0127952762741836,0.0119487553149157,0.0131649880786052,0.0
2021-05-14,0.0139418247137712,0.0152541413433738,0.0137995059463465,0.0
2021-05-17,-0.0039601196007633,-0.0025518029566231,-0.0043050473743628,0.0
2021-05-18,-0.0086195114491473,-0.0086478425490329,-0.0085703589420775,0.0
2021-05-19,-0.0024192440567973,-0.0026322595843796,-0.0024340740063586,0.0
2021-05-20,0.0094218497174112,0.0106922652284426,0.0090929784941121,0.0
2021-05-21,-0.001090799078741,-0.0008184352997833,-0.0011949255214953,0.0
2021-05-24,0.0101136861133477,0.0101572820062154,0.0100338654334179,0.0
2021-05-25,4.266153329382958e-05,-0.0022313513999731,-0.0004480111774349,0.0
2021-05-26,0.0014183916584475,0.0019780393434981,0.001400834853468,0.0
2021-05-27,0.002559423608003,0.0005318812257345,0.0026565338751368,0.0
2021-05-28,0.0019458873251224,0.0017708970424452,0.0017455734426545,0.0
2021-06-01,-0.0031727184050069,-0.0008597583091679,-0.002251022801158,0.0
2021-06-02,-1.6831288184854054e-05,0.001567239956789,-0.0001504004985154,0.0
2021-06-03,-0.0046524016137128,-0.0037198752327194,-0.0050257549134084,0.0
2021-06-04,0.0090993670990118,0.0091105880704588,0.0087445577668062,0.0
2021-06-07,-0.0014585974174259,-0.000980256704652,-0.0016829783552351,0.0
2021-06-08,-0.0008112554166072,0.0002011566514199,-9.89858080916576e-05,0.0
2021-06-09,-0.0020942439775385,-0.0014844824022141,-0.001989534129218,0.0
2021-06-10,0.0035105893098438,0.0046473738107225,0.0038289124163708,0.0
2021-06-11,0.0017441493683462,0.0016527687632796,0.0014183135035511,0.0
2021-06-14,0.0012899024037341,0.0022244170079826,0.0012440078719406,0.0
2021-06-15,-0.004158936798019,-0.0018241568335291,-0.004094557125001,0.0
2021-06-16,-0.0052131372821467,-0.0056182741212214,-0.0048537352018681,0.0
2021-06-17,-6.515666517971078e-05,-0.0003270316872536,0.0001843689075708,0.0
2021-06-18,-0.0129779317979593,-0.0135777347440967,-0.0126344789402373,0.0
2021-06-21,0.0128271548858578,0.01420654693862,0.0122991177392831,0.0
2021-06-22,0.0052045570491025,0.0053415045562403,0.0052063361975913,0.0
2021-06-23,-0.0009480856168083,-0.0012012314064872,-0.0020212379580164,0.0
2021-06-24,0.0072990283265093,0.0058922098916345,0.0066415818584959,0.0
2021-06-25,0.0058153895247106,0.003553460905081,0.0042092032591471,0.0
2021-06-28,0.0028653125766174,0.0020072117656041,0.0026767970324485,0.0
2021-06-29,0.0017761442962445,0.0005444736064815,0.0018856177913178,0.0
2021-06-30,0.0032750530509797,0.0008408765396294,0.0031750751391359,0.0
2021-07-01,0.004514666520974,0.0055222880273186,0.0051037210846292,0.0
2021-07-02,0.0051533944711923,0.0076168918726656,0.0062727716739458,0.0
2021-07-06,-0.0020174536218944,-0.0018315694339607,-0.0017581798232162,0.0
2021-07-07,0.0027568060886685,0.0035380128894194,0.003706908882274,0.0
2021-07-08,-0.0069979096834463,-0.0081930585357223,-0.0074864736753649,0.0
2021-07-09,0.0112770470726588,0.0106257946160601,0.0115288574990774,0.0
2021-07-12,0.0044000181665673,0.0035654120405041,0.0043371712283121,0.0
2021-07-13,-0.0032655910574659,-0.0034196359037993,-0.0029506526992903,0.0
2021-07-14,7.875614722103253e-05,0.0015051103756547,0.0011368704034913,0.0
2021-07-15,-0.0016095489877685,-0.0034262003944124,-0.0010222603228424,0.0
2021-07-16,-0.008429409370936,-0.0078686687212144,-0.0088554874811766,0.0
2021-07-19,-0.0154038345879538,-0.0148791672352489,-0.0161448438375179,0.0
2021-07-20,0.0144539607029277,0.0142165498725176,0.0153525952314617,0.0
2021-07-21,0.0090147624594433,0.008068700710437,0.0088744196544273,0.0
2021-07-22,0.0034303522980078,0.0020921018650767,0.0033199548144614,0.0
2021-07-23,0.0091679671846285,0.0102269909659575,0.0077965124632785,0.0
2021-07-26,0.0031826095438768,0.0024505105478212,0.0037457236861954,0.0
2021-07-27,-0.005611233033249,-0.004569512520609,-0.0053751699842015,0.0
2021-07-28,-0.0012726207792535,-0.0004098706553829,-0.0015839972312548,0.0
2021-07-29,0.0052340348855105,0.0041391982859024,0.005444413038453,0.0
2021-07-30,-0.0050886920441842,-0.0048629095084772,-0.0063596700737226,0.0
2021-08-02,-0.0007746240307966,-0.0021017292641576,-0.0013066775840885,0.0
2021-08-03,0.0091914096794906,0.0081167126327802,0.0092440162687177,0.0
2021-08-04,-0.0038271041431066,-0.0049296128492703,-0.0039327501038498,0.0
2021-08-05,0.0061569432376259,0.0062959788883205,0.0062925263455177,0.0
2021-08-06,0.0028313533043421,0.0016515280384729,0.0023890255380991,0.0
2021-08-09,-0.0004828696411901,-0.000813455556017,-0.0002607056396303,0.0
2021-08-10,0.0026269755245766,0.0012438407574098,0.0031681973521338,0.0
2021-08-11,0.0037293420495764,0.002483049695221,0.0036467401950059,0.0
2021-08-12,0.0045043832649215,0.0030000736804359,0.0042343033965756,0.0
2021-08-13,0.0008974117377536,0.001805226143452,0.0009208743682448,0.0
2021-08-16,0.0024100273163612,0.0023703433872441,0.0031778193011278,0.0
2021-08-17,-0.0084545462816747,-0.0065796743269059,-0.0084485992744961,0.0
2021-08-18,-0.0107086732094524,-0.010998996618774,-0.0113190736840125,0.0
2021-08-19,0.0004990186838944,0.0015409065503789,0.0002819274707338,0.0
2021-08-20,0.007257190198258,0.0079316999225305,0.0073100846347624,0.0
2021-08-23,0.0090351946990139,0.0087450950614788,0.0092171962602612,0.0
2021-08-24,0.0019646715103965,0.001583980850587,0.0018042276205658,0.0
2021-08-25,0.0023279636053688,0.002100221413151,0.0019191538960521,0.0
2021-08-26,-0.0031534785841055,-0.0059107416268905,-0.0034931345266491,0.0
2021-08-27,0.0072406769038776,0.0089000693716801,0.0070447935683856,0.0
2021-08-30,0.0044330638647755,0.0043854062285629,0.0053425617046824,0.0
2021-08-31,-0.0012419364929301,-0.0014987240235954,-0.0013550441577397,0.0
2021-09-01,-0.0005308806319469,0.0005388625445216,-0.0012317610436478,0.0
2021-09-02,0.0032557286518489,0.0030636490712759,0.0035376243989198,0.0
2021-09-03,0.0006885117119295,-0.0002335357320283,0.000631849630706,0.0
2021-09-07,-0.004315291439598,-0.0035799142085293,-0.0039130838446383,0.0
2021-09-08,-0.0027042436614181,-0.0012196267578052,-0.0022440553583418,0.0
2021-09-09,-0.0046772245579081,-0.0042804458685969,-0.005159330593773,0.0
2021-09-10,-0.0061577332438859,-0.0079270655632551,-0.0068170180087229,0.0
2021-09-13,0.0037384438553549,0.0025624613637001,0.003582845890583,0.0
2021-09-14,-0.0069564851853356,-0.00541736302441,-0.0085131956027633,0.0
2021-09-15,0.006651813405466,0.0083277466226566,0.0076529251336981,0.0
2021-09-16,-0.0025829092683635,-0.0015842804888534,-0.0020064844977076,0.0
2021-09-17,-0.0059565787765847,-0.0097977050682243,-0.0066941600703816,0.0
2021-09-20,-0.0179956644952594,-0.0168212950291054,-0.0182680252434352,0.0
2021-09-21,-0.0013907051564866,-0.0009482706929052,-0.001397142653412,0.0
2021-09-22,0.0093915779964774,0.0097075214313549,0.009608986944277,0.0
2021-09-23,0.0139411815953296,0.0120926248793069,0.0135146500260847,0.0
2021-09-24,0.0010885009205212,0.0016409625904219,0.0013720004298779,0.0
2021-09-27,-0.0010740851657453,-0.0028555810280897,-0.0010230465932336,0.0
2021-09-28,-0.0199495123977404,-0.0203666163488605,-0.0202198710786298,0.0
2021-09-29,0.0016236872549045,0.0016767314961961,0.0016634612631888,0.0
2021-09-30,-0.0120028248459497,-0.0122880780092384,-0.0127008411472723,0.0
2021-10-01,0.0115812829128233,0.0118023581628909,0.0130720030098982,0.0
2021-10-04,-0.0128909091348972,-0.0129829087316406,-0.0129093917014264,0.0
2021-10-05,0.0113163115007678,0.0103559369932474,0.0112651217762832,0.0
2021-10-06,0.0043812637262986,0.0041561910424088,0.0044638163850173,0.0
2021-10-07,0.0090643362125853,0.0085976330798264,0.008789430963832,0.0
2021-10-08,-0.0007251552533574,-0.0018292541264692,-8.857860112971217e-05,0.0
2021-10-11,-0.0081681767959101,-0.007253592092744,-0.0081399198892314,0.0
2021-10-12,-0.0038119899866074,-0.0024782557997201,-0.0043388232026573,0.0
2021-10-13,0.0040253665531302,0.0035938942545892,0.0028238518196782,0.0
2021-10-14,0.015942207188323,0.0166822771705168,0.0168324204558435,0.0
2021-10-15,0.0106641942083669,0.0075993621317687,0.0103829432278475,0.0
2021-10-18,0.0038300369929179,0.0029528859319533,0.0031580110231111,0.0
2021-10-19,0.0074759344981104,0.0076837598271258,0.0075613746823437,0.0
2021-10-20,0.0021806382997373,0.0039247801811597,0.0026052648052628,0.0
2021-10-21,0.000434182204336,0.0026079884382728,0.0004114111487279,0.0
2021-10-22,-0.0021237960299617,-0.0010470352411335,-0.0022786204882548,0.0
2021-10-25,0.0060644920856125,0.0053400326566697,0.0054679037605356,0.0
2021-10-26,0.0043803495733262,0.0009026629167143,0.0039369530845829,0.0
2021-10-27,-0.0016425612978579,-0.0044285306380949,-0.0011097139184874,0.0
2021-10-28,0.0085750908554594,0.0095973355555696,0.0095186531975351,0.0
2021-10-29,0.0002086384951957,0.0020233147867752,0.0012327114312826,0.0
2021-11-01,0.0026833138740498,0.001721190570531,0.0017395354940359,0.0
2021-11-02,0.005319249101632,0.0040274653981754,0.0047901897248101,0.0
2021-11-03,0.0053734312106775,0.0061017447178695,0.0046060929032324,0.0
2021-11-04,0.0041500609911814,0.0046875616580384,0.0033050402772152,0.0
2021-11-05,0.0040274985191884,0.0034731654218967,0.0041668216991593,0.0
2021-11-08,0.0012751880758809,0.0008551625329866,0.0012460303130752,0.0
2021-11-09,-0.0033809066632805,-0.0033121939184159,-0.004538700785628,0.0
2021-11-10,-0.0081606632573416,-0.0080898706537936,-0.0069192949333386,0.0
2021-11-11,-0.0018198879641888,0.0003412309370326,-0.0011278419377073,0.0
2021-11-12,0.0064946352972432,0.0075003467297623,0.0060334912526205,0.0
2021-11-15,-0.0001517822271404,0.0003611330588847,-0.0004788670123886,0.0
2021-11-16,0.0033195309348072,0.0039414021586904,0.0036031198094468,0.0
2021-11-17,-0.0028496527907864,-0.0024305723808149,-0.0033180739588029,0.0
2021-11-18,0.00187299533258,0.0033966583477299,0.0030302507264738,0.0
2021-11-19,-0.0042359982895789,-0.0017981169574707,-0.0037977581030182,0.0
2021-11-22,-0.0007096156303933,-0.0028160465572251,5.362490597676351e-05,0.0
2021-11-23,0.0028880012419476,0.0013301621828007,0.003763606111207,0.0
2021-11-24,0.0023281587901456,0.0026550281099105,0.00311893190064,0.0
2021-11-26,-0.0218370984124068,-0.0225428229394669,-0.0230768611582753,0.0
2021-11-29,0.012889644521126,0.0121753545606184,0.0110297634020734,0.0
2021-11-30,-0.0183288367075575,-0.019649610214498,-0.0162124953808613,0.0
2021-12-01,-0.0106112962672636,-0.0111532677207907,-0.0089902824872509,0.0
2021-12-02,0.0135211664277951,0.0151972252128431,0.0126904692923804,0.0
2021-12-03,-0.0070999671536594,-0.0087555281023786,-0.0064851761854627,0.0
2021-12-06,0.0119718556459625,0.0117950441202754,0.0124805710838783,0.0
2021-12-07,0.0182534707655161,0.0204588018044508,0.0186217979446906,0.0
2021-12-08,0.0009850395558367,0.0026545502855197,0.0012302241309299,0.0
2021-12-09,-0.0041729134051226,-0.0067853417986143,-0.0030994003490889,0.0
2021-12-10,0.011339757554808,0.0093656409741596,0.0108347271538369,0.0
2021-12-13,-0.0095768903451937,-0.0088907480988039,-0.0092683872779855,0.0
2021-12-14,-0.0056515786605632,-0.0068967355198179,-0.0045039389862802,0.0
2021-12-15,0.0154008436244694,0.0154961311809666,0.0154421383797259,0.0
2021-12-16,-0.0051904629821134,-0.008848120945356,-0.003655381179441,0.0
2021-12-17,-0.0118997123177378,-0.0107084200297624,-0.0121221203925985,0.0
2021-12-20,-0.0116655331039364,-0.0106857036901355,-0.0111489908259139,0.0
2021-12-21,0.0167854344312393,0.0176104027805728,0.0169440635582658,0.0
2021-12-22,0.0092841765575228,0.0099384189379602,0.0097473114954937,0.0
2021-12-23,0.007146155730399,0.006206398824939,0.0062035413194728,0.0
2021-12-27,0.0128699896288444,0.0140619346402189,0.0128346889597389,0.0
2021-12-28,-0.0005418313460387,-0.0008152383922007,-0.0005678973622582,0.0
2021-12-29,0.0002242685570128,0.0012776457813425,0.0002612099189836,0.0
2021-12-30,-0.003092241000584,-0.0027776570920917,-0.0029097650637892,0.0
2021-12-31,-0.0023214835755627,-0.0025197838362238,-0.0024330546233522,0.0
2022-01-03,0.0075461758308931,0.0057816384903771,0.0082933606035483,0.0
2022-01-04,0.0009839539125924,-0.0003521204288237,0.0015665084540658,0.0
2022-01-05,-0.0188729500904017,-0.0193805376999673,-0.0180548162858353,0.0
2022-01-06,-0.0043676637080947,-0.0009430150234062,-0.0032502556424595,0.0
2022-01-07,-0.0033450287510051,-0.0039613817586997,-0.0032267127252586,0.0
2022-01-10,-0.0015052740241425,-0.001241156917429,-0.0008645324802621,0.0
2022-01-11,0.007247476709806,0.0090587863084824,0.0068930581416216,0.0
2022-01-12,0.0028269269658507,0.0027039424735989,0.0024290279331759,0.0
2022-01-13,-0.0160665452958407,-0.0138649232971406,-0.0147122413479662,0.0
2022-01-14,-0.0009332033313369,0.0004072213983246,-0.000915939361335,0.0
2022-01-18,-0.019779117803479,-0.0178692325296299,-0.0191284003731026,0.0
2022-01-19,-0.0076635830639639,-0.0104393054983016,-0.0085960633123297,0.0
2022-01-20,-0.0102627673129197,-0.0111374838059804,-0.0101105685384448,0.0
2022-01-21,-0.0187630818891771,-0.0198181564631319,-0.0188883999993527,0.0
2022-01-24,0.003092922557411,0.0042389688793226,0.0016899185063956,0.0
2022-01-25,-0.0117989521583998,-0.0122872050932347,-0.0093962830182883,0.0
2022-01-26,-0.0018694947960871,-0.0025193201474551,-0.000744540358896,0.0
2022-01-27,-0.0057098552944465,-0.0049358801808794,-0.0052018618982152,0.0
2022-01-28,0.0219989265443863,0.024534461224916,0.0237789868153876,0.0
2022-01-31,0.0214187717361908,0.017844357183088,0.0191263379469949,0.0
2022-02-01,0.0101947035208966,0.0067293281311727,0.0091618696078912,0.0
2022-02-02,0.0111060545042741,0.0096766381334668,0.0115797416986809,0.0
2022-02-03,-0.0301519509395169,-0.0237926499467077,-0.0280577968297728,0.0
2022-02-04,0.009629751284267,0.0046962774457831,0.0083227817388451,0.0
2022-02-07,-0.0038038723374319,-0.0032145692122809,-0.0035426760529188,0.0
2022-02-08,0.007441075963324,0.0081919709145881,0.0082935385878256,0.0
2022-02-09,0.012670557260323,0.0145325832496527,0.0123726311764618,0.0
2022-02-10,-0.0175804924255512,-0.0181287854300052,-0.0176470364523059,0.0
2022-02-11,-0.0228177425362741,-0.0199182003432701,-0.0221796591675402,0.0
2022-02-14,-0.0023649506262457,-0.0032748119957642,-0.0023754036492117,0.0
2022-02-15,0.0146803060421098,0.0159851393768735,0.0144289658261212,0.0
2022-02-16,-0.0004702758733251,0.001130395994423,-0.0007869174919325,0.0
2022-02-17,-0.0211710944657368,-0.0216029146692706,-0.0210835706562684,0.0
2022-02-18,-0.0060025158517761,-0.0064906307079371,-0.0062030856047307,0.0
2022-02-22,-0.0113364587726056,-0.0107817100010851,-0.0120415650743919,0.0
2022-02-23,-0.0202657914515576,-0.0178997236702866,-0.0205776865093265,0.0
2022-02-24,0.0164064107615347,0.0149345076224079,0.0145675466387088,0.0
2022-02-25,0.0222963040937981,0.0218236380275944,0.0215878215529404,0.0
2022-02-28,0.0011342201747104,-0.002548568411576,-0.000261280240307,0.0
2022-03-01,-0.0161157783681583,-0.0153559934197532,-0.0160005336530757,0.0
2022-03-02,0.0168932415213206,0.0182166754432166,0.017414772774909,0.0
2022-03-03,-0.0063081919594624,-0.0049814202565491,-0.006053487012754,0.0
2022-03-04,-0.0064444422815713,-0.0081633106391609,-0.0075339292636182,0.0
2022-03-07,-0.0275007066095142,-0.0299222481506117,-0.0298549747434369,0.0
2022-03-08,-0.0070940594606903,-0.0075973296924345,-0.0077186313397202,0.0
2022-03-09,0.0271644354563342,0.0264402838331033,0.0270582185359087,0.0
2022-03-10,-0.0051113223968554,-0.0045107854495242,-0.0055691067485155,0.0
2022-03-11,-0.0125138722244301,-0.0128045906065784,-0.0117715893094617,0.0
2022-03-14,-0.0075468758761448,-0.0073335838631949,-0.0068839819006722,0.0
2022-03-15,0.0234506110692384,0.0217426970983553,0.0230843965570955,0.0
2022-03-16,0.0224316955639578,0.0219317200622949,0.0225740517023813,0.0
2022-03-17,0.0101158243769268,0.0124457561303857,0.0102523389490142,0.0
2022-03-18,0.0105603983537147,0.0109029071793523,0.0109849738151987,0.0
2022-03-21,5.653911777876692e-06,-0.0003064989591241,0.0002896101369039,0.0
2022-03-22,0.0127602949119104,0.0116280379951192,0.0122426808725457,0.0
2022-03-23,-0.013787255721209,-0.0129494161958787,-0.0136069934139876,0.0
2022-03-24,0.0133149075659887,0.0149518850234447,0.0129708399122004,0.0
2022-03-25,0.0052031712553645,0.0048729647418744,0.0051948377147532,0.0
2022-03-28,0.007542408092486,0.0070813494386432,0.0070071284285214,0.0
2022-03-29,0.0093699209550779,0.0123126976679912,0.0093629221168355,0.0
2022-03-30,-0.0050500920800208,-0.0061945085348058,-0.0044817067583859,0.0
2022-03-31,-0.0155927835837194,-0.0155170367121913,-0.0159007246773186,0.0
2022-04-01,0.0024721752245171,0.0028266277711331,0.0026486362860395,0.0
2022-04-04,0.0061811461204625,0.0085240223999621,0.0066085792854204,0.0
2022-04-05,-0.0136098774240489,-0.0126972641054039,-0.0133881221134404,0.0
2022-04-06,-0.0110857577195509,-0.010063947269631,-0.0115238396706368,0.0
2022-04-07,0.0059290783421992,0.0050329588782627,0.0052762102426563,0.0
2022-04-08,-0.0039532588467052,-0.0026654835861398,-0.0041456241431885,0.0
2022-04-11,-0.0163900626479216,-0.0172389562060704,-0.0164892813254694,0.0
2022-04-12,-0.0038931680379317,-0.003722799259498,-0.0038218990398731,0.0
2022-04-13,0.0102710463725225,0.0113871266441476,0.0100470875543925,0.0
2022-04-14,-0.0102141902455467,-0.0125353971879995,-0.0100779964225187,0.0
2022-04-18,0.0005076878940794,0.0004068299626548,0.0004158891235467,0.0
2022-04-19,0.0154746590518726,0.0160212291740604,0.0155098518827697,0.0
2022-04-20,-0.0023054709609975,-0.0007301935337216,-0.0014770752419348,0.0
2022-04-21,-0.0171365598629933,-0.0150757220592007,-0.0164669633596025,0.0
2022-04-22,-0.0288043308644955,-0.0278210058414351,-0.0291274069710487,0.0
2022-04-25,0.0043420351182046,0.0057878763659934,0.0050942029047537,0.0
2022-04-26,-0.0301302848279011,-0.0294062205293402,-0.0294743387204672,0.0
2022-04-27,0.0003650929173797,0.0028166199085747,0.0009504829127852,0.0
2022-04-28,0.0263198950333901,0.024949834715342,0.0262853929575656,0.0
2022-04-29,-0.0379812863339457,-0.0376621380330417,-0.0359900115253747,0.0
2022-05-02,0.0077253037419124,0.0060098315814827,0.0084746630440469,0.0
2022-05-03,0.0032715962619497,0.0045655844923094,0.0031085978491656,0.0
2022-05-04,0.0315636553446983,0.0299972913300087,0.0316545022457454,0.0
2022-05-05,-0.0388040599368052,-0.0361822274235935,-0.038335817138623,0.0
2022-05-06,-0.0062288154671911,-0.0059941254346707,-0.0060668411313778,0.0
2022-05-09,-0.0318836555559948,-0.03254614062243,-0.0310245061104275,0.0
2022-05-10,0.0048391196578938,0.0023132945832942,0.0045871346616372,0.0
2022-05-11,-0.0161006840932093,-0.01601304645453,-0.0145609927112959,0.0
2022-05-12,-0.0026987094849635,-0.0010410967158103,-0.0013621837784412,0.0
2022-05-13,0.0263152314234244,0.0236230418385731,0.0257005609168363,0.0
2022-05-16,-0.0035819758120238,-0.0040513928149644,-0.0033332851357469,0.0
2022-05-17,0.0216597292949546,0.0203514613456758,0.0212938733592369,0.0
2022-05-18,-0.0434792902113056,-0.0411524653800646,-0.0410381380882879,0.0
2022-05-19,-0.0119938455822728,-0.0061426407921718,-0.0117549549471249,0.0
2022-05-20,-0.0024279160861549,0.0004304083565663,-0.002197236358553,0.0
2022-05-23,0.0186490808691695,0.0185456954055181,0.0176520592622642,0.0
2022-05-24,-0.009073446284207,-0.007659014211217,-0.0086989080792874,0.0
2022-05-25,0.0084151364712333,0.0087935939447946,0.0087763883572301,0.0
2022-05-26,0.0230200713089114,0.0197917687496891,0.0218403512568606,0.0
2022-05-27,0.0267810546636603,0.0242391220139735,0.0260850717058486,0.0
2022-05-31,-0.0060384408578048,-0.0056178501370076,-0.0070753966907617,0.0
2022-06-01,-0.0044727515852669,-0.0081281580848717,-0.0031276261650725,0.0
2022-06-02,0.0230278333254919,0.0188555726929704,0.0222836708115908,0.0
2022-06-03,-0.0155723920055823,-0.016530138820666,-0.0151035609379664,0.0
2022-06-06,0.0027361674696066,0.0030328153224129,0.0028537557156664,0.0
2022-06-07,0.0089785976762066,0.0095478812222951,0.0091347851262079,0.0
2022-06-08,-0.0097094391444178,-0.0109229769317171,-0.0096843812281937,0.0
2022-06-09,-0.0225770094334295,-0.0240882288475375,-0.0216484681798259,0.0
2022-06-10,-0.0317488013527118,-0.0294029763293113,-0.0310189378049208,0.0
2022-06-13,-0.0387812632358853,-0.0387251237276807,-0.0375755096457263,0.0
2022-06-14,-0.0034138931013567,-0.0030225031405943,-0.0032920784047833,0.0
2022-06-15,0.0167126207219006,0.0141656859829495,0.0168456074266971,0.0
2022-06-16,-0.0332128257380076,-0.0336662119350028,-0.032228660465653,0.0
2022-06-17,0.0006812294892181,0.0021697556118512,0.0003818583502096,0.0
2022-06-21,0.0246038677938817,0.0248421494610521,0.0254588075907344,0.0
2022-06-22,-0.0025990128593273,-0.0018098544527333,-0.0021974339349589,0.0
2022-06-23,0.0071269459792385,0.0097621275566263,0.0069170886648898,0.0
2022-06-24,0.0320677744784521,0.0312983982363208,0.0316304948971005,0.0
2022-06-27,-0.0052026452185596,-0.0038322950867333,-0.005057772408022,0.0
2022-06-28,-0.0226738298739446,-0.0206450194386838,-0.0229273129608395,0.0
2022-06-29,-0.0012641383468371,-0.0007952286701384,-0.0016988054077506,0.0
2022-06-30,-0.0083474089109695,-0.0081808496584198,-0.0087551591919142,0.0
2022-07-01,0.0082950380704404,0.0105372733704589,0.0081848786127709,0.0
2022-07-05,0.0011548931799691,0.0018866124507091,0.0010586006296472,0.0
2022-07-06,0.0037927966673311,0.0033542894046925,0.0028152338402061,0.0
2022-07-07,0.0152760578427486,0.0148895512850288,0.015927460544874,0.0
2022-07-08,0.0004654870708681,-0.000831846344239,0.0004808138286995,0.0
2022-07-11,-0.01260456625944,-0.0115018277541207,-0.0128125565212821,0.0
2022-07-12,-0.0089005085343265,-0.0088647017602481,-0.0092183583812861,0.0
2022-07-13,-0.0040703223939497,-0.005274157924065,-0.0043924984109688,0.0
2022-07-14,-0.0016572050310135,-0.0024266502091134,-0.0024003560749799,0.0
2022-07-15,0.0201298392658991,0.0189252489761305,0.0201917708585252,0.0
2022-07-18,-0.0071524768466679,-0.0082972224807322,-0.0066389024910678,0.0
2022-07-19,0.0289732459936976,0.0266581828073892,0.0289238568204693,0.0
2022-07-20,0.0069629757183337,0.0063633685928692,0.0066611787044652,0.0
2022-07-21,0.0097799737337529,0.0101240724308017,0.0111667529603519,0.0
2022-07-22,-0.0132770735096,-0.0093314909515683,-0.0119198861184955,0.0
2022-07-25,0.0007309661194173,0.0012140728351295,0.0004909992554012,0.0
2022-07-26,-0.0155192204557968,-0.0118872127840465,-0.0151671699748355,0.0
2022-07-27,0.0263478514189045,0.0256400654708083,0.0263034824823852,0.0
2022-07-28,0.0116366655112339,0.0124620259049362,0.0115937432511906,0.0
2022-07-29,0.0125604347347696,0.0144636154450519,0.013764005738652,0.0
2022-08-01,-0.0018942607602091,-0.0029674741197777,-0.0019999080949102,0.0
2022-08-02,-0.0089022560415606,-0.0066260850499342,-0.0079716176071572,0.0
2022-08-03,0.0163310785980895,0.0155525708442748,0.0162427294579523,0.0
2022-08-04,-0.0011499407054646,-0.0006799551995232,-0.0002768891612241,0.0
2022-08-05,-0.0017531996596371,-0.0016892960662929,-0.0019651125841152,0.0
2022-08-08,-0.0030265001809813,-0.0011614696419949,-0.0029777731331098,0.0
2022-08-09,-0.0064310992042688,-0.0039743366196867,-0.0070398036276216,0.0
2022-08-10,0.0215956247206048,0.0207844023994282,0.0218787393353675,0.0
2022-08-11,-0.0001327992820223,0.0,4.969574520967308e-05,0.0
2022-08-12,0.0172771927776585,0.0167764783087271,0.016886492396793,0.0
2022-08-15,0.0057340388592101,0.0041200979818236,0.0055501524523357,0.0
2022-08-16,0.0011754270501422,0.0019444383055588,0.000941506920545,0.0
2022-08-17,-0.0076879754449336,-0.0071155599099507,-0.0083198337274357,0.0
2022-08-18,0.0032039018279513,0.0029059494692787,0.0032528932589757,0.0
2022-08-19,-0.0145242901787001,-0.0135268237384686,-0.0141024213956274,0.0
2022-08-22,-0.0216302312923181,-0.0210560386033683,-0.0214464271652507,0.0
2022-08-23,-0.0017923038914859,-0.0024262041824639,-0.001296874136051,0.0
2022-08-24,0.0023594460632496,0.003208410295798,0.0024775873811545,0.0
2022-08-25,0.0143442922634272,0.0140258266439878,0.0134399645092414,0.0
2022-08-26,-0.0356830449140397,-0.034435998409512,-0.0355771046064847,0.0
2022-08-29,-0.0075435122582001,-0.0066378496452529,-0.0073681095197211,0.0
2022-08-30,-0.0118598669353815,-0.0110483965142544,-0.011339852375654,0.0
2022-08-31,-0.0094706521619323,-0.0076276014209004,-0.0087174432895974,0.0
2022-09-01,0.0002464835748616,0.0031369886933241,0.0010921847071893,0.0
2022-09-02,-0.0106201903352607,-0.0106103896715996,-0.0103430836836675,0.0
2022-09-06,-0.0053122128316191,-0.0037844509748355,-0.0046157200563282,0.0
2022-09-07,0.015122065649857,0.0178105931989572,0.016003147925089,0.0
2022-09-08,0.0061845973891941,0.0065100822099864,0.0069168371822653,0.0
2022-09-09,0.0164945205587142,0.0154123709713181,0.015688663535458,0.0
2022-09-12,0.0104291623667565,0.0106947431288716,0.0096091936103724,0.0
2022-09-13,-0.0474266837623633,-0.0444379144249849,-0.046721064937513,0.0
2022-09-14,0.0051616485339484,0.0037883348836816,0.0058738370286624,0.0
2022-09-15,-0.0151177539837287,-0.0114083328552301,-0.0153774304220777,0.0
2022-09-16,-0.006159308057879,-0.0076515575669254,-0.0054920332749923,0.0
2022-09-19,0.0066782806421934,0.0077050463744051,0.0068157723802782,0.0
2022-09-20,-0.0112299960831372,-0.0115393654858613,-0.012030789627477,0.0
2022-09-21,-0.0178380488371197,-0.0176039261730357,-0.0169409404345999,0.0
2022-09-22,-0.0073092996376418,-0.0084335017553091,-0.007319086107515,0.0
2022-09-23,-0.0178149508110042,-0.0168857182584836,-0.0182842800512301,0.0
2022-09-26,-0.0103135062159779,-0.0099333866307239,-0.0109743951019555,0.0
2022-09-27,-0.0012636976197871,-0.002570328417804,-0.001030391843108,0.0
2022-09-28,0.0194441585482095,0.0194829745372941,0.0198624858523718,0.0
2022-09-29,-0.0204175269011441,-0.0211142729257544,-0.0196987373969286,0.0
2022-09-30,-0.0168683191999843,-0.0155587880323282,-0.017102909325985,0.0
2022-10-03,0.0236972640568699,0.026044110753594,0.0233624604300167,0.0
2022-10-04,0.030565983252905,0.0305096582967363,0.0306106996174639,0.0
2022-10-05,-3.2343014073526536e-05,-0.0023120124798472,-0.0004688695513465,0.0
2022-10-06,-0.009891189781027,-0.010387185698214,-0.0099420982867274,0.0
2022-10-07,-0.0292166259408203,-0.0282957828399407,-0.0271718642736703,0.0
2022-10-10,-0.0099025025287737,-0.0076481108857638,-0.0084650108864652,0.0
2022-10-11,-0.0085439699863405,-0.0063700015609259,-0.0088173989165665,0.0
2022-10-12,-0.0019433638994243,-0.0032877060789001,-0.0009417581859251,0.0
2022-10-13,0.0270032920469533,0.0260322755451921,0.0258511708995259,0.0
2022-10-14,-0.0226051822924852,-0.0230350813502709,-0.0225823082864606,0.0
2022-10-17,0.0261945744829344,0.0253606637937464,0.0263834545723579,0.0
2022-10-18,0.0095781762328971,0.0116874755050686,0.0101905951419248,0.0
2022-10-19,-0.005417642143424,-0.0071088682186204,-0.005191330004265,0.0
2022-10-20,-0.007478433975213,-0.0084101927140023,-0.0090446764978957,0.0
2022-10-21,0.0231082955619172,0.0239946330254628,0.0231642217930635,0.0
2022-10-24,0.0104458602142272,0.0121688564441933,0.0106910961179937,0.0
2022-10-25,0.0153722004669845,0.0158362038266956,0.0147392152418938,0.0
2022-10-26,-0.0089080010033298,-0.0075602945228358,-0.0069946045596813,0.0
2022-10-27,-0.0082896828678184,-0.0053455644664198,-0.0067704589991371,0.0
2022-10-28,0.0262945465268243,0.0235126903496941,0.0227523344537485,0.0
2022-10-31,-0.00842261987011,-0.0072649605774258,-0.007409852060402,0.0
2022-11-01,-0.0049341004356741,-0.0043682321522817,-0.0040682070426734,0.0
2022-11-02,-0.024994516350275,-0.025425214345968,-0.0252639034749261,0.0
2022-11-03,-0.0133425191752301,-0.0103650969764928,-0.0118366711752552,0.0
2022-11-04,0.0148551227702011,0.0142935054921818,0.0149595947387199,0.0
2022-11-07,0.0111200488177802,0.0095352659037637,0.0105241249331496,0.0
2022-11-08,0.0049900785765182,0.005373204248658,0.0056526187463804,0.0
2022-11-09,-0.0229114642739527,-0.0208068852707423,-0.0220083922453865,0.0
2022-11-10,0.0557790301553463,0.0534808735053957,0.0547046784021481,0.0
2022-11-11,0.0117123330000416,0.0096419118863722,0.0106858669241256,0.0
2022-11-14,-0.00702533521728,-0.0085367649472415,-0.0057414174325524,0.0
2022-11-15,0.0078234888869502,0.0084846137086377,0.008270183103858,0.0
2022-11-16,-0.0071419263015907,-0.007669692724014,-0.0075936008548354,0.0
2022-11-17,-0.0039196443407316,-0.0030527946231122,-0.0037809581892654,0.0
2022-11-18,0.0033830705820279,0.0045232286660215,0.0030433967683018,0.0
2022-11-21,-0.0049321606949713,-0.0036274781516663,-0.0040579021025311,0.0
2022-11-22,0.0144880228434346,0.0133668399650575,0.0142996198717532,0.0
2022-11-23,0.0079843414452752,0.0062684762064011,0.0085560329221391,0.0
2022-11-25,0.0003275394784758,-0.000206595564095,0.000278849880817,0.0
2022-11-28,-0.0145971257971459,-0.0160899071212106,-0.0133546990173478,0.0
2022-11-29,-0.0040550788929747,-0.0017337400581117,-0.0030405532671144,0.0
2022-11-30,0.0339432166195299,0.0310114409360434,0.0335383071279244,0.0
2022-12-01,-0.0044385587920111,-0.0007139397024227,-0.0028935832815447,0.0
2022-12-02,-0.002872078445978,-0.0011740086081229,-0.0025932202167134,0.0
2022-12-05,-0.0196671536693598,-0.0181415545657452,-0.0199472316430242,0.0
2022-12-06,-0.0159753349345562,-0.014511229544446,-0.0157335195023263,0.0
2022-12-07,-0.0030603356509414,-0.0017164666136469,-0.0022383803049702,0.0
2022-12-08,0.0089139746771829,0.0078190186297173,0.0090652025309579,0.0
2022-12-09,-0.0045954122739179,-0.0075019106517945,-0.005249400081452,0.0
2022-12-12,0.0136771091189403,0.014297012981022,0.0129075355270823,0.0
2022-12-13,0.006717564491747,0.0075509265448474,0.0076241463614915,0.0
2022-12-14,-0.0064534410823334,-0.0064055405026678,-0.0059870994088488,0.0
2022-12-15,-0.0257987722886065,-0.0247862767316439,-0.0251620131333118,0.0
2022-12-16,-0.0121799345042242,-0.0118579524925839,-0.0113153241443368,0.0
2022-12-19,-0.0100225223467723,-0.0085102283408414,-0.0096131104236526,0.0
2022-12-20,-0.0006038972402574,0.0013599893297033,-0.0015236696684061,0.0
2022-12-21,0.014759452236586,0.0148390689968936,0.0143893195871164,0.0
2022-12-22,-0.0159830060297989,-0.014377093636421,-0.0151210933081623,0.0
2022-12-23,0.0060407782822384,0.0057432498776379,0.0055168720378494,0.0
2022-12-27,-0.0073176493692388,-0.00395171845384,-0.0072814996387368,0.0
2022-12-28,-0.0102409568001116,-0.012498798231075,-0.0099681723712731,0.0
2022-12-29,0.0184177168204009,0.0178272394927624,0.0177044499008867,0.0
2022-12-30,-0.002044118117792,-0.0026201006304846,-0.0021866467216079,0.0
2023-01-03,-0.0032114912357051,-0.004228221504596,-0.0028704857724614,0.0
2023-01-04,0.0059554881821282,0.0076842284004695,0.0067649209534193,0.0
2023-01-05,-0.0123514087939501,-0.0114668031533864,-0.0131096243714001,0.0
2023-01-06,0.0202695507983475,0.0226703510561721,0.0210340918987104,0.0
2023-01-09,0.0013990080537052,-0.0005865415546208,0.0024456562136998,0.0
2023-01-10,0.0067580645400687,0.0069894115011055,0.0067455227324853,0.0
2023-01-11,0.0133724191846281,0.0125794442829119,0.0122474079049743,0.0
2023-01-12,0.0049123476629473,0.0036285362529353,0.0048665971649056,0.0
2023-01-13,0.0038309049683437,0.0038750162268189,0.0043167241951395,0.0
2023-01-17,-0.0004019628373952,-0.0018186074483066,-0.001135761300267,0.0
2023-01-18,-0.0164025344586934,-0.0159365922628125,-0.0168180613447036,0.0
2023-01-19,-0.0068286640897341,-0.0072924309859835,-0.0068972860820386,0.0
2023-01-20,0.0188237823656213,0.0184589794064947,0.0189277937165074,0.0
2023-01-23,0.0125218056869099,0.0119214449999263,0.0127100161531155,0.0
2023-01-24,-0.0003402136307872,-0.0010591168989207,-0.0013519071265586,0.0
2023-01-25,-0.0026925358645091,0.0003617758063127,-0.0023734901618215,0.0
2023-01-26,0.0111603325200812,0.0109206455656444,0.0110125186935941,0.0
2023-01-27,-0.0001372757613588,0.002297384545879,0.0020285156631893,0.0
2023-01-30,-0.0115050342394749,-0.0126239681308069,-0.0113602379837698,0.0
2023-01-31,0.0127347843573916,0.0146107743576108,0.0135378811516625,0.0
2023-02-01,0.0110902653153969,0.0105553230900911,0.0118013053442472,0.0
2023-02-02,0.0129061766909315,0.0144488065099525,0.012735082187056,0.0
2023-02-03,-0.0104979169156426,-0.0106790106405891,-0.0110850626217982,0.0
2023-02-06,-0.0031329200760643,-0.0061142264023237,-0.0030343814464473,0.0
2023-02-07,0.0126361310661063,0.0129888238160569,0.0119468708635306,0.0
2023-02-08,-0.0118561222143002,-0.0109969670754061,-0.0112768339723475,0.0
2023-02-09,-0.0080220887177073,-0.0087025265257829,-0.0071929109558891,0.0
2023-02-10,0.0014194255285347,0.002309499154822,0.0009714029533122,0.0
2023-02-13,0.0122808796826794,0.0116936816369111,0.0116710223606737,0.0
2023-02-14,-0.0004066414106166,-0.0004761606505603,-0.0005014221618333,0.0
2023-02-15,0.0018638712116788,0.0032534189566029,0.0022897699417126,0.0
2023-02-16,-0.0149933768552223,-0.0138627290777778,-0.0148893046221876,0.0
2023-02-17,-0.0014800466404738,-0.0025112575820385,-0.0010594953914772,0.0
2023-02-21,-0.0213224488116249,-0.0202685372529029,-0.0207946343312192,0.0
2023-02-22,-0.0011054520462331,-0.0013746063139931,-0.0012710274390794,0.0
2023-02-23,0.0034035712048007,0.0053064254457996,0.0048561670732466,0.0
2023-02-24,-0.0098807398403228,-0.0107455352882987,-0.0097071174614803,0.0
2023-02-27,0.0031111281723018,0.0034126614080025,0.0044871732156019,0.0
2023-02-28,-0.0025565073030907,-0.003699751491012,-0.0034270529322615,0.0
2023-03-01,-0.0050607624351535,-0.003844498870374,-0.0050443604255799,0.0
2023-03-02,0.0104585359473614,0.0077262789403754,0.0104225093251796,0.0
2023-03-03,0.0170331143882085,0.0159157290081369,0.0159169889665172,0.0
2023-03-06,0.0032153465538438,0.0006907226000196,0.0026632511750582,0.0
2023-03-07,-0.0148465849369259,-0.0154370583899074,-0.0142151015431512,0.0
2023-03-08,0.0009941521107555,0.0016348565357128,0.000474942404684,0.0
2023-03-09,-0.016852446412563,-0.0186339169812512,-0.0176619574190712,0.0
2023-03-10,-0.0112097321522277,-0.0145284871472229,-0.0119243751917063,0.0
2023-03-13,-0.0004952087789339,-0.0014215787279709,-0.0020584679646764,0.0
2023-03-14,0.0177377247328236,0.016399047091552,0.0178697440805974,0.0
2023-03-15,-0.0057721007955117,-0.0062775842851328,-0.0059778479105443,0.0
2023-03-16,0.0171744886826909,0.0173848708750614,0.0169057405796247,0.0
2023-03-17,-0.0101904082619632,-0.0117676228571382,-0.0104258026674464,0.0
2023-03-20,0.0082430376331105,0.0095717157713136,0.0083685377589262,0.0
2023-03-21,0.0121332977270068,0.0130520286650767,0.013133735516374,0.0
2023-03-22,-0.0141820396190857,-0.0171955361143027,-0.0147941417009843,0.0
2023-03-23,0.0042690411554026,0.0027030944564554,0.0060097053701368,0.0
2023-03-24,0.0030341982942437,0.0065306781049595,0.0031976831487859,0.0
2023-03-27,0.0024634446703095,0.0018729520068594,0.0033157884802655,0.0
2023-03-28,-0.0024585262496827,-0.0022375448388363,-0.0025032818007487,0.0
2023-03-29,0.0114168682318788,0.0144296677608129,0.0113561283554524,0.0
2023-03-30,0.0059983723190554,0.0058365924444513,0.0052463043681247,0.0
2023-03-31,0.013696680101694,0.0139912050652989,0.0132823917096819,0.0
2023-04-03,0.0052887216489923,0.0037934501784287,0.0051537542504498,0.0
2023-04-04,-0.0037739606285356,-0.0055568969132864,-0.0032357717509293,0.0
2023-04-05,-0.0027050436477447,-0.0026257336839055,-0.0022567521165686,0.0
2023-04-06,0.0024017191700106,0.0039108379919991,0.002177998378237,0.0
2023-04-10,0.0003140192839969,0.0010067706168639,0.0006047515710481,0.0
2023-04-11,-0.0003842997608605,0.0002766843175374,-0.0006810638955918,0.0
2023-04-12,-0.0034986128047087,-0.0040825640737099,-0.0036901091689027,0.0
2023-04-13,0.0154295318361866,0.0131953849975743,0.0153706248449357,0.0
2023-04-14,-0.0026800332709172,-0.0024452940297996,-0.0025938018341132,0.0
2023-04-17,0.0036884483945384,0.003591026302883,0.0034295454750457,0.0
2023-04-18,0.0016724003116235,0.0006470076124675,0.0012422293344698,0.0
2023-04-19,-0.0022022816129808,-0.0001741531806016,-0.0019872787975639,0.0
2023-04-20,-0.0069883006233942,-0.0054638809634155,-0.0073679667972401,0.0
2023-04-21,0.0026886788774431,0.0007752423020337,0.0026304352145161,0.0
2023-04-24,0.0013864782329417,0.0010243982556604,0.0014883551312718,0.0
2023-04-25,-0.0151248723572435,-0.0159846329427469,-0.0154324764589294,0.0
2023-04-26,-0.0057081272889276,-0.0042466148165804,-0.0065297589581303,0.0
2023-04-27,0.0170311720127693,0.0197066870668689,0.0176495797459782,0.0
2023-04-28,0.0084241226369073,0.0085087839822,0.0081266836170464,0.0
2023-05-01,-0.0021720981203429,-0.0010162476552836,-0.0010381602085451,0.0
2023-05-02,-0.0118020649087788,-0.0112975825980439,-0.0115261014733878,0.0
2023-05-03,-0.0081109205633626,-0.0068958847787238,-0.0071576731053927,0.0
2023-05-04,-0.0076342409458514,-0.0070963624965767,-0.0074926038849824,0.0
2023-05-05,0.0164009375004727,0.0183218542388868,0.015760440727744,0.0
2023-05-08,0.0003029225807388,0.0002746601098429,0.0008080771981052,0.0
2023-05-09,-0.0027564902287665,-0.0044036401135082,-0.0030842845692305,0.0
2023-05-10,0.003961293478185,0.004678224805889,0.0048596675029041,0.0
2023-05-11,-0.0009273971539398,-0.0017486452458579,-0.0004256723293,0.0
2023-05-12,-0.0014133716456715,-0.0013009759152947,-0.0016439666498206,0.0
2023-05-15,0.0022557746198074,0.0034239333668531,0.0023498258758308,0.0
2023-05-16,-0.0058926299598051,-0.0066837973334195,-0.0050569940477028,0.0
2023-05-17,0.0130837491478315,0.0120584152626307,0.0126110304394533,0.0
2023-05-18,0.0100811884135979,0.009582449654248,0.0102137103957086,0.0
2023-05-19,-0.0010720975750948,-0.0014512184170572,-0.000481501429581,0.0
2023-05-22,-0.0025411922123568,0.0003937589261881,-0.0030514661536174,0.0
2023-05-23,-0.008507686844359,-0.0112833383953901,-0.0082821752863245,0.0
2023-05-24,-0.005363445536069,-0.007267673502117,-0.0048283761033567,0.0
2023-05-25,0.0062030498549178,0.0086353736170934,0.0065936367184836,0.0
2023-05-26,0.0159590723837267,0.01286389848685,0.017077282728195,0.0
2023-05-30,-0.0004241572806228,0.0003679221027778,-0.0001549576520844,0.0
2023-05-31,-0.0043257353656341,-0.0055577557971653,-0.0032827674744814,0.0
2023-06-01,0.0075529607083547,0.0094494303329904,0.0062879682927002,0.0
2023-06-02,0.0137623875158845,0.0143580270221371,0.0135103521812471,0.0
2023-06-05,-0.003986335705255,-0.0019041426869994,-0.0039687709897056,0.0
2023-06-06,0.0019036859370604,0.0021689891377994,0.0011728029285087,0.0
2023-06-07,-0.0026864677404848,-0.0034726443849586,-0.00269168059241,0.0
2023-06-08,0.0073507459653443,0.0060452249947323,0.0078242323210449,0.0
2023-06-09,0.0022236997567176,0.0017753045470701,0.0022743755449584,0.0
2023-06-12,0.0090400516537301,0.0090433573045367,0.0097409038456963,0.0
2023-06-13,0.0059403695199594,0.0065817747898502,0.0061232492896507,0.0
2023-06-14,-0.0011509506982761,0.0011791897975026,0.0007444658187151,0.0
2023-06-15,0.0123688567932318,0.0123215426277328,0.012025270240166,0.0
2023-06-16,-0.0039055276971342,-0.0034048540356463,-0.0037765984085698,0.0
2023-06-20,-0.0044707304310969,-0.0051995620235036,-0.0047998093378801,0.0
2023-06-21,-0.0050914349780442,-0.0051559248307793,-0.0057611441136827,0.0
2023-06-22,0.00331476673359,0.0036048810906132,0.0035589639147121,0.0
2023-06-23,-0.0073473052037341,-0.0075782082989417,-0.0074169292656934,0.0
2023-06-26,-0.0044263932604621,-0.0041081472592569,-0.0048527441986969,0.0
2023-06-27,0.0085806345638098,0.0109099306030126,0.0084917891944114,0.0
2023-06-28,-0.0007414731127863,0.0005176836127567,-0.0003567058491764,0.0
2023-06-29,0.0057220643241837,0.0039209751700555,0.0060728919517586,0.0
2023-06-30,0.0110311391521882,0.011740997268139,0.0107254913154482,0.0
2023-07-03,0.0019508373705732,0.0011341674922757,0.0017134161258777,0.0
2023-07-05,-0.0016028071410502,-0.0014816189394319,-0.0017516780815906,0.0
2023-07-06,-0.0098575123196546,-0.0078614197174621,-0.0102371902208514,0.0
2023-07-07,-0.0040826484207024,-0.0025250177074119,-0.0044279125765896,0.0
2023-07-10,0.003658579026503,0.0025250177074118,0.0033173772742169,0.0
2023-07-11,0.0069572650639499,0.0063544002003613,0.0065837750249592,0.0
2023-07-12,0.0072737971593606,0.0080189926503523,0.0068095656969506,0.0
2023-07-13,0.006648193314345,0.0079095291818121,0.0071833878736806,0.0
2023-07-14,-0.0004633404167298,-0.0006396052939798,-0.0004005677553233,0.0
2023-07-17,0.0019365452692487,0.0034672358465097,0.0017162695538026,0.0
2023-07-18,0.0074509839405713,0.0074186167797501,0.0070079542007223,0.0
2023-07-19,0.0048329900398431,0.0022126400393345,0.0045352184371846,0.0
2023-07-20,-0.0047607859224391,-0.0066526618314661,-0.0038039603849146,0.0
2023-07-21,0.0019677566553732,0.0,0.0020779346122344,0.0
2023-07-24,0.0056809062357353,0.0044400217921316,0.005113149941951,0.0
2023-07-25,-0.0003777726066371,0.0027312245407707,-0.0004266989245186,0.0
2023-07-26,0.0009364430395442,0.0001577767012165,0.0008697800663622,0.0
2023-07-27,-0.0058729804766158,-0.0066481487652875,-0.006555375826739,0.0
2023-07-28,0.0091380255610734,0.0097310635465724,0.0103429737675053,0.0
2023-07-31,0.0019571560721788,0.0019079905674893,0.0014107951817006,0.0
2023-08-01,-0.0014662512125479,-0.0028521078879891,-0.0020245478048017,0.0
2023-08-02,-0.0131047323971335,-0.0140188682626298,-0.0127365223319936,0.0
2023-08-03,-0.0013060431061873,-0.0028778312806356,-0.0017524514503057,0.0
2023-08-04,-0.0040044669256071,-0.004516129312948,-0.0038940837393449,0.0
2023-08-07,0.0098384536589667,0.0086931208807009,0.009351902248251,0.0
2023-08-08,-0.0055880803321143,-0.0043599909277659,-0.0047026322486798,0.0
2023-08-09,-0.0073643422031784,-0.0067255306247477,-0.0077112710726826,0.0
2023-08-10,0.0023303837540033,0.0003684343883067,0.0021491993414087,0.0
2023-08-11,-0.0005360075124842,-0.0005757384003816,-0.0003743843882207,0.0
2023-08-14,0.006103323299848,0.0054905432042367,0.0061910178324828,0.0
2023-08-15,-0.0113090849624367,-0.0117065514803194,-0.0112328789453926,0.0
2023-08-16,-0.0079179164731058,-0.0073751279443392,-0.0080137053048172,0.0
2023-08-17,-0.0048926925552692,-0.0076416770915396,-0.0053603953079806,0.0
2023-08-18,8.120711135332978e-05,0.0004704996793297,0.0001391528269814,0.0
2023-08-21,0.006108730467217,0.0064937576547027,0.0061344459579688,0.0
2023-08-22,-0.0028921849716993,-0.0027142773525806,-0.0032812126369224,0.0
2023-08-23,0.0101638496088552,0.0110681171362009,0.0108368521065782,0.0
2023-08-24,-0.0136485973483393,-0.0139542574630738,-0.0139850579004103,0.0
2023-08-25,0.008033736547669,0.0070248029245396,0.0082998284981259,0.0
2023-08-28,0.0062208336812373,0.0063267795707082,0.0063243854473095,0.0
2023-08-29,0.0132023337553801,0.014364887895104,0.0134605964521281,0.0
2023-08-30,0.0037718084562232,0.0041056578816279,0.0036270012580525,0.0
2023-08-31,-0.0001020934669912,-0.0014806549476683,0.0004625909346961,0.0
2023-09-01,0.0010744664200211,0.0018675417653434,0.0006553030818775,0.0
2023-09-05,-0.0053565881206646,-0.0043325648107191,-0.0050840607766877,0.0
2023-09-06,-0.0062321200607993,-0.0067412894020277,-0.0068761408904535,0.0
2023-09-07,-0.0014701402228229,-0.0030646244477066,-0.0008288455909861,0.0
2023-09-08,0.0005706270279606,0.0014989222098719,0.0007945811834884,0.0
2023-09-11,0.0049458495664751,0.0065458036410265,0.0054790549027259,0.0
2023-09-12,-0.0047506659929679,-0.0054863839196441,-0.0047900109687758,0.0
2023-09-13,0.001325997890681,0.0011502715908948,0.0017884928917071,0.0
2023-09-14,0.0075610736598691,0.0085851192924924,0.0076195967724698,0.0
2023-09-15,-0.0119346281974261,-0.0121091287897495,-0.0121657751470786,0.0
2023-09-18,3.486833107380896e-05,0.0005766680282061,0.0001982391273541,0.0
2023-09-19,-0.0018055173993878,-0.002077563074146,-0.0018118273110741,0.0
2023-09-20,-0.0094735182648734,-0.0092162271785333,-0.0094988560798759,0.0
2023-09-21,-0.0158919758998452,-0.0166735199468731,-0.016570498164041,0.0
2023-09-22,-0.0024471589529805,-0.0022553812250289,-0.0025288557231265,0.0
2023-09-25,0.0037913268914309,0.0041980494503007,0.0036013338771552,0.0
2023-09-26,-0.0144330803932727,-0.0148069609552541,-0.0147778373309162,0.0
2023-09-27,-0.0011025154946249,0.0004082760002437,-0.0016983192612148,0.0
2023-09-28,0.0041169738058077,0.0057700525203616,0.0036273463421174,0.0
2023-09-29,-0.0022904996465818,-0.0024141033534853,-0.0019053651293068,0.0
2023-10-02,0.002232696484841,-0.00040690786492,0.0019712950931673,0.0
2023-10-03,-0.0116924079225577,-0.0134731674979061,-0.0115896312993621,0.0
2023-10-04,0.0050025780989422,0.0072532413441791,0.0059113237651554,0.0
2023-10-05,-0.0057757556287698,-0.0003855143049457,-0.005561920314067,0.0
2023-10-06,0.009430097195592,0.0118109251231399,0.0088765085187468,0.0
2023-10-09,0.0054143048044524,0.0063861573795105,0.0052266937266964,0.0
2023-10-10,0.0052577504135939,0.0051927324178817,0.0055251400054728,0.0
2023-10-11,0.001331454932574,0.004087967350727,0.0024469450822915,0.0
2023-10-12,-0.0051987183786293,-0.0061146447659251,-0.0054388638672714,0.0
2023-10-13,-0.0043054361159044,-0.0049899005051168,-0.0042765896806761,0.0
2023-10-16,0.0104844120795801,0.0104478386311217,0.0100617923468693,0.0
2023-10-17,-0.0004374808277935,-4.692412370067044e-05,-0.0003857951598432,0.0
2023-10-18,-0.0132740749373748,-0.0133925828118069,-0.0136300746976516,0.0
2023-10-19,-0.0031973821663215,-0.0088371446160618,-0.0047149040323749,0.0
2023-10-20,-0.0106897920429459,-0.0123589484658679,-0.0112863716310916,0.0
2023-10-23,-0.0029318954614628,-0.0017502921621241,-0.002876481123317,0.0
2023-10-24,0.0073163040905937,0.0075142760552869,0.0068708153019809,0.0
2023-10-25,-0.0146327964610756,-0.0144482361580203,-0.0154463959095167,0.0
2023-10-26,-0.0139201082722936,-0.0120529415938963,-0.0121799307850372,0.0
2023-10-27,-0.0038046332150327,-0.0045482301814928,-0.0025450067339885,0.0
2023-10-30,0.0165031382199205,0.0118860353382561,0.0167755625778322,0.0
2023-10-31,0.0046408174629901,0.0062819209331263,0.0053124954570407,0.0
2023-11-01,0.010713202399272,0.0105846842576986,0.0108230712970075,0.0
2023-11-02,0.0159713524496015,0.0189883674975813,0.0158104457245944,0.0
2023-11-03,0.0070008597893097,0.0090782911484486,0.0073451204565148,0.0
2023-11-06,8.175046161821602e-05,0.0023037151702241,0.0007020596065192,0.0
2023-11-07,0.0035501427771255,0.0028370808839734,0.0039051465542098,0.0
2023-11-08,-0.0008075679693643,0.0007489585146243,-0.0010961128110322,0.0
2023-11-09,-0.0081288525209327,-0.0078450196824944,-0.0078973896597494,0.0
2023-11-10,0.0154579048947041,0.0154896753805143,0.0156088308211064,0.0
2023-11-13,-0.0011333912315644,-0.0009523920858334,-0.0013817103520539,0.0
2023-11-14,0.0163228736022242,0.0192196311215616,0.016876244884013,0.0
2023-11-15,0.0046002164364804,0.0021179452469025,0.004729687461376,0.0
2023-11-16,-0.0022721453100874,0.0012049974743502,-0.0008515628526945,0.0
2023-11-17,0.0017173788723724,0.0012489357286236,0.0013205809865775,0.0
2023-11-20,0.007388778969705,0.0076637389187769,0.0073427182436046,0.0
2023-11-21,-0.0002502167392581,-0.0021643078157143,-0.0001225553010366,0.0
2023-11-22,0.0039066080021907,0.0038519200205277,0.0042151932881588,0.0
2023-11-24,0.0019117443042775,0.00060684386871,0.0017200824375443,0.0
2023-11-27,-0.0033499776853155,-0.0017991279084936,-0.0026443320255107,0.0
2023-11-28,0.0018746244609117,0.0009899208871744,0.0019645220790548,0.0
2023-11-29,-0.001745790929112,-0.0006973422545803,-0.0017123509166022,0.0
2023-11-30,0.0054546910004593,0.0039302488465652,0.0056250765606555,0.0
2023-12-01,0.0028290900565725,0.0058999858270208,0.003276382638346,0.0
2023-12-04,-0.0053501360932582,-0.0052725770047903,-0.0053380014103028,0.0
2023-12-05,-0.0008711296910218,-0.0002016241955864,-0.0003171881800042,0.0
2023-12-06,-0.0041406182771809,-0.0040410444952191,-0.0043724855176829,0.0
2023-12-07,0.0076580998094929,0.0076194259666216,0.0075597194530753,0.0
2023-12-08,0.0029073624213348,0.0042772236564455,0.0029669499546068,0.0
2023-12-11,0.0059469674867296,0.0038826384123791,0.0053118083639226,0.0
2023-12-12,0.0061543277944492,0.0045511865227266,0.0068180641988522,0.0
2023-12-13,0.0081105631338747,0.0137045425168019,0.0076860769206707,0.0
2023-12-14,0.0023339789352611,0.0032127844246176,0.002133457101344,0.0
2023-12-15,0.0026264380833419,-0.0016485188757875,0.0027644788914651,0.0
2023-12-18,0.0067628013564836,0.0056068641370167,0.0063691935932604,0.0
2023-12-19,0.0056478792961836,0.0060477763508577,0.0055143488694721,0.0
2023-12-20,-0.0141773474351417,-0.0139366796643283,-0.0141033481136272,0.0
2023-12-21,0.0084409254564024,0.0094204458327121,0.008237933187623,0.0
2023-12-22,0.0019553561514221,0.0020240742467259,0.001844365105639,0.0
2023-12-26,0.003883484040974,0.0042072787773027,0.0038286613794832,0.0
2023-12-27,0.0016711943846987,0.001797714818783,0.0016766106417704,0.0
2023-12-28,-0.0006134730019607,0.0003848045026854,-0.000583717946152,0.0
2023-12-29,-0.0023480114638531,-0.0029110855782226,-0.0022447805576068,0.0
2024-01-02,-0.0045189924620889,-0.0056105651319496,-0.0056651872066319,0.0
2024-01-03,-0.0070718272068659,-0.0081818638246505,-0.0074206771122395,0.0
2024-01-04,-0.0017146747425555,-0.0032436108679562,-0.0020166366555505,0.0
2024-01-05,0.001628512574057,0.001372743632393,0.0018893340014885,0.0
2024-01-08,0.0129068387063903,0.0141831015659531,0.0121807719426383,0.0
2024-01-09,-0.0023010106405742,-0.0015253894311366,-0.0019880529993122,0.0
2024-01-10,0.0060530123691935,0.0056387701265185,0.0065443389251765,0.0
2024-01-11,-0.0008725612073039,-0.000427688563712,-0.0012408537430206,0.0
2024-01-12,-0.0003520776710206,0.0006842139290641,-0.000458027171445,0.0
2024-01-16,-0.0028298772294343,-0.0036831665440777,-0.0031290578892004,0.0
2024-01-17,-0.0054873328901741,-0.0055718840034307,-0.0049824855330579,0.0
2024-01-18,0.0076905111936019,0.0088488549908337,0.008798024844492,0.0
2024-01-19,0.0124758304943571,0.0123892569136879,0.0129539380453985,0.0
2024-01-22,0.002395981489579,0.0021097499333748,0.0022232266222664,0.0
2024-01-23,0.0033636391985141,0.002925178596015,0.0030701141311405,0.0
2024-01-24,0.0014744040586126,0.0010921158728198,0.0017666861950463,0.0
2024-01-25,0.0055839567154638,0.005421882885124,0.0053726468552823,0.0
2024-01-26,0.0010019026040565,-0.0012743246238098,0.0002415905666935,0.0
2024-01-29,0.0083778774861373,0.0078913532205771,0.0088189071273395,0.0
2024-01-30,0.0023930527924675,-0.0007676587822651,0.0017114687251245,0.0
2024-01-31,-0.0147043113631,-0.0164694587162541,-0.0167621500237593,0.0
2024-02-01,0.0120469612805428,0.013018096577633,0.0109390160879865,0.0
2024-02-02,0.0075628213921452,0.0104628387576469,0.0079637836730513,0.0
2024-02-05,-0.0023953497650015,-0.00363404005062,-0.0032683348384218,0.0
2024-02-06,0.0022039236844945,0.0028917872794851,0.0025087478810095,0.0
2024-02-07,0.0054099487902328,0.0082982914314314,0.0059056342569375,0.0
2024-02-08,-0.0008413271902492,0.0004499161595793,-0.0002837948120795,0.0
2024-02-09,0.0046232679407063,0.0057695800255417,0.0049278221490514,0.0
2024-02-12,-0.0006787363609018,-0.0004473272273206,-0.001384933000786,0.0
2024-02-13,-0.0124664111823894,-0.0138642237938795,-0.0125713385123307,0.0
2024-02-14,0.0100347191627291,0.0090325578700345,0.0090076446276888,0.0
2024-02-15,0.0053926890285837,0.006883657176266,0.005160847915861,0.0
2024-02-16,-0.0053727175036459,-0.0049849030456435,-0.0060818277253253,0.0
2024-02-20,-0.0068369667791711,-0.0055225028370353,-0.0058156210163404,0.0
2024-02-21,0.0024403394565619,0.0009020460655113,0.0025239017149155,0.0
2024-02-22,0.0187130794488091,0.0204854542260905,0.018612895471361,0.0
2024-02-23,0.00196650205049,0.000682360995429,0.0015748190658014,0.0
2024-02-26,-0.0030741549690686,-0.0036580749493073,-0.0038447977814616,0.0
2024-02-27,0.0011446305519689,0.00185080925127,0.0011670534801031,0.0
2024-02-28,-0.0004309466509379,-0.0013274071255818,-2.46737115463788e-05,0.0
2024-02-29,0.0044116686826298,0.0035960060849028,0.0048952048476466,0.0
2024-03-01,0.0073204938866239,0.009341198839482,0.0058524685407596,0.0
2024-03-04,-0.0023153803042389,-0.0010733880334087,-0.0024948699864999,0.0
2024-03-05,-0.0100867348483709,-0.0100541527934627,-0.0093901029498986,0.0
2024-03-06,0.0036914391471403,0.0050696939530366,0.0033804780616906,0.0
2024-03-07,0.0073822278779335,0.0098650335628686,0.0069844283944209,0.0
2024-03-08,-0.0064022314104701,-0.0060148467708228,-0.0056756810965612,0.0
2024-03-11,-9.473252486739568e-05,-0.0008565311016163,8.865767872917867e-05,0.0
2024-03-12,0.0099789660346607,0.0107035570249577,0.0093969702181803,0.0
2024-03-13,-0.0019613461246709,-0.0015785011466052,-0.0022602495022857,0.0
2024-03-14,-0.0038214708319162,-0.0019766368041569,-0.0028679563138473,0.0
2024-03-15,-0.0103954310592006,-0.0068893904301568,-0.009706841076748,0.0
2024-03-18,0.0075112083062998,0.0059194102485953,0.0071458443123292,0.0
2024-03-19,0.0048102995232351,0.0055498093367292,0.0047755967267413,0.0
2024-03-20,0.0071944833033514,0.0092143060966886,0.0084218901949567,0.0
2024-03-21,-9.6981022184409e-05,0.0032925849238521,0.0001282155488742,0.0
2024-03-22,-0.0031065611308721,-0.0019079888193857,-0.0033357614219283,0.0
2024-03-25,-0.0037120059754444,-0.0027515702276554,-0.003735110979486,0.0
2024-03-26,-0.0018752930997804,-0.0018581730708692,-0.0026179651908273,0.0
2024-03-27,0.0086878221071675,0.0083638446332096,0.0091272768576741,0.0
2024-03-28,0.0014342728140926,-0.0001747487990468,0.001050172717007,0.0
2024-04-01,-0.005238335368722,-0.0017491695906352,-0.0047230519261478,0.0
2024-04-02,-0.0072968367677099,-0.0063811942668861,-0.0073042306901513,0.0
2024-04-03,-0.0009263918404356,0.0010956975406011,-0.0006983088762268,0.0
2024-04-04,-0.0126291123742834,-0.0122775767516505,-0.0121207662376442,0.0
2024-04-05,0.0084260863517051,0.0103985024255263,0.0087672417591731,0.0
2024-04-08,-0.0010701386689363,0.0005484281794497,-0.0011639717278463,0.0
2024-04-09,0.0025941311492368,0.0011546328474375,0.0025666218432322,0.0
2024-04-10,-0.0102466712898831,-0.0100645605033974,-0.0104460867940603,0.0
2024-04-11,0.0050003144882634,0.007518684424513,0.0062016716957163,0.0
2024-04-12,-0.0136260591000978,-0.0139006305725744,-0.0124934607218107,0.0
2024-04-15,-0.0101596942999465,-0.0126054611357681,-0.0107804136744382,0.0
2024-04-16,-0.0009560546193128,-0.0018138218157282,-0.0023055071855786,0.0
2024-04-17,-0.003234638559637,-0.0059481835197609,-0.0031063553973142,0.0
2024-04-18,-0.0007444443237202,-0.0020516161128353,-0.0003213243589123,0.0
2024-04-19,-0.0059380445604115,-0.0087615056685728,-0.0049024289331515,0.0
2024-04-22,0.005306423503728,0.0091681006445945,0.0060135268143572,0.0
2024-04-23,0.0128542734366578,0.0117801748217525,0.0112826917710303,0.0
2024-04-24,-0.0006648420518391,-0.0004621211442384,-0.0008738898472766,0.0
2024-04-25,-0.007665867045856,-0.0038055397334822,-0.0065731074285586,0.0
2024-04-26,0.0049471214422633,0.009416889353755,0.0061894072872691,0.0
2024-04-29,0.0046358972276968,0.0035509134023551,0.0038792065445359,0.0
2024-04-30,-0.0141553733140002,-0.0159781797100636,-0.015121694597351,0.0
2024-05-01,-0.0037188483550748,-0.0032427421455785,-0.0035357790294891,0.0
2024-05-02,0.0077415114778843,0.0092946861380358,0.008370745514801,0.0
2024-05-03,0.0111643481586951,0.012332880009825,0.0122451636662572,0.0
2024-05-06,0.008329300519801,0.0102771765064642,0.0079231031052824,0.0
2024-05-07,0.0012694081025692,0.0011004992660416,0.0008101227868722,0.0
2024-05-08,0.0017072034212104,9.819999418685952e-05,0.0021485834758606,0.0
2024-05-09,0.0040485607811561,0.0057377447364286,0.0049674784836901,0.0
2024-05-10,0.0033651427909167,0.0012879307078388,0.0037281260579395,0.0
2024-05-13,0.0007487271544757,0.0001365014676028,0.0002655112379239,0.0
2024-05-14,0.0036080240884244,0.0045717700367239,0.0032513511494373,0.0
2024-05-15,0.0097262472167998,0.0123074915288841,0.0098690393217445,0.0
2024-05-16,-0.0023604577379575,-0.0020535661526888,-0.0023444232536425,0.0
2024-05-17,0.0018953698256706,0.0014398574149271,0.0019095369282271,0.0
2024-05-20,-0.0001352674421814,0.0011503950958096,-0.0009400492308866,0.0
2024-05-21,0.0009562581473988,0.0024497619907026,0.0001860009383011,0.0
2024-05-22,-0.0025882887082457,-0.0028905903718557,-0.0026810059398519,0.0
2024-05-23,-0.0105595425070122,-0.0073308327726909,-0.0112625411259238,0.0
2024-05-24,0.0030661774340305,0.0066020815897792,0.0038133954604675,0.0
2024-05-28,-0.0014667332721418,0.0006904090947968,-0.001170191232022,0.0
2024-05-29,-0.0077729699126722,-0.0070221630071687,-0.0079035177316162,0.0
2024-05-30,-0.0054129713320387,-0.0066635919901246,-0.0042130150225025,0.0
2024-05-31,0.0103873364961329,0.0090739983945028,0.0102989538306076,0.0
2024-06-03,-0.000540324009458,0.000808594245281,-0.0009108510747785,0.0
2024-06-04,0.0037994604702261,0.0011155563551109,0.003506192145543,0.0
2024-06-05,0.0079104178082301,0.0118288038056981,0.0077229577418055,0.0
2024-06-06,0.0026246161119119,-1.89971409308896e-05,0.0022710812740353,0.0
2024-06-07,-0.0005775425656877,-0.0012165682873673,-0.0001798593059026,0.0
2024-06-10,0.0011323558482549,0.0030765748971002,0.000397136938517,0.0
2024-06-11,2.2289160751346306e-05,0.0024052814126491,0.0015241709035557,0.0
2024-06-12,0.0024006210817626,0.0081762291171061,0.0031733647827182,0.0
2024-06-13,-0.000559384148231,0.0020242921892304,0.0002716435451864,0.0
2024-06-14,0.0043632388914326,0.0005990041735018,0.0035888850096968,0.0
2024-06-17,0.0050677617864289,0.0079216824167828,0.0053974467735529,0.0
2024-06-18,0.001572994107079,0.0025402607691401,0.0007012879374844,0.0
2024-06-20,0.0019091325124106,-0.0027259342072316,0.0019914465817954,0.0
2024-06-21,0.0011904857305394,-0.0013378674162316,0.0002418616277424,0.0
2024-06-24,-0.0001391938557065,-0.003259242830395,0.0003111794603182,0.0
2024-06-25,-0.0006175357962451,0.0038540715558544,-0.0015768094274432,0.0
2024-06-26,0.003047197565832,0.0012442778758928,0.0036606145513026,0.0
2024-06-27,0.001421735359587,0.0015763367351465,0.0013487779108551,0.0
2024-06-28,-0.0017514633496331,-0.0039362088735898,-0.0019687578142216,0.0
2024-07-01,0.00269186921952,0.0020443063914143,0.0037321569388765,0.0
2024-07-02,0.0083049706808499,0.0067167124259508,0.0062776781305622,0.0
2024-07-03,0.0051271139443329,0.0044528750412437,0.0066762206706824,0.0
2024-07-05,0.0071622888848524,0.0057482995812053,0.0065171571930623,0.0
2024-07-08,-0.0002350301236689,0.0011493520197634,-9.903921424926844e-05,0.0
2024-07-09,0.0011431016534728,0.000965893116108,0.0013174812046187,0.0
2024-07-10,0.0091352680619569,0.0098605112876285,0.0107115662996129,0.0
2024-07-11,-0.0090965211728385,-0.0086590037975063,-0.0092740071088329,0.0
2024-07-12,0.0058516274250104,0.0062752985370588,0.0060648750962434,0.0
2024-07-15,0.0048040531111111,0.0027443775575118,0.0041748311619068,0.0
2024-07-16,0.0094837575323004,0.005914464491903,0.0092283112026032,0.0
2024-07-17,-0.0075124916768057,-0.0141157578468637,-0.0096675499504082,0.0
2024-07-18,-0.0084540942435434,-0.007719368593419,-0.0075612397257671,0.0
2024-07-19,-0.0086096362931659,-0.0066538247510234,-0.0083651215792783,0.0
2024-07-22,0.0102991196239856,0.0102563119833111,0.0097263850997165,0.0
2024-07-23,-0.0011413674796574,-0.0015710635310387,-0.000743955917589,0.0
2024-07-24,-0.0209921103188255,-0.0229312709035806,-0.022002852331151,0.0
2024-07-25,-0.0011849525366124,-0.0052140108369896,-8.432628805304884e-05,0.0
2024-07-26,0.0084497096057726,0.0111264974026285,0.0094508995580529,0.0
2024-07-29,0.0007288551437493,0.0005949061339238,0.0003730244499151,0.0
2024-07-30,-0.0028725876488575,-0.0050866989378464,-0.0032764254849921,0.0
2024-07-31,0.0154243180734098,0.0161393943954032,0.017217073025831,0.0
2024-08-01,-0.0125622448352775,-0.0142731302999901,-0.0140951891280618,0.0
2024-08-02,-0.0164054764216497,-0.0187832525672285,-0.0176935819738434,0.0
2024-08-05,-0.0310511885388244,-0.0295576623162894,-0.0311762572455715,0.0
2024-08-06,0.0103997884317576,0.0091746443404674,0.0096678411385827,0.0
2024-08-07,-0.0058329962322017,-0.0067120221636409,-0.0078923062049279,0.0
2024-08-08,0.0239605159081502,0.0228493151785136,0.0233682753167083,0.0
2024-08-09,0.0040758926127583,0.0043977035322632,0.0036555123499883,0.0
2024-08-12,-0.0007331466328146,0.0005317431805791,0.0005780880564966,0.0
2024-08-13,0.0164642672604981,0.0163079841945065,0.0180931274201083,0.0
2024-08-14,0.0042541462983861,0.003151723467169,0.0043469714663361,0.0
2024-08-15,0.0154167725810442,0.0170035389009592,0.0167313249187867,0.0
2024-08-16,0.0029595588378313,0.0022308376718074,0.0031429748758401,0.0
2024-08-19,0.0090030823228166,0.0095254396765262,0.009601079389544,0.0
2024-08-20,-0.0008369468265012,-0.0016296085304044,-0.0020861967170406,0.0
2024-08-21,0.0026650827845644,0.0034191159897434,0.0022753016270555,0.0
2024-08-22,-0.0088382165096261,-0.0078687741700869,-0.010092468804445,0.0
2024-08-23,0.0122012326392858,0.0105740619490877,0.0133346048779827,0.0
2024-08-26,-0.0009025441622303,-0.0023983205227738,-0.0021291893318311,0.0
2024-08-27,0.0026755896998035,0.0013711731089072,0.002048558813389,0.0
2024-08-28,-0.0061375447275737,-0.005822380110886,-0.0060357757348434,0.0
2024-08-29,0.0009849100301646,9.066922964577616e-05,-0.0003859283844268,0.0
2024-08-30,0.0107097168983133,0.0095107328340487,0.0108617889966541,0.0
2024-09-03,-0.0196094526953526,-0.020798542902864,-0.0217851822893543,0.0
2024-09-04,0.0005422330755511,-0.0020560651966253,-0.0009900847801607,0.0
2024-09-05,-0.0045311296953076,-0.0024286593601265,-0.0037145520180769,0.0
2024-09-06,-0.0191378811367839,-0.0169804183952683,-0.0195492131768638,0.0
2024-09-09,0.0125903857656888,0.0111422803580406,0.0132866537383824,0.0
2024-09-10,0.0029314713594227,0.0043448988138794,0.0047718510278029,0.0
2024-09-11,0.0088100860760238,0.0102052939597809,0.0108803769517317,0.0
2024-09-12,0.0074017424080812,0.0083833152984465,0.0081462025581936,0.0
2024-09-13,0.0045720657506675,0.0052198689833751,0.0038899185976707,0.0
2024-09-16,0.0014951615941562,0.0014761213099562,0.0009048059692208,0.0
2024-09-17,0.0004270050380819,0.0003956621097244,0.0002288344567564,0.0
2024-09-18,-0.0048055900996248,-0.0029712887530974,-0.0036120693953983,0.0
2024-09-19,0.017013422177302,0.0169345546344617,0.0184923020428581,0.0
2024-09-20,-0.0023680573615076,-0.001739223467147,-0.0027191049243973,0.0
2024-09-23,0.0038258746537962,0.0025013983611355,0.0037280400416663,0.0
2024-09-24,0.0054261209944763,0.002848576312034,0.0067482608505918,0.0
2024-09-25,-4.834843308912087e-05,-0.0021932160618586,-0.0003214573509885,0.0
2024-09-26,0.0010071892999813,0.0039408047465963,0.0021136469345593,0.0
2024-09-27,-0.0007933991587192,-0.001447280424887,-0.0008101109114229,0.0
2024-09-30,0.0043257932837351,0.0040013802606272,0.0050114607204758,0.0
2024-10-01,-0.0071591933242741,-0.0089946621134858,-0.0071245206790082,0.0
2024-10-02,-0.0002227389054977,0.0004259321767411,0.0002080258004626,0.0
2024-10-03,-0.0033472617946377,-0.0018292417301588,-0.0024922609221323,0.0
2024-10-04,0.0091747159994783,0.0090424689111858,0.0084319133674369,0.0
2024-10-07,-0.0089396788254654,-0.0090780213065322,-0.0082346669706208,0.0
2024-10-08,0.0095174341715015,0.0094126668055911,0.0085184916050362,0.0
2024-10-09,0.0069635396080654,0.0068968816358922,0.0068849184736074,0.0
2024-10-10,-0.0034802925342178,-0.0017504249248757,-0.001995472512862,0.0
2024-10-11,0.0048269188233877,0.0059738168919532,0.0039433293044373,0.0
2024-10-14,0.0064501570807662,0.0081345680149869,0.0071598529407511,0.0
2024-10-15,-0.0058439490564323,-0.0078037333509445,-0.0066454255146309,0.0
2024-10-16,0.0045583338088006,0.0043429235288294,0.0049752724078482,0.0
2024-10-17,-0.0031328732778923,8.666637783305919e-05,-0.0014830379500295,0.0
2024-10-18,0.0063489024526426,0.0038404365092819,0.0043315763999796,0.0
2024-10-21,-0.0037743512141102,-0.0016416250587075,-0.0021785084527844,0.0
2024-10-22,0.0040007892441284,-0.0005362718853925,0.0024634142754214,0.0
2024-10-23,-0.0074496634016442,-0.0091783633191082,-0.0090173973297903,0.0
2024-10-24,0.0026032451831031,0.0021631059459214,0.0023320602226631,0.0
2024-10-25,-0.0016059592835631,-0.0003485717308766,-0.0006414035774543,0.0
2024-10-28,0.0027521938692322,0.0030980253127049,0.0026277338811539,0.0
2024-10-29,0.0018855920498806,0.0016148219825716,0.0002292163242533,0.0
2024-10-30,-0.0035197553715355,-0.0030408099815837,-0.0037772306007677,0.0
2024-10-31,-0.0153982260839025,-0.0197897495272634,-0.0168457719540403,0.0
2024-11-01,0.0032247147132255,0.0042156786254221,0.0029764634208292,0.0
2024-11-04,-0.0049404262489849,-0.0021587579604887,-0.0042025732218529,0.0
2024-11-05,0.0108917970864799,0.0120084550395648,0.011398923366365,0.0
2024-11-06,0.0244397371283874,0.024566672710488,0.0237434858287809,0.0
2024-11-07,0.0060086114062196,0.0077064133360308,0.0066063449318712,0.0
2024-11-08,0.0071002976937244,0.0043120643785179,0.0058847147942909,0.0
2024-11-11,0.0007150011709501,0.0009613358247636,-0.0003908637274292,0.0
2024-11-12,-0.004404336293705,-0.0031065887990739,-0.0029473382470461,0.0
2024-11-13,8.705705744772085e-05,0.0004733647871183,0.0003498875719599,0.0
2024-11-14,-0.0067942441739523,-0.0064434305168176,-0.0070249638227851,0.0
2024-11-15,-0.0126235228880536,-0.0128921377791579,-0.0119410022552487,0.0
2024-11-18,0.0061630729136797,0.0040927986144361,0.0042085273839308,0.0
2024-11-19,0.0005577685194872,0.0036487325603646,0.0018080488646471,0.0
2024-11-20,0.000557096798328,0.0003419212588658,0.0008334482055283,0.0
2024-11-21,0.0057761508447838,0.0053528937907515,0.0051028356204809,0.0
2024-11-22,0.0033533015391342,0.0030895658445736,0.0042644063120864,0.0
2024-11-25,0.0040945440414885,0.0033841552458598,0.0026114118389327,0.0
2024-11-26,0.0060445438066362,0.0052061074395986,0.0070406182240922,0.0
2024-11-27,-0.0035185696475965,-0.0030293873516072,-0.0039993857187874,0.0
2024-11-29,0.0061871586521979,0.0061836465354121,0.0067155139274975,0.0
2024-12-02,0.0013832483970997,0.001790810443531,0.0014245916533003,0.0
2024-12-03,-0.0001042449882646,0.0004680943629948,0.0001935347567579,0.0
2024-12-04,0.0054034561906082,0.0061982636748236,0.0057778044120107,0.0
2024-12-05,-0.0003822258385986,-0.0016457898932921,-0.0007639647557804,0.0
2024-12-06,0.0045029374467879,0.0018949158775902,0.0026224718203369,0.0
2024-12-09,-0.0068520395044323,-0.0051779512150853,-0.0054429156370873,0.0
2024-12-10,-0.0011721220746538,-0.0031096423894581,-0.0015780389826513,0.0
2024-12-11,0.0076748430232938,0.0077062030681547,0.0065637972798156,0.0
2024-12-12,-0.0042324427695144,-0.0051642681576273,-0.0052066707141787,0.0
2024-12-13,0.0016718446934475,-0.0002004443189098,0.0024052403259088,0.0
2024-12-16,0.0023928139419758,0.0042508211403242,0.0027061215844615,0.0
2024-12-17,-0.0032881725408865,-0.0041171871302697,-0.003074682097244,0.0
2024-12-18,-0.027956014098946,-0.030268603273087,-0.0269208940496017,0.0
2024-12-19,-0.0023244387867167,-0.0002927224065465,-0.0020301170901883,0.0
2024-12-20,0.0104048650101432,0.0119319062462361,0.0100995555746379,0.0
2024-12-23,0.0071723434095995,0.0059721928441456,0.0071887180058293,0.0
2024-12-24,0.0111112075835999,0.0110524386284563,0.0105799525195008,0.0
2024-12-26,-0.0011000300143105,6.691760772049996e-05,-0.0004055247615123,0.0
2024-12-27,-0.0094286095301638,-0.0105781940772617,-0.0097094344430959,0.0
2024-12-30,-0.0109495764716653,-0.0114776682766277,-0.0106020845340007,0.0
2024-12-31,-0.0040910710394431,-0.0036493577033247,-0.0039842396020621,0.0
