date,0
2020-01-02,0.0
2020-01-03,0.0
2020-01-06,0.0
2020-01-07,0.0
2020-01-08,0.0
2020-01-09,0.0
2020-01-10,0.0
2020-01-13,0.0
2020-01-14,0.0
2020-01-15,0.0
2020-01-16,0.0
2020-01-17,0.0
2020-01-21,0.0
2020-01-22,0.0
2020-01-23,0.0
2020-01-24,0.0
2020-01-27,0.0
2020-01-28,0.0
2020-01-29,0.0
2020-01-30,0.0
2020-01-31,0.0
2020-02-03,0.0
2020-02-04,0.0
2020-02-05,0.0
2020-02-06,0.0
2020-02-07,0.0
2020-02-10,0.0
2020-02-11,0.0
2020-02-12,0.0
2020-02-13,0.0
2020-02-14,0.0
2020-02-18,0.0
2020-02-19,0.0
2020-02-20,0.0
2020-02-21,0.0
2020-02-24,0.0
2020-02-25,0.0
2020-02-26,0.0
2020-02-27,0.0
2020-02-28,0.0
2020-03-02,0.0
2020-03-03,0.0
2020-03-04,0.0
2020-03-05,0.0
2020-03-06,0.0
2020-03-09,0.0
2020-03-10,0.0
2020-03-11,0.0
2020-03-12,0.0
2020-03-13,0.0
2020-03-16,0.0
2020-03-17,0.0
2020-03-18,0.0
2020-03-19,0.0
2020-03-20,0.0
2020-03-23,0.0
2020-03-24,0.0
2020-03-25,0.0
2020-03-26,0.0
2020-03-27,0.0
2020-03-30,0.0
2020-03-31,-0.014723505370680722
2020-04-01,-0.04239117103032286
2020-04-02,0.03065905440945198
2020-04-03,-0.018341015803400643
2020-04-06,0.06406048502015765
2020-04-07,-0.006205814767847867
2020-04-08,0.03303487005959025
2020-04-09,0.01109433427233109
2020-04-13,-0.01024887004310175
2020-04-14,0.02814347981943173
2020-04-15,-0.020168467698453454
2020-04-16,0.001482431179571086
2020-04-17,0.02667047956741415
2020-04-20,-0.015935317191479552
2020-04-21,-0.028493841386749975
2020-04-22,0.020638338292022537
2020-04-23,0.003684469370238472
2020-04-24,0.012311879597666163
2020-04-27,0.014190103922555002
2020-04-28,-0.008530199100081494
2020-04-29,0.019747422075946666
2020-04-30,-0.010609775949426145
2020-05-01,-0.026190831596886274
2020-05-04,0.0017150813741915781
2020-05-05,0.007250568511840777
2020-05-06,-0.006138650645462745
2020-05-07,0.004957941446216196
2020-05-08,0.016837317865484133
2020-05-11,-0.0015980881319268261
2020-05-12,-0.018549251034142657
2020-05-13,-0.016737156486030625
2020-05-14,0.013607469195737621
2020-05-15,0.0030544669006391805
2020-05-18,0.03216335353460603
2020-05-19,-0.012532529485575733
2020-05-20,0.015321813648896614
2020-05-21,-0.006592934510673043
2020-05-22,0.0007980606638802802
2020-05-26,0.014721578639999122
2020-05-27,0.01658838439414546
2020-05-28,-0.001117007615257514
2020-05-29,0.004366884748230686
2020-06-01,0.0017451476560839977
2020-06-02,0.008996857284881083
2020-06-03,0.016034310979928176
2020-06-04,-0.0035843384064203542
2020-06-05,0.02503873067971294
2020-06-08,0.0108570664269424
2020-06-09,-0.006778688724768679
2020-06-10,-0.007067622467037399
2020-06-11,-0.061580858679883735
2020-06-12,0.013911071718979266
2020-06-15,0.006154445510923993
2020-06-16,0.02205356706344274
2020-06-17,-0.0037831424741368203
2020-06-18,0.00042747339958350815
2020-06-19,-0.0068236794105256526
2020-06-22,0.0058257260616449555
2020-06-23,0.003643866984219519
2020-06-24,-0.024417883790624567
2020-06-25,0.014462370269223817
2020-06-26,-0.029645274566534013
2020-06-29,0.015333869208725358
2020-06-30,0.014932609954081705
2020-07-01,0.004646375949873561
2020-07-02,0.00588854607530159
2020-07-06,0.018799466320186985
2020-07-07,-0.011241686062644108
2020-07-08,0.007895677426494588
2020-07-09,-0.006736529953840784
2020-07-10,0.015374100229930049
2020-07-13,-0.006893980964078158
2020-07-14,0.016084218872867158
2020-07-15,0.008941721529500873
2020-07-16,-0.0008779134860848166
2020-07-17,0.0023262117479132096
2020-07-20,0.005766553357177076
2020-07-21,0.0035948855477050223
2020-07-22,0.005201212428975801
2020-07-23,-0.008663165878281618
2020-07-24,-0.004982406598617321
2020-07-27,0.007505313288787516
2020-07-28,-0.0055592697074040185
2020-07-29,0.008704451959507626
2020-07-30,-0.009845406771222098
2020-07-31,0.00039133007572097805
2020-08-03,0.005475596792350784
2020-08-04,0.005386614204623074
2020-08-05,0.009979697866422381
2020-08-06,0.005644469837446658
2020-08-07,0.0020465189258336873
2020-08-10,0.0027458600471788825
2020-08-11,-0.0039955607469304546
2020-08-12,0.012903674070489804
2020-08-13,-0.004009537808160173
2020-08-14,-0.0008082608914043097
2020-08-17,0.002234559531574461
2020-08-18,0.0025628593767270886
2020-08-19,-0.0027660080208763336
2020-08-20,0.0031060880753729877
2020-08-21,0.0025741577997885003
2020-08-24,0.010079134899899528
2020-08-25,0.002951961669789688
2020-08-26,0.01134961744298413
2020-08-27,0.0013506530534078882
2020-08-28,0.006622863114581315
2020-08-31,-0.00451083986363896
2020-09-01,0.0059288837028090135
2020-09-02,0.0164564681874778
2020-09-03,-0.030591447146625515
2020-09-04,-0.007076719463838142
2020-09-08,-0.021153130046525626
2020-09-09,0.01847974140731222
2020-09-10,-0.013556108947664399
2020-09-11,0.0062748212253778725
2020-09-14,0.010885917071854536
2020-09-15,0.006660024943877356
2020-09-16,-0.0032281740055905626
2020-09-17,-0.006996477713486181
2020-09-18,-0.0076469591590236355
2020-09-21,-0.014198905867475747
2020-09-22,0.007818089849682214
2020-09-23,-0.020624558897326496
2020-09-24,0.00012721468569383822
2020-09-25,0.011073012871705009
2020-09-28,0.014215988680133549
2020-09-29,-0.0039794012827150645
2020-09-30,0.00830473267858072
2020-10-01,0.00058011330313195
2020-10-02,-0.009117812714661755
2020-10-05,0.01741827473178076
2020-10-06,-0.013665859446297694
2020-10-07,0.01810920533137663
2020-10-08,0.00935397883152094
2020-10-09,0.008153283121069712
2020-10-12,0.013888499114672525
2020-10-13,-0.007919022253078601
2020-10-14,-0.005688080008075789
2020-10-15,-0.0033291655498172965
2020-10-16,0.0028156683678663987
2020-10-19,-0.01655108189307693
2020-10-20,0.005100720131276359
2020-10-21,-0.006017983496294949
2020-10-22,0.006504167380272193
2020-10-23,0.0016494212295194335
2020-10-26,-0.01779270135747583
2020-10-27,-0.004850948291126995
2020-10-28,-0.037260750794379065
2020-10-29,0.014101074618159735
2020-10-30,-0.012294216932525873
2020-11-02,0.015208854100669248
2020-11-03,0.01833853278855132
2020-11-04,0.01454459296195437
2020-11-05,0.020766882890475877
2020-11-06,0.0013833622389112826
2020-11-09,0.011223304175128178
2020-11-10,0.0013126622581146048
2020-11-11,0.007416892686806322
2020-11-12,-0.009765535556031732
2020-11-13,0.010108561188066634
2020-11-16,0.010765263718256068
2020-11-17,-0.002416636960910347
2020-11-18,-0.013995420191250444
2020-11-19,0.004900243841672968
2020-11-20,-0.0062882139098448
2020-11-23,0.008387996959506623
2020-11-24,0.01715561411396126
2020-11-25,-0.0005832129021146484
2020-11-27,0.002535099847931228
2020-11-30,-0.006005194830509281
2020-12-01,0.008405068126811003
2020-12-02,0.0028125741736974735
2020-12-03,-0.001041451981588477
2020-12-04,0.007512154691727544
2020-12-07,-0.0006880306281705189
2020-12-08,0.002029647524210741
2020-12-09,-0.0029059263650382788
2020-12-10,-0.0007644844420567486
2020-12-11,0.0002742235065150676
2020-12-14,-0.004810393435488871
2020-12-15,0.014109144835570492
2020-12-16,-0.001416904837997343
2020-12-17,0.008613122762988756
2020-12-18,-0.0020004295992521867
2020-12-21,-0.003007107873951103
2020-12-22,-0.004303561088037276
2020-12-23,0.0003101895540052572
2020-12-24,0.002833283256389803
2020-12-28,0.008692958304224596
2020-12-29,-0.0023217517593911332
2020-12-30,0.0007209625532279446
2020-12-31,0.006962068934177665
2021-01-04,-0.014693082384165867
2021-01-05,0.005577768334661945
2021-01-06,0.007022505752543666
2021-01-07,0.012858978111111705
2021-01-08,0.005303349567974
2021-01-11,-0.006159150229112792
2021-01-12,-0.0017609204316759595
2021-01-13,0.0034424190557438357
2021-01-14,-0.005188592422689088
2021-01-15,-0.007807259126700391
2021-01-19,0.006302147271897777
2021-01-20,0.015287141107868885
2021-01-21,0.0022153651365125647
2021-01-22,-0.006398430560059107
2021-01-25,0.003015254791699033
2021-01-26,0.0011015875871079077
2021-01-27,-0.0308318273064643
2021-01-28,0.012361096880376597
2021-01-29,-0.019961534143016303
2021-02-01,0.012590048080626387
2021-02-02,0.016144208560878306
2021-02-03,-0.00016041093659749676
2021-02-04,0.012667476706210237
2021-02-05,0.0038718454812649177
2021-02-08,0.006656242046908576
2021-02-09,-0.0012215608778698805
2021-02-10,-0.00272343538335631
2021-02-11,0.0010723149425935835
2021-02-12,0.0026721779603348
2021-02-16,-0.0005020177210007949
2021-02-17,0.0005027705322798037
2021-02-18,-0.004448974659934374
2021-02-19,-0.0032463197481768834
2021-02-22,-0.007016095429410327
2021-02-23,0.0005642458720461253
2021-02-24,0.008685440871472293
2021-02-25,-0.021428423729745814
2021-02-26,-0.0030167312218546565
2021-03-01,0.022083603071002364
2021-03-02,-0.006424981587306007
2021-03-03,-0.013172619345516062
2021-03-04,-0.012966259203261613
2021-03-05,0.016816414767929666
2021-03-08,-0.003948979347830079
2021-03-09,0.015020160830062378
2021-03-10,0.009444818788874173
2021-03-11,0.010273204454883113
2021-03-12,0.001709249969306922
2021-03-15,0.006358200717691318
2021-03-16,0.00162617682527372
2021-03-17,5.250431934778011e-05
2021-03-18,-0.011241345146135364
2021-03-19,-0.0014816891070603931
2021-03-22,0.008880470371577335
2021-03-23,-0.006295874025922938
2021-03-24,-0.005499119437139656
2021-03-25,0.006181767704500664
2021-03-26,0.016111420464633888
2021-03-29,-0.0003219751030293592
2021-03-30,-0.004345332918860092
2021-03-31,0.002453131506247008
2021-04-01,0.009904337387398581
2021-04-05,0.01585642746235752
2021-04-06,-0.0005917193488217324
2021-04-07,0.0025954989658701173
2021-04-08,0.004938553722517855
2021-04-09,0.010979078268719071
2021-04-12,-0.0011596152145415695
2021-04-13,0.0022794428505588096
2021-04-14,-0.00474966803665965
2021-04-15,0.01060500864208113
2021-04-16,0.0056531057530751095
2021-04-19,-0.006121054187140622
2021-04-20,-0.007880459662801721
2021-04-21,0.009297412272227872
2021-04-22,-0.01026207902082487
2021-04-23,0.009138726926542294
2021-04-26,0.00031429455171216923
2021-04-27,0.000873720786754509
2021-04-28,-0.001471894797187599
2021-04-29,0.009341467393922592
2021-04-30,-0.006873412329937761
2021-05-03,0.001530015659879028
2021-05-04,-0.005362171073601258
2021-05-05,-0.000805833973623924
2021-05-06,0.012536195588598031
2021-05-07,0.004729137147694219
2021-05-10,-0.009826816317943902
2021-05-11,-0.008183651673110179
2021-05-12,-0.023526165021871864
2021-05-13,0.013164988078605238
2021-05-14,0.01379950594634651
2021-05-17,-0.0043050473743628005
2021-05-18,-0.008570358942077574
2021-05-19,-0.0024340740063586623
2021-05-20,0.009092978494112114
2021-05-21,-0.001194925521495393
2021-05-24,0.01003386543341794
2021-05-25,-0.00044801117743499297
2021-05-26,0.0014008348534680568
2021-05-27,0.002656533875136863
2021-05-28,0.0017455734426545285
2021-06-01,-0.0022510228011580406
2021-06-02,-0.00015040049851546718
2021-06-03,-0.0050257549134084065
2021-06-04,0.008744557766806233
2021-06-07,-0.0016829783552351216
2021-06-08,-9.89858080916576e-05
2021-06-09,-0.0019895341292180567
2021-06-10,0.003828912416370829
2021-06-11,0.0014183135035511739
2021-06-14,0.0012440078719406895
2021-06-15,-0.004094557125001002
2021-06-16,-0.004853735201868103
2021-06-17,0.00018436890757083017
2021-06-18,-0.012634478940237307
2021-06-21,0.012299117739283176
2021-06-22,0.0052063361975913675
2021-06-23,-0.0020212379580164174
2021-06-24,0.006641581858495905
2021-06-25,0.004209203259147126
2021-06-28,0.002676797032448565
2021-06-29,0.0018856177913178975
2021-06-30,0.0031750751391359036
2021-07-01,0.005103721084629288
2021-07-02,0.0062727716739458235
2021-07-06,-0.0017581798232162963
2021-07-07,0.003706908882274086
2021-07-08,-0.0074864736753649025
2021-07-09,0.011528857499077463
2021-07-12,0.00433717122831213
2021-07-13,-0.002950652699290328
2021-07-14,0.0011368704034913915
2021-07-15,-0.0010222603228424443
2021-07-16,-0.00885548748117666
2021-07-19,-0.01614484383751798
2021-07-20,0.015352595231461761
2021-07-21,0.008874419654427396
2021-07-22,0.00331995481446145
2021-07-23,0.007796512463278535
2021-07-26,0.0037457236861954883
2021-07-27,-0.005375169984201531
2021-07-28,-0.0015839972312548958
2021-07-29,0.0054444130384530545
2021-07-30,-0.0063596700737226265
2021-08-02,-0.0013066775840885412
2021-08-03,0.009244016268717738
2021-08-04,-0.003932750103849853
2021-08-05,0.006292526345517705
2021-08-06,0.0023890255380991415
2021-08-09,-0.0002607056396303541
2021-08-10,0.003168197352133886
2021-08-11,0.0036467401950059505
2021-08-12,0.004234303396575637
2021-08-13,0.0009208743682448585
2021-08-16,0.003177819301127886
2021-08-17,-0.008448599274496134
2021-08-18,-0.011319073684012563
2021-08-19,0.0002819274707338129
2021-08-20,0.0073100846347624775
2021-08-23,0.009217196260261264
2021-08-24,0.0018042276205658973
2021-08-25,0.0019191538960521013
2021-08-26,-0.003493134526649113
2021-08-27,0.007044793568385688
2021-08-30,0.005342561704682418
2021-08-31,-0.0013550441577397836
2021-09-01,-0.0012317610436478304
2021-09-02,0.0035376243989198456
2021-09-03,0.0006318496307060608
2021-09-07,-0.0039130838446383995
2021-09-08,-0.0022440553583418167
2021-09-09,-0.005159330593773083
2021-09-10,-0.006817018008722935
2021-09-13,0.0035828458905830004
2021-09-14,-0.008513195602763304
2021-09-15,0.007652925133698107
2021-09-16,-0.002006484497707676
2021-09-17,-0.006694160070381663
2021-09-20,-0.01826802524343525
2021-09-21,-0.001397142653412074
2021-09-22,0.009608986944277031
2021-09-23,0.013514650026084733
2021-09-24,0.0013720004298779704
2021-09-27,-0.0010230465932336715
2021-09-28,-0.02021987107862981
2021-09-29,0.0016634612631888767
2021-09-30,-0.012700841147272393
2021-10-01,0.013072003009898206
2021-10-04,-0.012909391701426489
2021-10-05,0.011265121776283216
2021-10-06,0.004463816385017321
2021-10-07,0.00878943096383203
2021-10-08,-8.857860112971217e-05
2021-10-11,-0.008139919889231476
2021-10-12,-0.004338823202657385
2021-10-13,0.002823851819678271
2021-10-14,0.016832420455843544
2021-10-15,0.010382943227847542
2021-10-18,0.0031580110231111697
2021-10-19,0.00756137468234376
2021-10-20,0.0026052648052628537
2021-10-21,0.00041141114872798943
2021-10-22,-0.002278620488254895
2021-10-25,0.005467903760535692
2021-10-26,0.0039369530845829205
2021-10-27,-0.0011097139184874164
2021-10-28,0.009518653197535174
2021-10-29,0.0012327114312826407
2021-11-01,0.0017395354940359848
2021-11-02,0.00479018972481017
2021-11-03,0.00460609290323241
2021-11-04,0.0033050402772152104
2021-11-05,0.004166821699159374
2021-11-08,0.0012460303130752992
2021-11-09,-0.004538700785628067
2021-11-10,-0.006919294933338695
2021-11-11,-0.0011278419377073455
2021-11-12,0.00603349125262052
2021-11-15,-0.00047886701238865966
2021-11-16,0.0036031198094468374
2021-11-17,-0.0033180739588029025
2021-11-18,0.0030302507264738836
2021-11-19,-0.0037977581030182277
2021-11-22,5.362490597676351e-05
2021-11-23,0.003763606111207051
2021-11-24,0.003118931900640018
2021-11-26,-0.02307686115827535
2021-11-29,0.011029763402073452
2021-11-30,-0.016212495380861308
2021-12-01,-0.00899028248725099
2021-12-02,0.012690469292380477
2021-12-03,-0.006485176185462709
2021-12-06,0.012480571083878336
2021-12-07,0.018621797944690606
2021-12-08,0.0012302241309299529
2021-12-09,-0.003099400349088963
2021-12-10,0.010834727153836975
2021-12-13,-0.00926838727798555
2021-12-14,-0.004503938986280279
2021-12-15,0.01544213837972597
2021-12-16,-0.0036553811794410133
2021-12-17,-0.01212212039259856
2021-12-20,-0.011148990825913955
2021-12-21,0.016944063558265877
2021-12-22,0.009747311495493717
2021-12-23,0.00620354131947281
2021-12-27,0.012834688959738978
2021-12-28,-0.0005678973622582696
2021-12-29,0.00026120991898365793
2021-12-30,-0.0029097650637892416
2021-12-31,-0.002433054623352206
2022-01-03,0.008293360603548319
2022-01-04,0.001566508454065826
2022-01-05,-0.018054816285835367
2022-01-06,-0.0032502556424595782
2022-01-07,-0.0032267127252586405
2022-01-10,-0.00086453248026215
2022-01-11,0.006893058141621647
2022-01-12,0.002429027933175966
2022-01-13,-0.014712241347966276
2022-01-14,-0.0009159393613350818
2022-01-18,-0.0191284003731026
2022-01-19,-0.008596063312329727
2022-01-20,-0.01011056853844487
2022-01-21,-0.01888839999935275
2022-01-24,0.0016899185063956029
2022-01-25,-0.00939628301828839
2022-01-26,-0.0007445403588960562
2022-01-27,-0.005201861898215216
2022-01-28,0.023778986815387638
2022-01-31,0.019126337946994934
2022-02-01,0.009161869607891225
2022-02-02,0.011579741698680979
2022-02-03,-0.028057796829772875
2022-02-04,0.008322781738845134
2022-02-07,-0.003542676052918883
2022-02-08,0.008293538587825658
2022-02-09,0.012372631176461821
2022-02-10,-0.01764703645230598
2022-02-11,-0.02217965916754029
2022-02-14,-0.0023754036492117034
2022-02-15,0.014428965826121243
2022-02-16,-0.0007869174919325077
2022-02-17,-0.021083570656268424
2022-02-18,-0.006203085604730765
2022-02-22,-0.012041565074391929
2022-02-23,-0.020577686509326516
2022-02-24,0.014567546638708807
2022-02-25,0.021587821552940492
2022-02-28,-0.00026128024030701834
2022-03-01,-0.01600053365307578
2022-03-02,0.017414772774909066
2022-03-03,-0.006053487012754043
2022-03-04,-0.007533929263618246
2022-03-07,-0.029854974743436978
2022-03-08,-0.0077186313397202685
2022-03-09,0.027058218535908774
2022-03-10,-0.005569106748515587
2022-03-11,-0.011771589309461719
2022-03-14,-0.006883981900672221
2022-03-15,0.02308439655709556
2022-03-16,0.022574051702381366
2022-03-17,0.010252338949014214
2022-03-18,0.010984973815198772
2022-03-21,0.00028961013690390405
2022-03-22,0.012242680872545724
2022-03-23,-0.013606993413987696
2022-03-24,0.012970839912200455
2022-03-25,0.0051948377147532
2022-03-28,0.007007128428521436
2022-03-29,0.009362922116835502
2022-03-30,-0.004481706758385961
2022-03-31,-0.015900724677318605
2022-04-01,0.0026486362860395417
2022-04-04,0.006608579285420497
2022-04-05,-0.013388122113440473
2022-04-06,-0.011523839670636872
2022-04-07,0.005276210242656314
2022-04-08,-0.004145624143188525
2022-04-11,-0.016489281325469448
2022-04-12,-0.0038218990398731765
2022-04-13,0.010047087554392537
2022-04-14,-0.010077996422518718
2022-04-18,0.0004158891235467652
2022-04-19,0.015509851882769782
2022-04-20,-0.0014770752419348675
2022-04-21,-0.016466963359602512
2022-04-22,-0.029127406971048767
2022-04-25,0.005094202904753781
2022-04-26,-0.02947433872046723
2022-04-27,0.0009504829127852844
2022-04-28,0.0262853929575656
2022-04-29,-0.03599001152537478
2022-05-02,0.008474663044046937
2022-05-03,0.003108597849165674
2022-05-04,0.0316545022457454
2022-05-05,-0.038335817138623
2022-05-06,-0.006066841131377862
2022-05-09,-0.03102450611042755
2022-05-10,0.0045871346616372126
2022-05-11,-0.014560992711295974
2022-05-12,-0.0013621837784412517
2022-05-13,0.025700560916836382
2022-05-16,-0.0033332851357469745
2022-05-17,0.02129387335923696
2022-05-18,-0.041038138088287976
2022-05-19,-0.011754954947124996
2022-05-20,-0.00219723635855307
2022-05-23,0.01765205926226422
2022-05-24,-0.008698908079287459
2022-05-25,0.008776388357230143
2022-05-26,0.021840351256860634
2022-05-27,0.02608507170584864
2022-05-31,-0.007075396690761705
2022-06-01,-0.003127626165072592
2022-06-02,0.02228367081159088
2022-06-03,-0.01510356093796647
2022-06-06,0.0028537557156664605
2022-06-07,0.009134785126207941
2022-06-08,-0.009684381228193725
2022-06-09,-0.02164846817982592
2022-06-10,-0.031018937804920897
2022-06-13,-0.0375755096457263
2022-06-14,-0.003292078404783382
2022-06-15,0.016845607426697176
2022-06-16,-0.03222866046565301
2022-06-17,0.0003818583502096741
2022-06-21,0.025458807590734493
2022-06-22,-0.0021974339349589873
2022-06-23,0.006917088664889831
2022-06-24,0.03163049489710052
2022-06-27,-0.005057772408022097
2022-06-28,-0.02292731296083953
2022-06-29,-0.0016988054077506556
2022-06-30,-0.008755159191914216
2022-07-01,0.00818487861277091
2022-07-05,0.0010586006296472194
2022-07-06,0.002815233840206133
2022-07-07,0.015927460544874088
2022-07-08,0.00048081382869951094
2022-07-11,-0.01281255652128217
2022-07-12,-0.009218358381286172
2022-07-13,-0.004392498410968845
2022-07-14,-0.0024003560749799226
2022-07-15,0.020191770858525238
2022-07-18,-0.006638902491067855
2022-07-19,0.028923856820469353
2022-07-20,0.006661178704465207
2022-07-21,0.01116675296035191
2022-07-22,-0.011919886118495503
2022-07-25,0.000490999255401236
2022-07-26,-0.015167169974835555
2022-07-27,0.026303482482385267
2022-07-28,0.01159374325119062
2022-07-29,0.013764005738652019
2022-08-01,-0.001999908094910291
2022-08-02,-0.007971617607157259
2022-08-03,0.016242729457952357
2022-08-04,-0.0002768891612241546
2022-08-05,-0.0019651125841152793
2022-08-08,-0.0029777731331098924
2022-08-09,-0.0070398036276216845
2022-08-10,0.021878739335367502
2022-08-11,4.969574520967308e-05
2022-08-12,0.016886492396793
2022-08-15,0.0055501524523357635
2022-08-16,0.0009415069205450636
2022-08-17,-0.008319833727435779
2022-08-18,0.003252893258975774
2022-08-19,-0.014102421395627469
2022-08-22,-0.02144642716525071
2022-08-23,-0.0012968741360510892
2022-08-24,0.002477587381154581
2022-08-25,0.01343996450924146
2022-08-26,-0.035577104606484784
2022-08-29,-0.007368109519721146
2022-08-30,-0.011339852375654094
2022-08-31,-0.008717443289597455
2022-09-01,0.0010921847071893628
2022-09-02,-0.01034308368366754
2022-09-06,-0.004615720056328262
2022-09-07,0.016003147925089063
2022-09-08,0.00691683718226534
2022-09-09,0.015688663535458055
2022-09-12,0.009609193610372433
2022-09-13,-0.046721064937513
2022-09-14,0.005873837028662441
2022-09-15,-0.015377430422077763
2022-09-16,-0.005492033274992318
2022-09-19,0.006815772380278256
2022-09-20,-0.012030789627477093
2022-09-21,-0.0169409404345999
2022-09-22,-0.0073190861075150306
2022-09-23,-0.018284280051230145
2022-09-26,-0.010974395101955583
2022-09-27,-0.001030391843108014
2022-09-28,0.019862485852371863
2022-09-29,-0.019698737396928633
2022-09-30,-0.01710290932598505
2022-10-03,0.023362460430016708
2022-10-04,0.030610699617463953
2022-10-05,-0.0004688695513465099
2022-10-06,-0.009942098286727463
2022-10-07,-0.027171864273670375
2022-10-10,-0.008465010886465249
2022-10-11,-0.008817398916566542
2022-10-12,-0.0009417581859251919
2022-10-13,0.02585117089952595
2022-10-14,-0.022582308286460635
2022-10-17,0.026383454572357922
2022-10-18,0.010190595141924833
2022-10-19,-0.0051913300042650155
2022-10-20,-0.00904467649789575
2022-10-21,0.023164221793063513
2022-10-24,0.010691096117993789
2022-10-25,0.01473921524189387
2022-10-26,-0.006994604559681318
2022-10-27,-0.006770458999137144
2022-10-28,0.022752334453748507
2022-10-31,-0.007409852060402033
2022-11-01,-0.004068207042673413
2022-11-02,-0.02526390347492617
2022-11-03,-0.011836671175255211
2022-11-04,0.014959594738719972
2022-11-07,0.010524124933149605
2022-11-08,0.0056526187463804434
2022-11-09,-0.022008392245386525
2022-11-10,0.054704678402148106
2022-11-11,0.01068586692412567
2022-11-14,-0.005741417432552409
2022-11-15,0.00827018310385802
2022-11-16,-0.007593600854835499
2022-11-17,-0.003780958189265481
2022-11-18,0.0030433967683018677
2022-11-21,-0.004057902102531199
2022-11-22,0.01429961987175329
2022-11-23,0.00855603292213915
2022-11-25,0.0002788498808170442
2022-11-28,-0.01335469901734783
2022-11-29,-0.0030405532671144383
2022-11-30,0.03353830712792441
2022-12-01,-0.002893583281544767
2022-12-02,-0.002593220216713464
2022-12-05,-0.019947231643024203
2022-12-06,-0.015733519502326394
2022-12-07,-0.002238380304970205
2022-12-08,0.00906520253095791
2022-12-09,-0.005249400081452048
2022-12-12,0.0129075355270823
2022-12-13,0.0076241463614915425
2022-12-14,-0.005987099408848867
2022-12-15,-0.025162013133311862
2022-12-16,-0.011315324144336824
2022-12-19,-0.009613110423652645
2022-12-20,-0.0015236696684061035
2022-12-21,0.014389319587116402
2022-12-22,-0.015121093308162309
2022-12-23,0.005516872037849461
2022-12-27,-0.007281499638736887
2022-12-28,-0.0099681723712731
2022-12-29,0.017704449900886775
2022-12-30,-0.002186646721607999
2023-01-03,-0.0028704857724614914
2023-01-04,0.00676492095341939
2023-01-05,-0.013109624371400137
2023-01-06,0.02103409189871041
2023-01-09,0.002445656213699896
2023-01-10,0.006745522732485321
2023-01-11,0.012247407904974392
2023-01-12,0.004866597164905614
2023-01-13,0.0043167241951395366
2023-01-17,-0.001135761300267096
2023-01-18,-0.01681806134470361
2023-01-19,-0.006897286082038656
2023-01-20,0.018927793716507445
2023-01-23,0.012710016153115589
2023-01-24,-0.0013519071265586707
2023-01-25,-0.0023734901618215434
2023-01-26,0.011012518693594188
2023-01-27,0.002028515663189371
2023-01-30,-0.011360237983769802
2023-01-31,0.013537881151662544
2023-02-01,0.011801305344247205
2023-02-02,0.012735082187056058
2023-02-03,-0.011085062621798283
2023-02-06,-0.0030343814464473804
2023-02-07,0.011946870863530686
2023-02-08,-0.01127683397234759
2023-02-09,-0.007192910955889123
2023-02-10,0.0009714029533122144
2023-02-13,0.01167102236067379
2023-02-14,-0.000501422161833368
2023-02-15,0.002289769941712633
2023-02-16,-0.014889304622187625
2023-02-17,-0.0010594953914772902
2023-02-21,-0.020794634331219263
2023-02-22,-0.0012710274390794246
2023-02-23,0.00485616707324662
2023-02-24,-0.00970711746148036
2023-02-27,0.004487173215601977
2023-02-28,-0.0034270529322615296
2023-03-01,-0.005044360425579953
2023-03-02,0.010422509325179696
2023-03-03,0.015916988966517238
2023-03-06,0.0026632511750582623
2023-03-07,-0.01421510154315129
2023-03-08,0.00047494240468405613
2023-03-09,-0.017661957419071277
2023-03-10,-0.011924375191706318
2023-03-13,-0.0020584679646764824
2023-03-14,0.01786974408059744
2023-03-15,-0.005977847910544302
2023-03-16,0.016905740579624733
2023-03-17,-0.010425802667446426
2023-03-20,0.008368537758926294
2023-03-21,0.013133735516374064
2023-03-22,-0.014794141700984382
2023-03-23,0.00600970537013684
2023-03-24,0.003197683148785993
2023-03-27,0.00331578848026559
2023-03-28,-0.0025032818007487832
2023-03-29,0.011356128355452405
2023-03-30,0.005246304368124762
2023-03-31,0.013282391709681972
2023-04-03,0.005153754250449891
2023-04-04,-0.003235771750929331
2023-04-05,-0.0022567521165686
2023-04-06,0.0021779983782370233
2023-04-10,0.0006047515710481333
2023-04-11,-0.0006810638955918591
2023-04-12,-0.0036901091689027937
2023-04-13,0.015370624844935742
2023-04-14,-0.0025938018341132157
2023-04-17,0.0034295454750457284
2023-04-18,0.0012422293344698857
2023-04-19,-0.0019872787975639
2023-04-20,-0.007367966797240157
2023-04-21,0.0026304352145161223
2023-04-24,0.0014883551312718688
2023-04-25,-0.015432476458929444
2023-04-26,-0.006529758958130321
2023-04-27,0.017649579745978278
2023-04-28,0.008126683617046496
2023-05-01,-0.0010381602085451796
2023-05-02,-0.01152610147338789
2023-05-03,-0.00715767310539276
2023-05-04,-0.007492603884982496
2023-05-05,0.015760440727744032
2023-05-08,0.000808077198105233
2023-05-09,-0.0030842845692305044
2023-05-10,0.004859667502904103
2023-05-11,-0.00042567232930000104
2023-05-12,-0.001643966649820658
2023-05-15,0.0023498258758308612
2023-05-16,-0.005056994047702822
2023-05-17,0.012611030439453328
2023-05-18,0.010213710395708652
2023-05-19,-0.00048150142958107575
2023-05-22,-0.0030514661536174283
2023-05-23,-0.008282175286324576
2023-05-24,-0.0048283761033567464
2023-05-25,0.006593636718483632
2023-05-26,0.017077282728195087
2023-05-30,-0.00015495765208447387
2023-05-31,-0.0032827674744814296
2023-06-01,0.00628796829270021
2023-06-02,0.013510352181247154
2023-06-05,-0.003968770989705698
2023-06-06,0.0011728029285087763
2023-06-07,-0.0026916805924100404
2023-06-08,0.007824232321044967
2023-06-09,0.002274375544958472
2023-06-12,0.009740903845696322
2023-06-13,0.0061232492896507815
2023-06-14,0.0007444658187151169
2023-06-15,0.012025270240166032
2023-06-16,-0.003776598408569856
2023-06-20,-0.004799809337880176
2023-06-21,-0.00576114411368279
2023-06-22,0.0035589639147121832
2023-06-23,-0.007416929265693431
2023-06-26,-0.004852744198696918
2023-06-27,0.008491789194411443
2023-06-28,-0.0003567058491764792
2023-06-29,0.006072891951758607
2023-06-30,0.010725491315448215
2023-07-03,0.0017134161258777856
2023-07-05,-0.0017516780815906524
2023-07-06,-0.010237190220851455
2023-07-07,-0.004427912576589657
2023-07-10,0.0033173772742169398
2023-07-11,0.0065837750249592986
2023-07-12,0.006809565696950637
2023-07-13,0.007183387873680637
2023-07-14,-0.0004005677553233271
2023-07-17,0.0017162695538026867
2023-07-18,0.007007954200722329
2023-07-19,0.004535218437184635
2023-07-20,-0.0038039603849146886
2023-07-21,0.0020779346122344203
2023-07-24,0.005113149941951061
2023-07-25,-0.0004266989245186239
2023-07-26,0.0008697800663622429
2023-07-27,-0.006555375826739096
2023-07-28,0.010342973767505375
2023-07-31,0.0014107951817006383
2023-08-01,-0.0020245478048017316
2023-08-02,-0.01273652233199363
2023-08-03,-0.0017524514503057319
2023-08-04,-0.0038940837393449113
2023-08-07,0.009351902248251049
2023-08-08,-0.004702632248679862
2023-08-09,-0.00771127107268267
2023-08-10,0.0021491993414087867
2023-08-11,-0.00037438438822075704
2023-08-14,0.00619101783248282
2023-08-15,-0.011232878945392603
2023-08-16,-0.008013705304817285
2023-08-17,-0.005360395307980648
2023-08-18,0.0001391528269814683
2023-08-21,0.006134445957968841
2023-08-22,-0.0032812126369224084
2023-08-23,0.010836852106578209
2023-08-24,-0.013985057900410361
2023-08-25,0.008299828498125926
2023-08-28,0.006324385447309509
2023-08-29,0.013460596452128186
2023-08-30,0.0036270012580525346
2023-08-31,0.0004625909346961151
2023-09-01,0.0006553030818775805
2023-09-05,-0.005084060776687723
2023-09-06,-0.0068761408904535635
2023-09-07,-0.0008288455909861177
2023-09-08,0.0007945811834884943
2023-09-11,0.005479054902725992
2023-09-12,-0.004790010968775896
2023-09-13,0.001788492891707112
2023-09-14,0.0076195967724698496
2023-09-15,-0.012165775147078603
2023-09-18,0.00019823912735419906
2023-09-19,-0.0018118273110741166
2023-09-20,-0.009498856079875998
2023-09-21,-0.01657049816404104
2023-09-22,-0.0025288557231265946
2023-09-25,0.0036013338771552082
2023-09-26,-0.01477783733091627
2023-09-27,-0.001698319261214815
2023-09-28,0.003627346342117493
2023-09-29,-0.0019053651293068383
2023-10-02,0.0019712950931673927
2023-10-03,-0.01158963129936212
2023-10-04,0.0059113237651554585
2023-10-05,-0.005561920314067077
2023-10-06,0.008876508518746839
2023-10-09,0.005226693726696445
2023-10-10,0.00552514000547281
2023-10-11,0.0024469450822915233
2023-10-12,-0.005438863867271436
2023-10-13,-0.004276589680676125
2023-10-16,0.010061792346869335
2023-10-17,-0.0003857951598432594
2023-10-18,-0.013630074697651684
2023-10-19,-0.004714904032374961
2023-10-20,-0.011286371631091642
2023-10-23,-0.002876481123317063
2023-10-24,0.006870815301980932
2023-10-25,-0.015446395909516708
2023-10-26,-0.01217993078503721
2023-10-27,-0.0025450067339885525
2023-10-30,0.01677556257783225
2023-10-31,0.00531249545704075
2023-11-01,0.010823071297007573
2023-11-02,0.015810445724594405
2023-11-03,0.007345120456514893
2023-11-06,0.0007020596065192192
2023-11-07,0.0039051465542098386
2023-11-08,-0.0010961128110322557
2023-11-09,-0.007897389659749484
2023-11-10,0.015608830821106458
2023-11-13,-0.001381710352053998
2023-11-14,0.016876244884013066
2023-11-15,0.004729687461376014
2023-11-16,-0.000851562852694505
2023-11-17,0.0013205809865775675
2023-11-20,0.007342718243604657
2023-11-21,-0.0001225553010366433
2023-11-22,0.004215193288158877
2023-11-24,0.0017200824375443525
2023-11-27,-0.0026443320255107837
2023-11-28,0.0019645220790548844
2023-11-29,-0.0017123509166022592
2023-11-30,0.005625076560655588
2023-12-01,0.0032763826383460292
2023-12-04,-0.005338001410302858
2023-12-05,-0.000317188180004293
2023-12-06,-0.004372485517682965
2023-12-07,0.007559719453075371
2023-12-08,0.0029669499546068285
2023-12-11,0.0053118083639226415
2023-12-12,0.006818064198852271
2023-12-13,0.007686076920670705
2023-12-14,0.0021334571013440374
2023-12-15,0.0027644788914651017
2023-12-18,0.00636919359326044
2023-12-19,0.005514348869472175
2023-12-20,-0.014103348113627234
2023-12-21,0.00823793318762308
2023-12-22,0.001844365105639061
2023-12-26,0.003828661379483213
2023-12-27,0.0016766106417704435
2023-12-28,-0.0005837179461520042
2023-12-29,-0.002244780557606865
2024-01-02,-0.005665187206631931
2024-01-03,-0.007420677112239597
2024-01-04,-0.0020166366555505275
2024-01-05,0.0018893340014885579
2024-01-08,0.012180771942638302
2024-01-09,-0.001988052999312231
2024-01-10,0.006544338925176541
2024-01-11,-0.00124085374302063
2024-01-12,-0.0004580271714450993
2024-01-16,-0.003129057889200494
2024-01-17,-0.004982485533057948
2024-01-18,0.008798024844492078
2024-01-19,0.012953938045398506
2024-01-22,0.002223226622266487
2024-01-23,0.0030701141311405273
2024-01-24,0.0017666861950463878
2024-01-25,0.005372646855282312
2024-01-26,0.00024159056669351256
2024-01-29,0.008818907127339567
2024-01-30,0.001711468725124541
2024-01-31,-0.01676215002375932
2024-02-01,0.01093901608798657
2024-02-02,0.00796378367305134
2024-02-05,-0.00326833483842187
2024-02-06,0.0025087478810095244
2024-02-07,0.005905634256937568
2024-02-08,-0.0002837948120795965
2024-02-09,0.0049278221490514475
2024-02-12,-0.0013849330007860406
2024-02-13,-0.012571338512330724
2024-02-14,0.009007644627688894
2024-02-15,0.005160847915861039
2024-02-16,-0.006081827725325381
2024-02-20,-0.005815621016340483
2024-02-21,0.002523901714915581
2024-02-22,0.018612895471361055
2024-02-23,0.0015748190658014599
2024-02-26,-0.00384479778146167
2024-02-27,0.001167053480103123
2024-02-28,-2.4673711546378796e-05
2024-02-29,0.004895204847646612
2024-03-01,0.005852468540759643
2024-03-04,-0.002494869986499993
2024-03-05,-0.00939010294989865
2024-03-06,0.0033804780616906722
2024-03-07,0.0069844283944209785
2024-03-08,-0.005675681096561274
2024-03-11,8.865767872917867e-05
2024-03-12,0.009396970218180367
2024-03-13,-0.0022602495022857254
2024-03-14,-0.0028679563138473466
2024-03-15,-0.009706841076748084
2024-03-18,0.007145844312329274
2024-03-19,0.0047755967267413095
2024-03-20,0.008421890194956788
2024-03-21,0.00012821554887421788
2024-03-22,-0.0033357614219283955
2024-03-25,-0.003735110979486057
2024-03-26,-0.002617965190827326
2024-03-27,0.009127276857674126
2024-03-28,0.0010501727170070458
2024-04-01,-0.004723051926147882
2024-04-02,-0.007304230690151345
2024-04-03,-0.0006983088762268216
2024-04-04,-0.012120766237644276
2024-04-05,0.008767241759173193
2024-04-08,-0.0011639717278463743
2024-04-09,0.0025666218432322525
2024-04-10,-0.010446086794060389
2024-04-11,0.006201671695716323
2024-04-12,-0.012493460721810769
2024-04-15,-0.010780413674438298
2024-04-16,-0.0023055071855786653
2024-04-17,-0.003106355397314251
2024-04-18,-0.00032132435891237253
2024-04-19,-0.004902428933151512
2024-04-22,0.006013526814357268
2024-04-23,0.01128269177103031
2024-04-24,-0.0008738898472766524
2024-04-25,-0.006573107428558625
2024-04-26,0.006189407287269192
2024-04-29,0.0038792065445359116
2024-04-30,-0.015121694597351007
2024-05-01,-0.0035357790294891864
2024-05-02,0.00837074551480102
2024-05-03,0.012245163666257292
2024-05-06,0.007923103105282459
2024-05-07,0.0008101227868722517
2024-05-08,0.00214858347586065
2024-05-09,0.004967478483690181
2024-05-10,0.0037281260579395056
2024-05-13,0.0002655112379239837
2024-05-14,0.00325135114943735
2024-05-15,0.009869039321744532
2024-05-16,-0.0023444232536425362
2024-05-17,0.0019095369282271656
2024-05-20,-0.0009400492308866098
2024-05-21,0.00018600093830114497
2024-05-22,-0.002681005939851933
2024-05-23,-0.011262541125923837
2024-05-24,0.0038133954604675888
2024-05-28,-0.0011701912320220458
2024-05-29,-0.007903517731616265
2024-05-30,-0.004213015022502559
2024-05-31,0.010298953830607678
2024-06-03,-0.0009108510747785884
2024-06-04,0.0035061921455430407
2024-06-05,0.007722957741805567
2024-06-06,0.002271081274035394
2024-06-07,-0.00017985930590263071
2024-06-10,0.00039713693851700974
2024-06-11,0.0015241709035557485
2024-06-12,0.0031733647827182237
2024-06-13,0.0002716435451864185
2024-06-14,0.0035888850096968145
2024-06-17,0.005397446773552903
2024-06-18,0.0007012879374844231
2024-06-20,0.001991446581795412
2024-06-21,0.00024186162774240025
2024-06-24,0.00031117946031826064
2024-06-25,-0.001576809427443273
2024-06-26,0.0036606145513026532
2024-06-27,0.0013487779108551112
2024-06-28,-0.001968757814221667
2024-07-01,0.0037321569388765546
2024-07-02,0.006277678130562294
2024-07-03,0.006676220670682425
2024-07-05,0.0065171571930623725
2024-07-08,-9.903921424926843e-05
2024-07-09,0.00131748120461872
2024-07-10,0.010711566299612976
2024-07-11,-0.009274007108832997
2024-07-12,0.00606487509624349
2024-07-15,0.004174831161906884
2024-07-16,0.009228311202603255
2024-07-17,-0.00966754995040824
2024-07-18,-0.007561239725767175
2024-07-19,-0.008365121579278378
2024-07-22,0.009726385099716527
2024-07-23,-0.0007439559175890862
2024-07-24,-0.02200285233115104
2024-07-25,-8.432628805304884e-05
2024-07-26,0.009450899558052946
2024-07-29,0.0003730244499151968
2024-07-30,-0.0032764254849921718
2024-07-31,0.017217073025831017
2024-08-01,-0.01409518912806189
2024-08-02,-0.017693581973843426
2024-08-05,-0.031176257245571503
2024-08-06,0.009667841138582748
2024-08-07,-0.007892306204927925
2024-08-08,0.02336827531670831
2024-08-09,0.003655512349988323
2024-08-12,0.0005780880564966942
2024-08-13,0.018093127420108317
2024-08-14,0.0043469714663361275
2024-08-15,0.016731324918786723
2024-08-16,0.00314297487584011
2024-08-19,0.009601079389544066
2024-08-20,-0.0020861967170406792
2024-08-21,0.002275301627055532
2024-08-22,-0.010092468804445044
2024-08-23,0.013334604877982718
2024-08-26,-0.0021291893318311386
2024-08-27,0.0020485588133890256
2024-08-28,-0.006035775734843404
2024-08-29,-0.00038592838442688237
2024-08-30,0.010861788996654185
2024-09-03,-0.021785182289354388
2024-09-04,-0.000990084780160772
2024-09-05,-0.0037145520180769677
2024-09-06,-0.01954921317686383
2024-09-09,0.01328665373838244
2024-09-10,0.004771851027802997
2024-09-11,0.010880376951731704
2024-09-12,0.008146202558193654
2024-09-13,0.0038899185976707658
2024-09-16,0.0009048059692208593
2024-09-17,0.00022883445675646698
2024-09-18,-0.003612069395398311
2024-09-19,0.01849230204285818
2024-09-20,-0.002719104924397356
2024-09-23,0.0037280400416663077
2024-09-24,0.006748260850591859
2024-09-25,-0.0003214573509885665
2024-09-26,0.0021136469345593625
2024-09-27,-0.0008101109114229874
2024-09-30,0.0050114607204758506
2024-10-01,-0.007124520679008224
2024-10-02,0.0002080258004626283
2024-10-03,-0.0024922609221323514
2024-10-04,0.008431913367436988
2024-10-07,-0.008234666970620893
2024-10-08,0.008518491605036226
2024-10-09,0.006884918473607431
2024-10-10,-0.0019954725128620548
2024-10-11,0.003943329304437339
2024-10-14,0.007159852940751162
2024-10-15,-0.006645425514630953
2024-10-16,0.004975272407848252
2024-10-17,-0.0014830379500295361
2024-10-18,0.004331576399979636
2024-10-21,-0.0021785084527844653
2024-10-22,0.0024634142754214744
2024-10-23,-0.009017397329790374
2024-10-24,0.0023320602226631786
2024-10-25,-0.0006414035774543622
2024-10-28,0.0026277338811539455
2024-10-29,0.00022921632425333905
2024-10-30,-0.0037772306007677163
2024-10-31,-0.016845771954040384
2024-11-01,0.00297646342082922
2024-11-04,-0.004202573221852995
2024-11-05,0.011398923366365055
2024-11-06,0.023743485828780945
2024-11-07,0.006606344931871251
2024-11-08,0.005884714794290952
2024-11-11,-0.0003908637274292685
2024-11-12,-0.002947338247046188
2024-11-13,0.00034988757195998383
2024-11-14,-0.007024963822785198
2024-11-15,-0.011941002255248752
2024-11-18,0.004208527383930817
2024-11-19,0.0018080488646471512
2024-11-20,0.0008334482055283889
2024-11-21,0.005102835620480989
2024-11-22,0.004264406312086466
2024-11-25,0.00261141183893279
2024-11-26,0.00704061822409228
2024-11-27,-0.003999385718787428
2024-11-29,0.0067155139274975165
2024-12-02,0.0014245916533003453
2024-12-03,0.00019353475675798804
2024-12-04,0.005777804412010786
2024-12-05,-0.000763964755780477
2024-12-06,0.002622471820336988
2024-12-09,-0.005442915637087356
2024-12-10,-0.0015780389826513144
2024-12-11,0.006563797279815675
2024-12-12,-0.005206670714178796
2024-12-13,0.0024052403259088315
2024-12-16,0.002706121584461554
2024-12-17,-0.0030746820972440457
2024-12-18,-0.026920894049601705
2024-12-19,-0.002030117090188398
2024-12-20,0.010099555574637927
2024-12-23,0.007188718005829382
2024-12-24,0.010579952519500864
2024-12-26,-0.00040552476151230275
2024-12-27,-0.00970943444309596
2024-12-30,-0.010602084534000798
2024-12-31,-0.003984239602062128
